{"type":"FeatureCollection","crs":{"type":"name","properties":{"name":"EPSG:4326"}},"features":[{"type":"Feature","id":12664,"geometry":{"type":"Polygon","coordinates":[[[-111.51239151,-70.820380128],[-108.105984881,-70.623149047],[-106.808925109,-70.530163446],[-104.687496689,-70.3560151149999],[-104.260437285,-70.8912323489999],[-103.813017815,-71.4256257599999],[-103.343458146,-71.959127795],[-102.849770057,-72.491662643],[-105.211887077,-72.68031295],[-106.660369185,-72.7805442379999],[-110.476866816,-72.990875344],[-110.752690608,-72.448615897],[-111.016540167,-71.906102979],[-111.269463571,-71.363352939],[-111.51239151,-70.820380128]]]},"properties":{"fid":12664,"track":149,"frame":142,"dates":"2025-10-03, 2025-10-15, 2025-10-27, 2025-11-08, 2025-11-20, 2025-12-02, 2025-12-14, 2025-12-26, 2026-01-07, 2026-01-19, 2026-01-31, 2026-02-12, 2026-02-24, 2026-03-08, 2026-03-20, 2026-04-01, 2026-04-13, 2026-04-25, 2026-05-07, 2026-05-19, 2026-05-31, 2026-06-12, 2026-06-24, 2026-07-06, 2026-07-18, 2026-07-30, 2026-08-11, 2026-08-23, 2026-09-04, 2026-09-16, 2026-09-28, 2026-10-10, 2026-10-22, 2026-11-03, 2026-11-15, 2026-11-27, 2026-12-09, 2026-12-21","acquisition_time":"13:44:04","date_mode_popup":"2025-10-03 | 150,153\n2025-10-15 | 150,153\n2025-10-27 | 150,153\n2025-11-08 | 150,153\n2025-11-20 | 150,153\n2025-12-02 | 150,153\n2025-12-14 | 150,153\n2025-12-26 | 150,153\n2026-01-07 | 150,153\n2026-01-19 | 150,153\n2026-01-31 | 150,153\n2026-02-12 | 150,153\n2026-02-24 | 150,153\n2026-03-08 | 150,153\n2026-03-20 | 150,153\n2026-04-01 | 150,153\n2026-04-13 | 150,153\n2026-04-25 | 150,153\n2026-05-07 | 150,153\n2026-05-19 | 150,153\n2026-05-31 | 150,153\n2026-06-12 | 150,153\n2026-06-24 | 150,153\n2026-07-06 | 150,153\n2026-07-18 | 150,153\n2026-07-30 | 150,153\n2026-08-11 | 150,153\n2026-08-23 | 150,153\n2026-09-04 | 150,153\n2026-09-16 | 150,153\n2026-09-28 | 150,153\n2026-10-10 | 150,153\n2026-10-22 | 150,153\n2026-11-03 | 150,153\n2026-11-15 | 150,153\n2026-11-27 | 150,153\n2026-12-09 | 150,153\n2026-12-21 | 150,153","producerifg":1,"producerunw":1,"produceroff":1,"producegunw":1,"producegoff":1,"producerslc":1,"producegslc":1,"producegcov":1,"producesmst":0,"passdirection":"Ascending","unique_radar_mode_list":"150, 153","unique_radar_mode_mnemonic_list":"L:SCI:SH:77M+---:HS:B4:D02, L:SCI:SV:05W+---:FS:B4:D09","number_combos":1,"mode_change":"no","radar_mode_combination_1":"150,153","radar_mode_combination_2":null,"radar_mode_combination_3":null,"radar_mode_combination_4":null,"radar_mode_combination_5":null,"radar_mode_combination_6":null,"radar_mode_combination_7":null,"radar_mode_combination_8":null,"radar_mode_combination_9":null,"radar_mode_mnemonic_combination_1":"L:SCI:SH:77M+---:HS:B4:D02,L:SCI:SV:05W+---:FS:B4:D09","radar_mode_mnemonic_combination_2":null,"radar_mode_mnemonic_combination_3":null,"radar_mode_mnemonic_combination_4":null,"radar_mode_mnemonic_combination_5":null,"radar_mode_mnemonic_combination_6":null,"radar_mode_mnemonic_combination_7":null,"radar_mode_mnemonic_combination_8":null,"radar_mode_mnemonic_combination_9":null,"date_cycle_popup":"2025-10-03 | Cycle A\n2025-10-15 | Cycle A\n2025-10-27 | Cycle A\n2025-11-08 | Cycle A\n2025-11-20 | Cycle A\n2025-12-02 | Cycle A\n2025-12-14 | Cycle A\n2025-12-26 | Cycle A\n2026-01-07 | Cycle A\n2026-01-19 | Cycle A\n2026-01-31 | Cycle A\n2026-02-12 | Cycle A\n2026-02-24 | Cycle A\n2026-03-08 | Cycle A\n2026-03-20 | Cycle A\n2026-04-01 | Cycle A\n2026-04-13 | Cycle A\n2026-04-25 | Cycle A\n2026-05-07 | Cycle A\n2026-05-19 | Cycle A\n2026-05-31 | Cycle A\n2026-06-12 | Cycle A\n2026-06-24 | Cycle A\n2026-07-06 | Cycle A\n2026-07-18 | Cycle A\n2026-07-30 | Cycle A\n2026-08-11 | Cycle A\n2026-08-23 | Cycle A\n2026-09-04 | Cycle A\n2026-09-16 | Cycle A\n2026-09-28 | Cycle A\n2026-10-10 | Cycle A\n2026-10-22 | Cycle A\n2026-11-03 | Cycle A\n2026-11-15 | Cycle A\n2026-11-27 | Cycle A\n2026-12-09 | Cycle A\n2026-12-21 | Cycle A","mixed_mode":"yes","l_band":"yes","ls_band":"no","s_band":"no","SH":1,"SV":1,"DH":0,"DV":0,"QP":0,"CP":0,"QD":0,"QQ":0,"bw_40":"no","bw_20":"no","bw_77":"yes","bw_max_5":"yes","visualization":"F1","Shape__Area":642473715644.9375,"Shape__Length":3207768.0129881566,"tracks":149,"frames":142}},{"type":"Feature","id":3913,"geometry":{"type":"Polygon","coordinates":[[[-88.447904465,-76.0592996939999],[-88.845005971,-76.601271987],[-89.269203185,-77.1427450479999],[-94.23547197,-76.8903033619999],[-96.099400381,-76.7679557659999],[-99.108876133,-76.536222295],[-98.327235146,-76.0130153709999],[-97.596801534,-75.487781417],[-96.912373109,-74.9607275069999],[-96.2694078499999,-74.432033165],[-93.6352019349999,-74.638097498],[-92.013722644,-74.747176975],[-87.7233083409999,-74.974050257],[-88.074870812,-75.516878233],[-88.447904465,-76.0592996939999]]]},"properties":{"fid":3913,"track":54,"frame":126,"dates":"2025-09-26, 2025-10-08, 2025-10-20, 2025-11-01, 2025-11-13, 2025-11-25, 2025-12-07, 2025-12-19, 2025-12-31, 2026-01-12, 2026-01-24, 2026-02-05, 2026-02-17, 2026-03-01, 2026-03-13, 2026-03-25, 2026-04-06, 2026-04-18, 2026-04-30, 2026-05-12, 2026-05-24, 2026-06-05, 2026-06-17, 2026-06-29, 2026-07-11, 2026-07-23, 2026-08-04, 2026-08-16, 2026-08-28, 2026-09-09, 2026-09-21, 2026-10-03, 2026-10-15, 2026-10-27, 2026-11-08, 2026-11-20, 2026-12-02, 2026-12-14, 2026-12-26","acquisition_time":"23:26:12","date_mode_popup":"2025-09-26 | 150,151\n2025-10-08 | 150,151\n2025-10-20 | 150,151\n2025-11-01 | 150,151\n2025-11-13 | 150,151\n2025-11-25 | 150,151\n2025-12-07 | 150,151\n2025-12-19 | 150,151\n2025-12-31 | 150,151\n2026-01-12 | 150,151\n2026-01-24 | 150,151\n2026-02-05 | 150,151\n2026-02-17 | 150,151\n2026-03-01 | 150,151\n2026-03-13 | 150,151\n2026-03-25 | 150,151\n2026-04-06 | 150,151\n2026-04-18 | 150,151\n2026-04-30 | 150,151\n2026-05-12 | 150,151\n2026-05-24 | 150,151\n2026-06-05 | 150,151\n2026-06-17 | 150,151\n2026-06-29 | 150,151\n2026-07-11 | 150,151\n2026-07-23 | 150,151\n2026-08-04 | 150,151\n2026-08-16 | 150,151\n2026-08-28 | 150,151\n2026-09-09 | 150,151\n2026-09-21 | 150,151\n2026-10-03 | 150,151\n2026-10-15 | 150,151\n2026-10-27 | 150,151\n2026-11-08 | 150,151\n2026-11-20 | 150,151\n2026-12-02 | 150,151\n2026-12-14 | 150,151\n2026-12-26 | 150,151","producerifg":1,"producerunw":1,"produceroff":1,"producegunw":1,"producegoff":1,"producerslc":1,"producegslc":1,"producegcov":1,"producesmst":0,"passdirection":"Descending","unique_radar_mode_list":"150, 151","unique_radar_mode_mnemonic_list":"L:SCI:SH:40M+05N:FS:B4:D02, L:SCI:SH:77M+---:HS:B4:D02","number_combos":1,"mode_change":"no","radar_mode_combination_1":"150,151","radar_mode_combination_2":null,"radar_mode_combination_3":null,"radar_mode_combination_4":null,"radar_mode_combination_5":null,"radar_mode_combination_6":null,"radar_mode_combination_7":null,"radar_mode_combination_8":null,"radar_mode_combination_9":null,"radar_mode_mnemonic_combination_1":"L:SCI:SH:77M+---:HS:B4:D02,L:SCI:SH:40M+05N:FS:B4:D02","radar_mode_mnemonic_combination_2":null,"radar_mode_mnemonic_combination_3":null,"radar_mode_mnemonic_combination_4":null,"radar_mode_mnemonic_combination_5":null,"radar_mode_mnemonic_combination_6":null,"radar_mode_mnemonic_combination_7":null,"radar_mode_mnemonic_combination_8":null,"radar_mode_mnemonic_combination_9":null,"date_cycle_popup":"2025-09-26 | Cycle A\n2025-10-08 | Cycle A\n2025-10-20 | Cycle A\n2025-11-01 | Cycle A\n2025-11-13 | Cycle A\n2025-11-25 | Cycle A\n2025-12-07 | Cycle A\n2025-12-19 | Cycle A\n2025-12-31 | Cycle A\n2026-01-12 | Cycle A\n2026-01-24 | Cycle A\n2026-02-05 | Cycle A\n2026-02-17 | Cycle A\n2026-03-01 | Cycle A\n2026-03-13 | Cycle A\n2026-03-25 | Cycle A\n2026-04-06 | Cycle A\n2026-04-18 | Cycle A\n2026-04-30 | Cycle A\n2026-05-12 | Cycle A\n2026-05-24 | Cycle A\n2026-06-05 | Cycle A\n2026-06-17 | Cycle A\n2026-06-29 | Cycle A\n2026-07-11 | Cycle A\n2026-07-23 | Cycle A\n2026-08-04 | Cycle A\n2026-08-16 | Cycle A\n2026-08-28 | Cycle A\n2026-09-09 | Cycle A\n2026-09-21 | Cycle A\n2026-10-03 | Cycle A\n2026-10-15 | Cycle A\n2026-10-27 | Cycle A\n2026-11-08 | Cycle A\n2026-11-20 | Cycle A\n2026-12-02 | Cycle A\n2026-12-14 | Cycle A\n2026-12-26 | Cycle A","mixed_mode":"yes","l_band":"yes","ls_band":"no","s_band":"no","SH":1,"SV":0,"DH":0,"DV":0,"QP":0,"CP":0,"QD":0,"QQ":0,"bw_40":"yes","bw_20":"no","bw_77":"yes","bw_max_5":"no","visualization":"F1","Shape__Area":1060574859650.6719,"Shape__Length":4121879.7816169783,"tracks":54,"frames":126}},{"type":"Feature","id":1251,"geometry":{"type":"Polygon","coordinates":[[[-83.29292122,-74.536927897],[-83.6355287809999,-75.090532958],[-87.95759524,-74.862498071],[-89.590543574,-74.752807805],[-92.2426659449999,-74.5455522139999],[-91.6179540269999,-74.00544235],[-91.029226077,-73.463906083],[-90.4731351349999,-72.921073481],[-89.946726916,-72.377058725],[-87.5990452509999,-72.564807628],[-86.159685901,-72.66458478],[-82.368017989,-72.8740805749999],[-82.660884863,-73.428674113],[-82.968652102,-73.982965086],[-83.29292122,-74.536927897]]]},"properties":{"fid":1251,"track":25,"frame":125,"dates":"2025-09-24, 2025-10-06, 2025-10-18, 2025-10-30, 2025-11-11, 2025-11-23, 2025-12-05, 2025-12-17, 2025-12-29, 2026-01-10, 2026-01-22, 2026-02-03, 2026-02-15, 2026-02-27, 2026-03-11, 2026-03-23, 2026-04-04, 2026-04-16, 2026-04-28, 2026-05-10, 2026-05-22, 2026-06-03, 2026-06-15, 2026-06-27, 2026-07-09, 2026-07-21, 2026-08-02, 2026-08-14, 2026-08-26, 2026-09-07, 2026-09-19, 2026-10-01, 2026-10-13, 2026-10-25, 2026-11-06, 2026-11-18, 2026-11-30, 2026-12-12, 2026-12-24","acquisition_time":"23:09:36","date_mode_popup":"2025-09-24 | 150\n2025-10-06 | 150\n2025-10-18 | 150\n2025-10-30 | 150\n2025-11-11 | 150\n2025-11-23 | 150\n2025-12-05 | 150\n2025-12-17 | 150\n2025-12-29 | 150\n2026-01-10 | 150\n2026-01-22 | 150\n2026-02-03 | 150\n2026-02-15 | 150\n2026-02-27 | 150\n2026-03-11 | 150\n2026-03-23 | 150\n2026-04-04 | 150\n2026-04-16 | 150\n2026-04-28 | 150\n2026-05-10 | 150\n2026-05-22 | 150\n2026-06-03 | 150\n2026-06-15 | 150\n2026-06-27 | 150\n2026-07-09 | 150\n2026-07-21 | 150\n2026-08-02 | 150\n2026-08-14 | 150\n2026-08-26 | 150\n2026-09-07 | 150\n2026-09-19 | 150\n2026-10-01 | 150\n2026-10-13 | 150\n2026-10-25 | 150\n2026-11-06 | 150\n2026-11-18 | 150\n2026-11-30 | 150\n2026-12-12 | 150\n2026-12-24 | 150","producerifg":1,"producerunw":1,"produceroff":1,"producegunw":1,"producegoff":1,"producerslc":1,"producegslc":1,"producegcov":1,"producesmst":0,"passdirection":"Descending","unique_radar_mode_list":"150","unique_radar_mode_mnemonic_list":"L:SCI:SH:77M+---:HS:B4:D02","number_combos":1,"mode_change":"no","radar_mode_combination_1":"150","radar_mode_combination_2":null,"radar_mode_combination_3":null,"radar_mode_combination_4":null,"radar_mode_combination_5":null,"radar_mode_combination_6":null,"radar_mode_combination_7":null,"radar_mode_combination_8":null,"radar_mode_combination_9":null,"radar_mode_mnemonic_combination_1":"L:SCI:SH:77M+---:HS:B4:D02","radar_mode_mnemonic_combination_2":null,"radar_mode_mnemonic_combination_3":null,"radar_mode_mnemonic_combination_4":null,"radar_mode_mnemonic_combination_5":null,"radar_mode_mnemonic_combination_6":null,"radar_mode_mnemonic_combination_7":null,"radar_mode_mnemonic_combination_8":null,"radar_mode_mnemonic_combination_9":null,"date_cycle_popup":"2025-09-24 | Cycle A\n2025-10-06 | Cycle A\n2025-10-18 | Cycle A\n2025-10-30 | Cycle A\n2025-11-11 | Cycle A\n2025-11-23 | Cycle A\n2025-12-05 | Cycle A\n2025-12-17 | Cycle A\n2025-12-29 | Cycle A\n2026-01-10 | Cycle A\n2026-01-22 | Cycle A\n2026-02-03 | Cycle A\n2026-02-15 | Cycle A\n2026-02-27 | Cycle A\n2026-03-11 | Cycle A\n2026-03-23 | Cycle A\n2026-04-04 | Cycle A\n2026-04-16 | Cycle A\n2026-04-28 | Cycle A\n2026-05-10 | Cycle A\n2026-05-22 | Cycle A\n2026-06-03 | Cycle A\n2026-06-15 | Cycle A\n2026-06-27 | Cycle A\n2026-07-09 | Cycle A\n2026-07-21 | Cycle A\n2026-08-02 | Cycle A\n2026-08-14 | Cycle A\n2026-08-26 | Cycle A\n2026-09-07 | Cycle A\n2026-09-19 | Cycle A\n2026-10-01 | Cycle A\n2026-10-13 | Cycle A\n2026-10-25 | Cycle A\n2026-11-06 | Cycle A\n2026-11-18 | Cycle A\n2026-11-30 | Cycle A\n2026-12-12 | Cycle A\n2026-12-24 | Cycle A","mixed_mode":"no","l_band":"yes","ls_band":"no","s_band":"no","SH":1,"SV":0,"DH":0,"DV":0,"QP":0,"CP":0,"QD":0,"QQ":0,"bw_40":"no","bw_20":"no","bw_77":"yes","bw_max_5":"no","visualization":"F0","Shape__Area":829446915976.9375,"Shape__Length":3644238.0243135053,"tracks":25,"frames":125}},{"type":"Feature","id":14433,"geometry":{"type":"Polygon","coordinates":[[[-79.1329156529999,-74.5370396439999],[-79.475601073,-75.090648159],[-83.797551315,-74.862581975],[-85.430452658,-74.752880834],[-88.08249532,-74.54560872],[-87.4577148509999,-74.0054977619999],[-86.868922917,-73.463960072],[-86.312772132,-72.92112575],[-85.786307833,-72.377109007],[-83.4386940489999,-72.56487206],[-81.9993751809999,-72.664658504],[-78.20780962,-72.874180998],[-78.5007394959999,-73.428778455],[-78.80857417,-73.983073207],[-79.1329156529999,-74.5370396439999]]]},"properties":{"fid":14433,"track":169,"frame":125,"dates":"2025-10-04, 2025-10-16, 2025-10-28, 2025-11-09, 2025-11-21, 2025-12-03, 2025-12-15, 2025-12-27, 2026-01-08, 2026-01-20, 2026-02-01, 2026-02-13, 2026-02-25, 2026-03-09, 2026-03-21, 2026-04-02, 2026-04-14, 2026-04-26, 2026-05-08, 2026-05-20, 2026-06-01, 2026-06-13, 2026-06-25, 2026-07-07, 2026-07-19, 2026-07-31, 2026-08-12, 2026-08-24, 2026-09-05, 2026-09-17, 2026-09-29, 2026-10-11, 2026-10-23, 2026-11-04, 2026-11-16, 2026-11-28, 2026-12-10, 2026-12-22","acquisition_time":"22:52:48","date_mode_popup":"2025-10-04 | 246\n2025-10-16 | 246\n2025-10-28 | 246\n2025-11-09 | 246\n2025-11-21 | 246\n2025-12-03 | 246\n2025-12-15 | 246\n2025-12-27 | 246\n2026-01-08 | 246\n2026-01-20 | 246\n2026-02-01 | 220\n2026-02-13 | 220\n2026-02-25 | 246\n2026-03-09 | 246\n2026-03-21 | 246\n2026-04-02 | 246\n2026-04-14 | 246\n2026-04-26 | 246\n2026-05-08 | 246\n2026-05-20 | 246\n2026-06-01 | 246\n2026-06-13 | 246\n2026-06-25 | 246\n2026-07-07 | 246\n2026-07-19 | 246\n2026-07-31 | 220\n2026-08-12 | 220\n2026-08-24 | 246\n2026-09-05 | 246\n2026-09-17 | 246\n2026-09-29 | 246\n2026-10-11 | 246\n2026-10-23 | 246\n2026-11-04 | 246\n2026-11-16 | 246\n2026-11-28 | 246\n2026-12-10 | 246\n2026-12-22 | 246","producerifg":1,"producerunw":1,"produceroff":1,"producegunw":1,"producegoff":1,"producerslc":1,"producegslc":1,"producegcov":1,"producesmst":0,"passdirection":"Descending","unique_radar_mode_list":"220, 246","unique_radar_mode_mnemonic_list":"L:SCI:SH:77M+---:HS:B4:D02  S:--:SH:37W:B4, L:SCI:SH:77M+---:HS:B4:D02  S:DB:CP:25W:B4","number_combos":2,"mode_change":"yes","radar_mode_combination_1":"246","radar_mode_combination_2":"220","radar_mode_combination_3":null,"radar_mode_combination_4":null,"radar_mode_combination_5":null,"radar_mode_combination_6":null,"radar_mode_combination_7":null,"radar_mode_combination_8":null,"radar_mode_combination_9":null,"radar_mode_mnemonic_combination_1":"L:SCI:SH:77M+---:HS:B4:D02  S:--:SH:37W:B4","radar_mode_mnemonic_combination_2":"L:SCI:SH:77M+---:HS:B4:D02  S:DB:CP:25W:B4","radar_mode_mnemonic_combination_3":null,"radar_mode_mnemonic_combination_4":null,"radar_mode_mnemonic_combination_5":null,"radar_mode_mnemonic_combination_6":null,"radar_mode_mnemonic_combination_7":null,"radar_mode_mnemonic_combination_8":null,"radar_mode_mnemonic_combination_9":null,"date_cycle_popup":"2025-10-04 | Cycle A\n2025-10-16 | Cycle A\n2025-10-28 | Cycle A\n2025-11-09 | Cycle A\n2025-11-21 | Cycle A\n2025-12-03 | Cycle A\n2025-12-15 | Cycle A\n2025-12-27 | Cycle A\n2026-01-08 | Cycle A\n2026-01-20 | Cycle A\n2026-02-01 | Cycle B\n2026-02-13 | Cycle B\n2026-02-25 | Cycle A\n2026-03-09 | Cycle A\n2026-03-21 | Cycle A\n2026-04-02 | Cycle A\n2026-04-14 | Cycle A\n2026-04-26 | Cycle A\n2026-05-08 | Cycle A\n2026-05-20 | Cycle A\n2026-06-01 | Cycle A\n2026-06-13 | Cycle A\n2026-06-25 | Cycle A\n2026-07-07 | Cycle A\n2026-07-19 | Cycle A\n2026-07-31 | Cycle B\n2026-08-12 | Cycle B\n2026-08-24 | Cycle A\n2026-09-05 | Cycle A\n2026-09-17 | Cycle A\n2026-09-29 | Cycle A\n2026-10-11 | Cycle A\n2026-10-23 | Cycle A\n2026-11-04 | Cycle A\n2026-11-16 | Cycle A\n2026-11-28 | Cycle A\n2026-12-10 | Cycle A\n2026-12-22 | Cycle A","mixed_mode":"no","l_band":"yes","ls_band":"yes","s_band":"no","SH":1,"SV":0,"DH":0,"DV":0,"QP":0,"CP":0,"QD":0,"QQ":0,"bw_40":"no","bw_20":"no","bw_77":"yes","bw_max_5":"no","visualization":"S0","Shape__Area":829443028028.03906,"Shape__Length":3644228.5649027578,"tracks":169,"frames":125}},{"type":"Feature","id":5287,"geometry":{"type":"Polygon","coordinates":[[[-105.223965725,-78.680251324],[-105.803680999,-79.2300503069999],[-111.653568902,-78.941587199],[-113.825601668,-78.801100755],[-117.299754588,-78.534951081],[-116.234670302,-78.011801213],[-115.252710996,-77.4853282],[-114.344241994,-76.955928839],[-113.501000011,-76.423939852],[-110.514337546,-76.65403073],[-108.665299251,-76.775520752],[-103.741006669,-77.0262809239999],[-104.198265988,-77.5782717229999],[-104.690877647,-78.1296238589999],[-105.223965725,-78.680251324]]]},"properties":{"fid":5287,"track":69,"frame":127,"dates":"2025-09-28, 2025-10-10, 2025-10-22, 2025-11-03, 2025-11-15, 2025-11-27, 2025-12-09, 2025-12-21, 2026-01-02, 2026-01-14, 2026-01-26, 2026-02-07, 2026-02-19, 2026-03-03, 2026-03-15, 2026-03-27, 2026-04-08, 2026-04-20, 2026-05-02, 2026-05-14, 2026-05-26, 2026-06-07, 2026-06-19, 2026-07-01, 2026-07-13, 2026-07-25, 2026-08-06, 2026-08-18, 2026-08-30, 2026-09-11, 2026-09-23, 2026-10-05, 2026-10-17, 2026-10-29, 2026-11-10, 2026-11-22, 2026-12-04, 2026-12-16, 2026-12-28","acquisition_time":"00:25:00","date_mode_popup":"2025-09-28 | 246\n2025-10-10 | 246\n2025-10-22 | 246\n2025-11-03 | 246\n2025-11-15 | 246\n2025-11-27 | 246\n2025-12-09 | 246\n2025-12-21 | 246\n2026-01-02 | 246\n2026-01-14 | 246\n2026-01-26 | 246\n2026-02-07 | 220\n2026-02-19 | 220\n2026-03-03 | 246\n2026-03-15 | 246\n2026-03-27 | 246\n2026-04-08 | 246\n2026-04-20 | 246\n2026-05-02 | 246\n2026-05-14 | 246\n2026-05-26 | 246\n2026-06-07 | 246\n2026-06-19 | 246\n2026-07-01 | 246\n2026-07-13 | 246\n2026-07-25 | 246\n2026-08-06 | 220\n2026-08-18 | 220\n2026-08-30 | 246\n2026-09-11 | 246\n2026-09-23 | 246\n2026-10-05 | 246\n2026-10-17 | 246\n2026-10-29 | 246\n2026-11-10 | 246\n2026-11-22 | 246\n2026-12-04 | 246\n2026-12-16 | 246\n2026-12-28 | 246","producerifg":1,"producerunw":1,"produceroff":1,"producegunw":1,"producegoff":1,"producerslc":1,"producegslc":1,"producegcov":1,"producesmst":0,"passdirection":"Descending","unique_radar_mode_list":"220, 246","unique_radar_mode_mnemonic_list":"L:SCI:SH:77M+---:HS:B4:D02  S:--:SH:37W:B4, L:SCI:SH:77M+---:HS:B4:D02  S:DB:CP:25W:B4","number_combos":2,"mode_change":"yes","radar_mode_combination_1":"246","radar_mode_combination_2":"220","radar_mode_combination_3":null,"radar_mode_combination_4":null,"radar_mode_combination_5":null,"radar_mode_combination_6":null,"radar_mode_combination_7":null,"radar_mode_combination_8":null,"radar_mode_combination_9":null,"radar_mode_mnemonic_combination_1":"L:SCI:SH:77M+---:HS:B4:D02  S:--:SH:37W:B4","radar_mode_mnemonic_combination_2":"L:SCI:SH:77M+---:HS:B4:D02  S:DB:CP:25W:B4","radar_mode_mnemonic_combination_3":null,"radar_mode_mnemonic_combination_4":null,"radar_mode_mnemonic_combination_5":null,"radar_mode_mnemonic_combination_6":null,"radar_mode_mnemonic_combination_7":null,"radar_mode_mnemonic_combination_8":null,"radar_mode_mnemonic_combination_9":null,"date_cycle_popup":"2025-09-28 | Cycle A\n2025-10-10 | Cycle A\n2025-10-22 | Cycle A\n2025-11-03 | Cycle A\n2025-11-15 | Cycle A\n2025-11-27 | Cycle A\n2025-12-09 | Cycle A\n2025-12-21 | Cycle A\n2026-01-02 | Cycle A\n2026-01-14 | Cycle A\n2026-01-26 | Cycle A\n2026-02-07 | Cycle B\n2026-02-19 | Cycle B\n2026-03-03 | Cycle A\n2026-03-15 | Cycle A\n2026-03-27 | Cycle A\n2026-04-08 | Cycle A\n2026-04-20 | Cycle A\n2026-05-02 | Cycle A\n2026-05-14 | Cycle A\n2026-05-26 | Cycle A\n2026-06-07 | Cycle A\n2026-06-19 | Cycle A\n2026-07-01 | Cycle A\n2026-07-13 | Cycle A\n2026-07-25 | Cycle A\n2026-08-06 | Cycle B\n2026-08-18 | Cycle B\n2026-08-30 | Cycle A\n2026-09-11 | Cycle A\n2026-09-23 | Cycle A\n2026-10-05 | Cycle A\n2026-10-17 | Cycle A\n2026-10-29 | Cycle A\n2026-11-10 | Cycle A\n2026-11-22 | Cycle A\n2026-12-04 | Cycle A\n2026-12-16 | Cycle A\n2026-12-28 | Cycle A","mixed_mode":"no","l_band":"yes","ls_band":"yes","s_band":"no","SH":1,"SV":0,"DH":0,"DV":0,"QP":0,"CP":0,"QD":0,"QQ":0,"bw_40":"no","bw_20":"no","bw_77":"yes","bw_max_5":"no","visualization":"S0","Shape__Area":1470332071158.6406,"Shape__Length":4853023.0505259829,"tracks":69,"frames":127}},{"type":"Feature","id":15372,"geometry":{"type":"Polygon","coordinates":[[[-138.739207158,-74.53747175],[-139.063676146,-73.9834883789999],[-139.371629023,-73.429176147],[-139.664668772,-72.8745606969999],[-135.873190493,-72.664959375],[-134.433912512,-72.565143631],[-132.086374524,-72.377333584],[-131.55978068,-72.9213624829999],[-131.003490993,-73.464208087],[-130.41454982,-74.005756113],[-129.789608663,-74.545876382],[-132.44159321,-74.753203915],[-134.074468236,-74.8629393379999],[-138.3963838,-75.091096616],[-138.739207158,-74.53747175]]]},"properties":{"fid":15372,"track":6,"frame":141,"dates":"2025-10-05, 2025-10-17, 2025-10-29, 2025-11-10, 2025-11-22, 2025-12-04, 2025-12-16, 2025-12-28, 2026-01-09, 2026-01-21, 2026-02-02, 2026-02-14, 2026-02-26, 2026-03-10, 2026-03-22, 2026-04-03, 2026-04-15, 2026-04-27, 2026-05-09, 2026-05-21, 2026-06-02, 2026-06-14, 2026-06-26, 2026-07-08, 2026-07-20, 2026-08-01, 2026-08-13, 2026-08-25, 2026-09-06, 2026-09-18, 2026-09-30, 2026-10-12, 2026-10-24, 2026-11-05, 2026-11-17, 2026-11-29, 2026-12-11, 2026-12-23","acquisition_time":"15:38:36, 15:38:40","date_mode_popup":"2025-10-05 | 150,153\n2025-10-17 | 150,153\n2025-10-29 | 150,153\n2025-11-10 | 150,153\n2025-11-22 | 150,153\n2025-12-04 | 150,153\n2025-12-16 | 150,153\n2025-12-28 | 150,153\n2026-01-09 | 150,153\n2026-01-21 | 150,153\n2026-02-02 | 150,153\n2026-02-14 | 150,153\n2026-02-26 | 246,153\n2026-03-10 | 246,153\n2026-03-22 | 150,153\n2026-04-03 | 150,153\n2026-04-15 | 150,153\n2026-04-27 | 150,153\n2026-05-09 | 150,153\n2026-05-21 | 150,153\n2026-06-02 | 150,153\n2026-06-14 | 150,153\n2026-06-26 | 150,153\n2026-07-08 | 150,153\n2026-07-20 | 150,153\n2026-08-01 | 150,153\n2026-08-13 | 150,153\n2026-08-25 | 246,153\n2026-09-06 | 246,153\n2026-09-18 | 150,153\n2026-09-30 | 150,153\n2026-10-12 | 150,153\n2026-10-24 | 150,153\n2026-11-05 | 150,153\n2026-11-17 | 150,153\n2026-11-29 | 150,153\n2026-12-11 | 150,153\n2026-12-23 | 150,153","producerifg":1,"producerunw":1,"produceroff":1,"producegunw":1,"producegoff":1,"producerslc":1,"producegslc":1,"producegcov":1,"producesmst":0,"passdirection":"Ascending","unique_radar_mode_list":"150, 153, 246","unique_radar_mode_mnemonic_list":"L:SCI:SH:77M+---:HS:B4:D02, L:SCI:SH:77M+---:HS:B4:D02  S:--:SH:37W:B4, L:SCI:SV:05W+---:FS:B4:D09","number_combos":2,"mode_change":"yes","radar_mode_combination_1":"150,153","radar_mode_combination_2":"246,153","radar_mode_combination_3":null,"radar_mode_combination_4":null,"radar_mode_combination_5":null,"radar_mode_combination_6":null,"radar_mode_combination_7":null,"radar_mode_combination_8":null,"radar_mode_combination_9":null,"radar_mode_mnemonic_combination_1":"L:SCI:SH:77M+---:HS:B4:D02,L:SCI:SV:05W+---:FS:B4:D09","radar_mode_mnemonic_combination_2":"L:SCI:SH:77M+---:HS:B4:D02  S:--:SH:37W:B4,L:SCI:SV:05W+---:FS:B4:D09","radar_mode_mnemonic_combination_3":null,"radar_mode_mnemonic_combination_4":null,"radar_mode_mnemonic_combination_5":null,"radar_mode_mnemonic_combination_6":null,"radar_mode_mnemonic_combination_7":null,"radar_mode_mnemonic_combination_8":null,"radar_mode_mnemonic_combination_9":null,"date_cycle_popup":"2025-10-05 | Cycle A\n2025-10-17 | Cycle A\n2025-10-29 | Cycle A\n2025-11-10 | Cycle A\n2025-11-22 | Cycle A\n2025-12-04 | Cycle A\n2025-12-16 | Cycle A\n2025-12-28 | Cycle A\n2026-01-09 | Cycle A\n2026-01-21 | Cycle A\n2026-02-02 | Cycle A\n2026-02-14 | Cycle A\n2026-02-26 | Cycle B\n2026-03-10 | Cycle B\n2026-03-22 | Cycle A\n2026-04-03 | Cycle A\n2026-04-15 | Cycle A\n2026-04-27 | Cycle A\n2026-05-09 | Cycle A\n2026-05-21 | Cycle A\n2026-06-02 | Cycle A\n2026-06-14 | Cycle A\n2026-06-26 | Cycle A\n2026-07-08 | Cycle A\n2026-07-20 | Cycle A\n2026-08-01 | Cycle A\n2026-08-13 | Cycle A\n2026-08-25 | Cycle B\n2026-09-06 | Cycle B\n2026-09-18 | Cycle A\n2026-09-30 | Cycle A\n2026-10-12 | Cycle A\n2026-10-24 | Cycle A\n2026-11-05 | Cycle A\n2026-11-17 | Cycle A\n2026-11-29 | Cycle A\n2026-12-11 | Cycle A\n2026-12-23 | Cycle A","mixed_mode":"yes","l_band":"yes","ls_band":"yes","s_band":"no","SH":1,"SV":1,"DH":0,"DV":0,"QP":0,"CP":0,"QD":0,"QQ":0,"bw_40":"no","bw_20":"no","bw_77":"yes","bw_max_5":"yes","visualization":"S1","Shape__Area":829490042387.42188,"Shape__Length":3644330.8880306962,"tracks":6,"frames":141}},{"type":"Feature","id":1340,"geometry":{"type":"Polygon","coordinates":[[[-109.652421876,-76.600791466],[-110.076488202,-77.142251979],[-115.042316624,-76.889881373],[-116.906100552,-76.76756439],[-119.915368322,-76.535884788],[-119.133896019,-76.012683912],[-118.403617415,-75.487456909],[-117.719331813,-74.9604107499999],[-117.076498494,-74.431724862],[-114.4424712,-74.637743192],[-112.82111226,-74.746796591],[-108.531053247,-74.973609298],[-108.882515335,-75.5164238099999],[-109.255439725,-76.058832071],[-109.652421876,-76.600791466]]]},"properties":{"fid":1340,"track":26,"frame":126,"dates":"2025-09-25, 2025-10-07, 2025-10-19, 2025-10-31, 2025-11-12, 2025-11-24, 2025-12-06, 2025-12-18, 2025-12-30, 2026-01-11, 2026-01-23, 2026-02-04, 2026-02-16, 2026-02-28, 2026-03-12, 2026-03-24, 2026-04-05, 2026-04-17, 2026-04-29, 2026-05-11, 2026-05-23, 2026-06-04, 2026-06-16, 2026-06-28, 2026-07-10, 2026-07-22, 2026-08-03, 2026-08-15, 2026-08-27, 2026-09-08, 2026-09-20, 2026-10-02, 2026-10-14, 2026-10-26, 2026-11-07, 2026-11-19, 2026-12-01, 2026-12-13, 2026-12-25","acquisition_time":"00:49:48","date_mode_popup":"2025-09-25 | 246\n2025-10-07 | 246\n2025-10-19 | 246\n2025-10-31 | 246\n2025-11-12 | 246\n2025-11-24 | 246\n2025-12-06 | 246\n2025-12-18 | 246\n2025-12-30 | 246\n2026-01-11 | 246\n2026-01-23 | 246\n2026-02-04 | 220\n2026-02-16 | 220\n2026-02-28 | 246\n2026-03-12 | 246\n2026-03-24 | 246\n2026-04-05 | 246\n2026-04-17 | 246\n2026-04-29 | 246\n2026-05-11 | 246\n2026-05-23 | 246\n2026-06-04 | 246\n2026-06-16 | 246\n2026-06-28 | 246\n2026-07-10 | 246\n2026-07-22 | 246\n2026-08-03 | 220\n2026-08-15 | 220\n2026-08-27 | 246\n2026-09-08 | 246\n2026-09-20 | 246\n2026-10-02 | 246\n2026-10-14 | 246\n2026-10-26 | 246\n2026-11-07 | 246\n2026-11-19 | 246\n2026-12-01 | 246\n2026-12-13 | 246\n2026-12-25 | 246","producerifg":1,"producerunw":1,"produceroff":1,"producegunw":1,"producegoff":1,"producerslc":1,"producegslc":1,"producegcov":1,"producesmst":0,"passdirection":"Descending","unique_radar_mode_list":"220, 246","unique_radar_mode_mnemonic_list":"L:SCI:SH:77M+---:HS:B4:D02  S:--:SH:37W:B4, L:SCI:SH:77M+---:HS:B4:D02  S:DB:CP:25W:B4","number_combos":2,"mode_change":"yes","radar_mode_combination_1":"246","radar_mode_combination_2":"220","radar_mode_combination_3":null,"radar_mode_combination_4":null,"radar_mode_combination_5":null,"radar_mode_combination_6":null,"radar_mode_combination_7":null,"radar_mode_combination_8":null,"radar_mode_combination_9":null,"radar_mode_mnemonic_combination_1":"L:SCI:SH:77M+---:HS:B4:D02  S:--:SH:37W:B4","radar_mode_mnemonic_combination_2":"L:SCI:SH:77M+---:HS:B4:D02  S:DB:CP:25W:B4","radar_mode_mnemonic_combination_3":null,"radar_mode_mnemonic_combination_4":null,"radar_mode_mnemonic_combination_5":null,"radar_mode_mnemonic_combination_6":null,"radar_mode_mnemonic_combination_7":null,"radar_mode_mnemonic_combination_8":null,"radar_mode_mnemonic_combination_9":null,"date_cycle_popup":"2025-09-25 | Cycle A\n2025-10-07 | Cycle A\n2025-10-19 | Cycle A\n2025-10-31 | Cycle A\n2025-11-12 | Cycle A\n2025-11-24 | Cycle A\n2025-12-06 | Cycle A\n2025-12-18 | Cycle A\n2025-12-30 | Cycle A\n2026-01-11 | Cycle A\n2026-01-23 | Cycle A\n2026-02-04 | Cycle B\n2026-02-16 | Cycle B\n2026-02-28 | Cycle A\n2026-03-12 | Cycle A\n2026-03-24 | Cycle A\n2026-04-05 | Cycle A\n2026-04-17 | Cycle A\n2026-04-29 | Cycle A\n2026-05-11 | Cycle A\n2026-05-23 | Cycle A\n2026-06-04 | Cycle A\n2026-06-16 | Cycle A\n2026-06-28 | Cycle A\n2026-07-10 | Cycle A\n2026-07-22 | Cycle A\n2026-08-03 | Cycle B\n2026-08-15 | Cycle B\n2026-08-27 | Cycle A\n2026-09-08 | Cycle A\n2026-09-20 | Cycle A\n2026-10-02 | Cycle A\n2026-10-14 | Cycle A\n2026-10-26 | Cycle A\n2026-11-07 | Cycle A\n2026-11-19 | Cycle A\n2026-12-01 | Cycle A\n2026-12-13 | Cycle A\n2026-12-25 | Cycle A","mixed_mode":"no","l_band":"yes","ls_band":"yes","s_band":"no","SH":1,"SV":0,"DH":0,"DV":0,"QP":0,"CP":0,"QD":0,"QQ":0,"bw_40":"no","bw_20":"no","bw_77":"yes","bw_max_5":"no","visualization":"S0","Shape__Area":1060415527168.9688,"Shape__Length":4121568.4329660772,"tracks":26,"frames":126}},{"type":"Feature","id":11917,"geometry":{"type":"Polygon","coordinates":[[[-103.143525016,-78.680334955],[-103.723278289,-79.230137957],[-109.573217003,-78.9416616029999],[-111.745264007,-78.8011698],[-115.219434248,-78.535011079],[-114.154305584,-78.0118587699999],[-113.172306321,-77.485383049],[-112.26380118,-76.9559807269999],[-111.420526426,-76.423988576],[-108.433850241,-76.654086742],[-106.584801523,-76.775581063],[-101.660474223,-77.02635186],[-102.117760971,-77.578346982],[-102.610403048,-78.129703361],[-103.143525016,-78.680334955]]]},"properties":{"fid":11917,"track":141,"frame":127,"dates":"2025-10-03, 2025-10-15, 2025-10-27, 2025-11-08, 2025-11-20, 2025-12-02, 2025-12-14, 2025-12-26, 2026-01-07, 2026-01-19, 2026-01-31, 2026-02-12, 2026-02-24, 2026-03-08, 2026-03-20, 2026-04-01, 2026-04-13, 2026-04-25, 2026-05-07, 2026-05-19, 2026-05-31, 2026-06-12, 2026-06-24, 2026-07-06, 2026-07-18, 2026-07-30, 2026-08-11, 2026-08-23, 2026-09-04, 2026-09-16, 2026-09-28, 2026-10-10, 2026-10-22, 2026-11-03, 2026-11-15, 2026-11-27, 2026-12-09, 2026-12-21","acquisition_time":"00:17:52","date_mode_popup":"2025-10-03 | 151\n2025-10-15 | 151\n2025-10-27 | 151\n2025-11-08 | 151\n2025-11-20 | 151\n2025-12-02 | 151\n2025-12-14 | 151\n2025-12-26 | 151\n2026-01-07 | 151\n2026-01-19 | 151\n2026-01-31 | 151\n2026-02-12 | 151\n2026-02-24 | 151\n2026-03-08 | 151\n2026-03-20 | 151\n2026-04-01 | 151\n2026-04-13 | 151\n2026-04-25 | 151\n2026-05-07 | 151\n2026-05-19 | 151\n2026-05-31 | 151\n2026-06-12 | 151\n2026-06-24 | 151\n2026-07-06 | 151\n2026-07-18 | 151\n2026-07-30 | 151\n2026-08-11 | 151\n2026-08-23 | 151\n2026-09-04 | 151\n2026-09-16 | 151\n2026-09-28 | 151\n2026-10-10 | 151\n2026-10-22 | 151\n2026-11-03 | 151\n2026-11-15 | 151\n2026-11-27 | 151\n2026-12-09 | 151\n2026-12-21 | 151","producerifg":1,"producerunw":1,"produceroff":1,"producegunw":1,"producegoff":1,"producerslc":1,"producegslc":1,"producegcov":1,"producesmst":0,"passdirection":"Descending","unique_radar_mode_list":"151","unique_radar_mode_mnemonic_list":"L:SCI:SH:40M+05N:FS:B4:D02","number_combos":1,"mode_change":"no","radar_mode_combination_1":"151","radar_mode_combination_2":null,"radar_mode_combination_3":null,"radar_mode_combination_4":null,"radar_mode_combination_5":null,"radar_mode_combination_6":null,"radar_mode_combination_7":null,"radar_mode_combination_8":null,"radar_mode_combination_9":null,"radar_mode_mnemonic_combination_1":"L:SCI:SH:40M+05N:FS:B4:D02","radar_mode_mnemonic_combination_2":null,"radar_mode_mnemonic_combination_3":null,"radar_mode_mnemonic_combination_4":null,"radar_mode_mnemonic_combination_5":null,"radar_mode_mnemonic_combination_6":null,"radar_mode_mnemonic_combination_7":null,"radar_mode_mnemonic_combination_8":null,"radar_mode_mnemonic_combination_9":null,"date_cycle_popup":"2025-10-03 | Cycle A\n2025-10-15 | Cycle A\n2025-10-27 | Cycle A\n2025-11-08 | Cycle A\n2025-11-20 | Cycle A\n2025-12-02 | Cycle A\n2025-12-14 | Cycle A\n2025-12-26 | Cycle A\n2026-01-07 | Cycle A\n2026-01-19 | Cycle A\n2026-01-31 | Cycle A\n2026-02-12 | Cycle A\n2026-02-24 | Cycle A\n2026-03-08 | Cycle A\n2026-03-20 | Cycle A\n2026-04-01 | Cycle A\n2026-04-13 | Cycle A\n2026-04-25 | Cycle A\n2026-05-07 | Cycle A\n2026-05-19 | Cycle A\n2026-05-31 | Cycle A\n2026-06-12 | Cycle A\n2026-06-24 | Cycle A\n2026-07-06 | Cycle A\n2026-07-18 | Cycle A\n2026-07-30 | Cycle A\n2026-08-11 | Cycle A\n2026-08-23 | Cycle A\n2026-09-04 | Cycle A\n2026-09-16 | Cycle A\n2026-09-28 | Cycle A\n2026-10-10 | Cycle A\n2026-10-22 | Cycle A\n2026-11-03 | Cycle A\n2026-11-15 | Cycle A\n2026-11-27 | Cycle A\n2026-12-09 | Cycle A\n2026-12-21 | Cycle A","mixed_mode":"no","l_band":"yes","ls_band":"no","s_band":"no","SH":1,"SV":0,"DH":0,"DV":0,"QP":0,"CP":0,"QD":0,"QQ":0,"bw_40":"yes","bw_20":"no","bw_77":"no","bw_max_5":"no","visualization":"F0","Shape__Area":1470368074803.9844,"Shape__Length":4853082.3465794586,"tracks":141,"frames":127}},{"type":"Feature","id":3427,"geometry":{"type":"Polygon","coordinates":[[[-133.902036069,-71.906325553],[-134.155102885,-71.363566083],[-134.398166289,-70.820583486],[-130.992168629,-70.623284916],[-129.695265116,-70.5302770329999],[-127.574092916,-70.3560963049999],[-127.146914886,-70.891319005],[-126.699370097,-71.425717301],[-126.229677847,-71.959223585],[-125.735849263,-72.491762003],[-128.097684059,-72.680449859],[-129.545994957,-72.7807068779999],[-133.362048967,-72.991115576],[-133.638034406,-72.4488475059999],[-133.902036069,-71.906325553]]]},"properties":{"fid":3427,"track":49,"frame":142,"dates":"2025-09-26, 2025-10-08, 2025-10-20, 2025-11-01, 2025-11-13, 2025-11-25, 2025-12-07, 2025-12-19, 2025-12-31, 2026-01-12, 2026-01-24, 2026-02-05, 2026-02-17, 2026-03-01, 2026-03-13, 2026-03-25, 2026-04-06, 2026-04-18, 2026-04-30, 2026-05-12, 2026-05-24, 2026-06-05, 2026-06-17, 2026-06-29, 2026-07-11, 2026-07-23, 2026-08-04, 2026-08-16, 2026-08-28, 2026-09-09, 2026-09-21, 2026-10-03, 2026-10-15, 2026-10-27, 2026-11-08, 2026-11-20, 2026-12-02, 2026-12-14, 2026-12-26","acquisition_time":"15:15:40","date_mode_popup":"2025-09-26 | 150,153\n2025-10-08 | 150,153\n2025-10-20 | 150,153\n2025-11-01 | 150,153\n2025-11-13 | 150,153\n2025-11-25 | 150,153\n2025-12-07 | 150,153\n2025-12-19 | 150,153\n2025-12-31 | 150,153\n2026-01-12 | 150,153\n2026-01-24 | 150,153\n2026-02-05 | 150,153\n2026-02-17 | 150,153\n2026-03-01 | 150,153\n2026-03-13 | 150,153\n2026-03-25 | 150,153\n2026-04-06 | 150,153\n2026-04-18 | 150,153\n2026-04-30 | 150,153\n2026-05-12 | 150,153\n2026-05-24 | 150,153\n2026-06-05 | 150,153\n2026-06-17 | 150,153\n2026-06-29 | 150,153\n2026-07-11 | 150,153\n2026-07-23 | 150,153\n2026-08-04 | 150,153\n2026-08-16 | 150,153\n2026-08-28 | 150,153\n2026-09-09 | 150,153\n2026-09-21 | 150,153\n2026-10-03 | 150,153\n2026-10-15 | 150,153\n2026-10-27 | 150,153\n2026-11-08 | 150,153\n2026-11-20 | 150,153\n2026-12-02 | 150,153\n2026-12-14 | 150,153\n2026-12-26 | 150,153","producerifg":0,"producerunw":0,"produceroff":0,"producegunw":0,"producegoff":0,"producerslc":1,"producegslc":1,"producegcov":1,"producesmst":0,"passdirection":"Ascending","unique_radar_mode_list":"150, 153","unique_radar_mode_mnemonic_list":"L:SCI:SH:77M+---:HS:B4:D02, L:SCI:SV:05W+---:FS:B4:D09","number_combos":1,"mode_change":"no","radar_mode_combination_1":"150,153","radar_mode_combination_2":null,"radar_mode_combination_3":null,"radar_mode_combination_4":null,"radar_mode_combination_5":null,"radar_mode_combination_6":null,"radar_mode_combination_7":null,"radar_mode_combination_8":null,"radar_mode_combination_9":null,"radar_mode_mnemonic_combination_1":"L:SCI:SH:77M+---:HS:B4:D02,L:SCI:SV:05W+---:FS:B4:D09","radar_mode_mnemonic_combination_2":null,"radar_mode_mnemonic_combination_3":null,"radar_mode_mnemonic_combination_4":null,"radar_mode_mnemonic_combination_5":null,"radar_mode_mnemonic_combination_6":null,"radar_mode_mnemonic_combination_7":null,"radar_mode_mnemonic_combination_8":null,"radar_mode_mnemonic_combination_9":null,"date_cycle_popup":"2025-09-26 | Cycle A\n2025-10-08 | Cycle A\n2025-10-20 | Cycle A\n2025-11-01 | Cycle A\n2025-11-13 | Cycle A\n2025-11-25 | Cycle A\n2025-12-07 | Cycle A\n2025-12-19 | Cycle A\n2025-12-31 | Cycle A\n2026-01-12 | Cycle A\n2026-01-24 | Cycle A\n2026-02-05 | Cycle A\n2026-02-17 | Cycle A\n2026-03-01 | Cycle A\n2026-03-13 | Cycle A\n2026-03-25 | Cycle A\n2026-04-06 | Cycle A\n2026-04-18 | Cycle A\n2026-04-30 | Cycle A\n2026-05-12 | Cycle A\n2026-05-24 | Cycle A\n2026-06-05 | Cycle A\n2026-06-17 | Cycle A\n2026-06-29 | Cycle A\n2026-07-11 | Cycle A\n2026-07-23 | Cycle A\n2026-08-04 | Cycle A\n2026-08-16 | Cycle A\n2026-08-28 | Cycle A\n2026-09-09 | Cycle A\n2026-09-21 | Cycle A\n2026-10-03 | Cycle A\n2026-10-15 | Cycle A\n2026-10-27 | Cycle A\n2026-11-08 | Cycle A\n2026-11-20 | Cycle A\n2026-12-02 | Cycle A\n2026-12-14 | Cycle A\n2026-12-26 | Cycle A","mixed_mode":"yes","l_band":"yes","ls_band":"no","s_band":"no","SH":1,"SV":1,"DH":0,"DV":0,"QP":0,"CP":0,"QD":0,"QQ":0,"bw_40":"no","bw_20":"no","bw_77":"yes","bw_max_5":"yes","visualization":"F1","Shape__Area":642431561044.70313,"Shape__Length":3207657.5220535127,"tracks":49,"frames":142}},{"type":"Feature","id":7838,"geometry":{"type":"Polygon","coordinates":[[[-84.99815569,-79.2308151399999],[-90.848796339,-78.942240783],[-93.0210647389999,-78.801706441],[-96.49554154,-78.5354728459999],[-95.430105186,-78.012308248],[-94.447828547,-77.4858183649999],[-93.539072464,-76.956400258],[-92.695569862,-76.42439089],[-89.708634844,-76.654550301],[-87.859408065,-76.776079196],[-82.934543815,-77.026929368],[-83.392000735,-77.578950269],[-83.884831881,-78.130331902],[-84.4181650669999,-78.6809881619999],[-84.99815569,-79.2308151399999]]]},"properties":{"fid":7838,"track":97,"frame":127,"dates":"2025-09-29, 2025-10-11, 2025-10-23, 2025-11-04, 2025-11-16, 2025-11-28, 2025-12-10, 2025-12-22, 2026-01-03, 2026-01-15, 2026-01-27, 2026-02-08, 2026-02-20, 2026-03-04, 2026-03-16, 2026-03-28, 2026-04-09, 2026-04-21, 2026-05-03, 2026-05-15, 2026-05-27, 2026-06-08, 2026-06-20, 2026-07-02, 2026-07-14, 2026-07-26, 2026-08-07, 2026-08-19, 2026-08-31, 2026-09-12, 2026-09-24, 2026-10-06, 2026-10-18, 2026-10-30, 2026-11-11, 2026-11-23, 2026-12-05, 2026-12-17, 2026-12-29","acquisition_time":"23:01:20","date_mode_popup":"2025-09-29 | 150,151\n2025-10-11 | 150,151\n2025-10-23 | 150,151\n2025-11-04 | 150,151\n2025-11-16 | 150,151\n2025-11-28 | 150,151\n2025-12-10 | 150,151\n2025-12-22 | 150,151\n2026-01-03 | 150,151\n2026-01-15 | 150,151\n2026-01-27 | 150,151\n2026-02-08 | 150,151\n2026-02-20 | 150,151\n2026-03-04 | 150,151\n2026-03-16 | 150,151\n2026-03-28 | 150,151\n2026-04-09 | 150,151\n2026-04-21 | 150,151\n2026-05-03 | 150,151\n2026-05-15 | 150,151\n2026-05-27 | 150,151\n2026-06-08 | 150,151\n2026-06-20 | 150,151\n2026-07-02 | 150,151\n2026-07-14 | 150,151\n2026-07-26 | 150,151\n2026-08-07 | 150,151\n2026-08-19 | 150,151\n2026-08-31 | 150,151\n2026-09-12 | 150,151\n2026-09-24 | 150,151\n2026-10-06 | 150,151\n2026-10-18 | 150,151\n2026-10-30 | 150,151\n2026-11-11 | 150,151\n2026-11-23 | 150,151\n2026-12-05 | 150,151\n2026-12-17 | 150,151\n2026-12-29 | 150,151","producerifg":1,"producerunw":1,"produceroff":1,"producegunw":1,"producegoff":1,"producerslc":1,"producegslc":1,"producegcov":1,"producesmst":0,"passdirection":"Descending","unique_radar_mode_list":"150, 151","unique_radar_mode_mnemonic_list":"L:SCI:SH:40M+05N:FS:B4:D02, L:SCI:SH:77M+---:HS:B4:D02","number_combos":1,"mode_change":"no","radar_mode_combination_1":"150,151","radar_mode_combination_2":null,"radar_mode_combination_3":null,"radar_mode_combination_4":null,"radar_mode_combination_5":null,"radar_mode_combination_6":null,"radar_mode_combination_7":null,"radar_mode_combination_8":null,"radar_mode_combination_9":null,"radar_mode_mnemonic_combination_1":"L:SCI:SH:77M+---:HS:B4:D02,L:SCI:SH:40M+05N:FS:B4:D02","radar_mode_mnemonic_combination_2":null,"radar_mode_mnemonic_combination_3":null,"radar_mode_mnemonic_combination_4":null,"radar_mode_mnemonic_combination_5":null,"radar_mode_mnemonic_combination_6":null,"radar_mode_mnemonic_combination_7":null,"radar_mode_mnemonic_combination_8":null,"radar_mode_mnemonic_combination_9":null,"date_cycle_popup":"2025-09-29 | Cycle A\n2025-10-11 | Cycle A\n2025-10-23 | Cycle A\n2025-11-04 | Cycle A\n2025-11-16 | Cycle A\n2025-11-28 | Cycle A\n2025-12-10 | Cycle A\n2025-12-22 | Cycle A\n2026-01-03 | Cycle A\n2026-01-15 | Cycle A\n2026-01-27 | Cycle A\n2026-02-08 | Cycle A\n2026-02-20 | Cycle A\n2026-03-04 | Cycle A\n2026-03-16 | Cycle A\n2026-03-28 | Cycle A\n2026-04-09 | Cycle A\n2026-04-21 | Cycle A\n2026-05-03 | Cycle A\n2026-05-15 | Cycle A\n2026-05-27 | Cycle A\n2026-06-08 | Cycle A\n2026-06-20 | Cycle A\n2026-07-02 | Cycle A\n2026-07-14 | Cycle A\n2026-07-26 | Cycle A\n2026-08-07 | Cycle A\n2026-08-19 | Cycle A\n2026-08-31 | Cycle A\n2026-09-12 | Cycle A\n2026-09-24 | Cycle A\n2026-10-06 | Cycle A\n2026-10-18 | Cycle A\n2026-10-30 | Cycle A\n2026-11-11 | Cycle A\n2026-11-23 | Cycle A\n2026-12-05 | Cycle A\n2026-12-17 | Cycle A\n2026-12-29 | Cycle A","mixed_mode":"yes","l_band":"yes","ls_band":"no","s_band":"no","SH":1,"SV":0,"DH":0,"DV":0,"QP":0,"CP":0,"QD":0,"QQ":0,"bw_40":"yes","bw_20":"no","bw_77":"yes","bw_max_5":"no","visualization":"F1","Shape__Area":1470696212921.2969,"Shape__Length":4853625.0223983321,"tracks":97,"frames":127}},{"type":"Feature","id":15286,"geometry":{"type":"Polygon","coordinates":[[[-114.700023391,-72.874201377],[-110.90805497,-72.664703091],[-109.468585956,-72.5649223789999],[-107.12073085,-72.377164615],[-106.594349623,-72.9211848799999],[-106.038286643,-73.4640229239999],[-105.449587674,-74.0055645699999],[-104.824905806,-74.545679756],[-107.477253872,-74.752946003],[-109.11034578,-74.862640368],[-113.432807615,-75.090677004],[-113.775334753,-74.537066189],[-114.099528176,-73.983097593],[-114.407224011,-73.4288007929999],[-114.700023391,-72.874201377]]]},"properties":{"fid":15286,"track":5,"frame":141,"dates":"2025-10-05, 2025-10-17, 2025-10-29, 2025-11-10, 2025-11-22, 2025-12-04, 2025-12-16, 2025-12-28, 2026-01-09, 2026-01-21, 2026-02-02, 2026-02-14, 2026-02-26, 2026-03-10, 2026-03-22, 2026-04-03, 2026-04-15, 2026-04-27, 2026-05-09, 2026-05-21, 2026-06-02, 2026-06-14, 2026-06-26, 2026-07-08, 2026-07-20, 2026-08-01, 2026-08-13, 2026-08-25, 2026-09-06, 2026-09-18, 2026-09-30, 2026-10-12, 2026-10-24, 2026-11-05, 2026-11-17, 2026-11-29, 2026-12-11, 2026-12-23","acquisition_time":"14:01:00","date_mode_popup":"2025-10-05 | 150,153\n2025-10-17 | 150,153\n2025-10-29 | 150,153\n2025-11-10 | 150,153\n2025-11-22 | 150,153\n2025-12-04 | 150,153\n2025-12-16 | 150,153\n2025-12-28 | 150,153\n2026-01-09 | 150,153\n2026-01-21 | 150,153\n2026-02-02 | 150,153\n2026-02-14 | 150,153\n2026-02-26 | 150,153\n2026-03-10 | 150,153\n2026-03-22 | 150,153\n2026-04-03 | 150,153\n2026-04-15 | 150,153\n2026-04-27 | 150,153\n2026-05-09 | 150,153\n2026-05-21 | 150,153\n2026-06-02 | 150,153\n2026-06-14 | 150,153\n2026-06-26 | 150,153\n2026-07-08 | 150,153\n2026-07-20 | 150,153\n2026-08-01 | 150,153\n2026-08-13 | 150,153\n2026-08-25 | 150,153\n2026-09-06 | 150,153\n2026-09-18 | 150,153\n2026-09-30 | 150,153\n2026-10-12 | 150,153\n2026-10-24 | 150,153\n2026-11-05 | 150,153\n2026-11-17 | 150,153\n2026-11-29 | 150,153\n2026-12-11 | 150,153\n2026-12-23 | 150,153","producerifg":1,"producerunw":1,"produceroff":1,"producegunw":1,"producegoff":1,"producerslc":1,"producegslc":1,"producegcov":1,"producesmst":0,"passdirection":"Ascending","unique_radar_mode_list":"150, 153","unique_radar_mode_mnemonic_list":"L:SCI:SH:77M+---:HS:B4:D02, L:SCI:SV:05W+---:FS:B4:D09","number_combos":1,"mode_change":"no","radar_mode_combination_1":"150,153","radar_mode_combination_2":null,"radar_mode_combination_3":null,"radar_mode_combination_4":null,"radar_mode_combination_5":null,"radar_mode_combination_6":null,"radar_mode_combination_7":null,"radar_mode_combination_8":null,"radar_mode_combination_9":null,"radar_mode_mnemonic_combination_1":"L:SCI:SH:77M+---:HS:B4:D02,L:SCI:SV:05W+---:FS:B4:D09","radar_mode_mnemonic_combination_2":null,"radar_mode_mnemonic_combination_3":null,"radar_mode_mnemonic_combination_4":null,"radar_mode_mnemonic_combination_5":null,"radar_mode_mnemonic_combination_6":null,"radar_mode_mnemonic_combination_7":null,"radar_mode_mnemonic_combination_8":null,"radar_mode_mnemonic_combination_9":null,"date_cycle_popup":"2025-10-05 | Cycle A\n2025-10-17 | Cycle A\n2025-10-29 | Cycle A\n2025-11-10 | Cycle A\n2025-11-22 | Cycle A\n2025-12-04 | Cycle A\n2025-12-16 | Cycle A\n2025-12-28 | Cycle A\n2026-01-09 | Cycle A\n2026-01-21 | Cycle A\n2026-02-02 | Cycle A\n2026-02-14 | Cycle A\n2026-02-26 | Cycle A\n2026-03-10 | Cycle A\n2026-03-22 | Cycle A\n2026-04-03 | Cycle A\n2026-04-15 | Cycle A\n2026-04-27 | Cycle A\n2026-05-09 | Cycle A\n2026-05-21 | Cycle A\n2026-06-02 | Cycle A\n2026-06-14 | Cycle A\n2026-06-26 | Cycle A\n2026-07-08 | Cycle A\n2026-07-20 | Cycle A\n2026-08-01 | Cycle A\n2026-08-13 | Cycle A\n2026-08-25 | Cycle A\n2026-09-06 | Cycle A\n2026-09-18 | Cycle A\n2026-09-30 | Cycle A\n2026-10-12 | Cycle A\n2026-10-24 | Cycle A\n2026-11-05 | Cycle A\n2026-11-17 | Cycle A\n2026-11-29 | Cycle A\n2026-12-11 | Cycle A\n2026-12-23 | Cycle A","mixed_mode":"yes","l_band":"yes","ls_band":"no","s_band":"no","SH":1,"SV":1,"DH":0,"DV":0,"QP":0,"CP":0,"QD":0,"QQ":0,"bw_40":"no","bw_20":"no","bw_77":"yes","bw_max_5":"yes","visualization":"F1","Shape__Area":829524022926.54688,"Shape__Length":3644409.505370663,"tracks":5,"frames":141}},{"type":"Feature","id":799,"geometry":{"type":"Polygon","coordinates":[[[-129.99462601,-71.363507721],[-130.237641988,-70.820528133],[-126.831523514,-70.623248755],[-125.534573907,-70.5302471699999],[-123.413326205,-70.3560755459999],[-122.986187361,-70.89129652],[-122.538684025,-71.425693219],[-122.069035681,-71.959198063],[-121.575253665,-72.49173523],[-123.937175882,-72.680412539],[-125.385539965,-72.780662245],[-129.201732346,-72.991048607],[-129.477661095,-72.448783313],[-129.741609437,-71.906264236],[-129.99462601,-71.363507721]]]},"properties":{"fid":799,"track":20,"frame":142,"dates":"2025-09-24, 2025-10-06, 2025-10-18, 2025-10-30, 2025-11-11, 2025-11-23, 2025-12-05, 2025-12-17, 2025-12-29, 2026-01-10, 2026-01-22, 2026-02-03, 2026-02-15, 2026-02-27, 2026-03-11, 2026-03-23, 2026-04-04, 2026-04-16, 2026-04-28, 2026-05-10, 2026-05-22, 2026-06-03, 2026-06-15, 2026-06-27, 2026-07-09, 2026-07-21, 2026-08-02, 2026-08-14, 2026-08-26, 2026-09-07, 2026-09-19, 2026-10-01, 2026-10-13, 2026-10-25, 2026-11-06, 2026-11-18, 2026-11-30, 2026-12-12, 2026-12-24","acquisition_time":"14:59:48","date_mode_popup":"2025-09-24 | 153\n2025-10-06 | 153\n2025-10-18 | 153\n2025-10-30 | 153\n2025-11-11 | 153\n2025-11-23 | 153\n2025-12-05 | 153\n2025-12-17 | 153\n2025-12-29 | 153\n2026-01-10 | 153\n2026-01-22 | 153\n2026-02-03 | 153\n2026-02-15 | 153\n2026-02-27 | 76,153\n2026-03-11 | 76,153\n2026-03-23 | 153\n2026-04-04 | 153\n2026-04-16 | 153\n2026-04-28 | 153\n2026-05-10 | 153\n2026-05-22 | 153\n2026-06-03 | 153\n2026-06-15 | 153\n2026-06-27 | 153\n2026-07-09 | 153\n2026-07-21 | 153\n2026-08-02 | 153\n2026-08-14 | 153\n2026-08-26 | 76,153\n2026-09-07 | 76,153\n2026-09-19 | 153\n2026-10-01 | 153\n2026-10-13 | 153\n2026-10-25 | 153\n2026-11-06 | 153\n2026-11-18 | 153\n2026-11-30 | 153\n2026-12-12 | 153\n2026-12-24 | 153","producerifg":0,"producerunw":0,"produceroff":0,"producegunw":0,"producegoff":0,"producerslc":1,"producegslc":1,"producegcov":1,"producesmst":0,"passdirection":"Ascending","unique_radar_mode_list":"153, 76","unique_radar_mode_mnemonic_list":"L:SCI:SV:05W+---:FS:B4:D09, S:DB:SH:37W:B4:D10","number_combos":2,"mode_change":"yes","radar_mode_combination_1":"153","radar_mode_combination_2":"76,153","radar_mode_combination_3":null,"radar_mode_combination_4":null,"radar_mode_combination_5":null,"radar_mode_combination_6":null,"radar_mode_combination_7":null,"radar_mode_combination_8":null,"radar_mode_combination_9":null,"radar_mode_mnemonic_combination_1":"L:SCI:SV:05W+---:FS:B4:D09","radar_mode_mnemonic_combination_2":"S:DB:SH:37W:B4:D10,L:SCI:SV:05W+---:FS:B4:D09","radar_mode_mnemonic_combination_3":null,"radar_mode_mnemonic_combination_4":null,"radar_mode_mnemonic_combination_5":null,"radar_mode_mnemonic_combination_6":null,"radar_mode_mnemonic_combination_7":null,"radar_mode_mnemonic_combination_8":null,"radar_mode_mnemonic_combination_9":null,"date_cycle_popup":"2025-09-24 | Cycle A\n2025-10-06 | Cycle A\n2025-10-18 | Cycle A\n2025-10-30 | Cycle A\n2025-11-11 | Cycle A\n2025-11-23 | Cycle A\n2025-12-05 | Cycle A\n2025-12-17 | Cycle A\n2025-12-29 | Cycle A\n2026-01-10 | Cycle A\n2026-01-22 | Cycle A\n2026-02-03 | Cycle A\n2026-02-15 | Cycle A\n2026-02-27 | Cycle B\n2026-03-11 | Cycle B\n2026-03-23 | Cycle A\n2026-04-04 | Cycle A\n2026-04-16 | Cycle A\n2026-04-28 | Cycle A\n2026-05-10 | Cycle A\n2026-05-22 | Cycle A\n2026-06-03 | Cycle A\n2026-06-15 | Cycle A\n2026-06-27 | Cycle A\n2026-07-09 | Cycle A\n2026-07-21 | Cycle A\n2026-08-02 | Cycle A\n2026-08-14 | Cycle A\n2026-08-26 | Cycle B\n2026-09-07 | Cycle B\n2026-09-19 | Cycle A\n2026-10-01 | Cycle A\n2026-10-13 | Cycle A\n2026-10-25 | Cycle A\n2026-11-06 | Cycle A\n2026-11-18 | Cycle A\n2026-11-30 | Cycle A\n2026-12-12 | Cycle A\n2026-12-24 | Cycle A","mixed_mode":"yes","l_band":"yes","ls_band":"yes","s_band":"no","SH":0,"SV":1,"DH":0,"DV":0,"QP":0,"CP":0,"QD":0,"QQ":0,"bw_40":"no","bw_20":"no","bw_77":"no","bw_max_5":"yes","visualization":"S1","Shape__Area":642444145955.51563,"Shape__Length":3207690.6234352016,"tracks":20,"frames":142}},{"type":"Feature","id":4635,"geometry":{"type":"Polygon","coordinates":[[[-97.761302513,-73.4287857349999],[-98.054064279,-72.8741880899999],[-94.261889868,-72.664707495],[-92.822343473,-72.564931744],[-90.474363266,-72.377180004],[-89.948011836,-72.921199676],[-89.391980403,-73.4640373399999],[-88.803314904,-74.005578823],[-88.178668623,-74.545694074],[-90.831153247,-74.752953008],[-92.464329507,-74.8626414989999],[-96.787014675,-75.090657574],[-97.129496046,-74.537048058],[-97.453646722,-73.98308092],[-97.761302513,-73.4287857349999]]]},"properties":{"fid":4635,"track":62,"frame":141,"dates":"2025-09-27, 2025-10-09, 2025-10-21, 2025-11-02, 2025-11-14, 2025-11-26, 2025-12-08, 2025-12-20, 2026-01-01, 2026-01-13, 2026-01-25, 2026-02-06, 2026-02-18, 2026-03-02, 2026-03-14, 2026-03-26, 2026-04-07, 2026-04-19, 2026-05-01, 2026-05-13, 2026-05-25, 2026-06-06, 2026-06-18, 2026-06-30, 2026-07-12, 2026-07-24, 2026-08-05, 2026-08-17, 2026-08-29, 2026-09-10, 2026-09-22, 2026-10-04, 2026-10-16, 2026-10-28, 2026-11-09, 2026-11-21, 2026-12-03, 2026-12-15, 2026-12-27","acquisition_time":"12:50:52","date_mode_popup":"2025-09-27 | 150\n2025-10-09 | 150\n2025-10-21 | 150\n2025-11-02 | 150\n2025-11-14 | 150\n2025-11-26 | 150\n2025-12-08 | 150\n2025-12-20 | 150\n2026-01-01 | 150\n2026-01-13 | 150\n2026-01-25 | 150\n2026-02-06 | 150\n2026-02-18 | 150\n2026-03-02 | 246\n2026-03-14 | 246\n2026-03-26 | 150\n2026-04-07 | 150\n2026-04-19 | 150\n2026-05-01 | 150\n2026-05-13 | 150\n2026-05-25 | 150\n2026-06-06 | 150\n2026-06-18 | 150\n2026-06-30 | 150\n2026-07-12 | 150\n2026-07-24 | 150\n2026-08-05 | 150\n2026-08-17 | 150\n2026-08-29 | 246\n2026-09-10 | 246\n2026-09-22 | 150\n2026-10-04 | 150\n2026-10-16 | 150\n2026-10-28 | 150\n2026-11-09 | 150\n2026-11-21 | 150\n2026-12-03 | 150\n2026-12-15 | 150\n2026-12-27 | 150","producerifg":1,"producerunw":1,"produceroff":1,"producegunw":1,"producegoff":1,"producerslc":1,"producegslc":1,"producegcov":1,"producesmst":0,"passdirection":"Ascending","unique_radar_mode_list":"150, 246","unique_radar_mode_mnemonic_list":"L:SCI:SH:77M+---:HS:B4:D02, L:SCI:SH:77M+---:HS:B4:D02  S:--:SH:37W:B4","number_combos":2,"mode_change":"yes","radar_mode_combination_1":"150","radar_mode_combination_2":"246","radar_mode_combination_3":null,"radar_mode_combination_4":null,"radar_mode_combination_5":null,"radar_mode_combination_6":null,"radar_mode_combination_7":null,"radar_mode_combination_8":null,"radar_mode_combination_9":null,"radar_mode_mnemonic_combination_1":"L:SCI:SH:77M+---:HS:B4:D02","radar_mode_mnemonic_combination_2":"L:SCI:SH:77M+---:HS:B4:D02  S:--:SH:37W:B4","radar_mode_mnemonic_combination_3":null,"radar_mode_mnemonic_combination_4":null,"radar_mode_mnemonic_combination_5":null,"radar_mode_mnemonic_combination_6":null,"radar_mode_mnemonic_combination_7":null,"radar_mode_mnemonic_combination_8":null,"radar_mode_mnemonic_combination_9":null,"date_cycle_popup":"2025-09-27 | Cycle A\n2025-10-09 | Cycle A\n2025-10-21 | Cycle A\n2025-11-02 | Cycle A\n2025-11-14 | Cycle A\n2025-11-26 | Cycle A\n2025-12-08 | Cycle A\n2025-12-20 | Cycle A\n2026-01-01 | Cycle A\n2026-01-13 | Cycle A\n2026-01-25 | Cycle A\n2026-02-06 | Cycle A\n2026-02-18 | Cycle A\n2026-03-02 | Cycle B\n2026-03-14 | Cycle B\n2026-03-26 | Cycle A\n2026-04-07 | Cycle A\n2026-04-19 | Cycle A\n2026-05-01 | Cycle A\n2026-05-13 | Cycle A\n2026-05-25 | Cycle A\n2026-06-06 | Cycle A\n2026-06-18 | Cycle A\n2026-06-30 | Cycle A\n2026-07-12 | Cycle A\n2026-07-24 | Cycle A\n2026-08-05 | Cycle A\n2026-08-17 | Cycle A\n2026-08-29 | Cycle B\n2026-09-10 | Cycle B\n2026-09-22 | Cycle A\n2026-10-04 | Cycle A\n2026-10-16 | Cycle A\n2026-10-28 | Cycle A\n2026-11-09 | Cycle A\n2026-11-21 | Cycle A\n2026-12-03 | Cycle A\n2026-12-15 | Cycle A\n2026-12-27 | Cycle A","mixed_mode":"no","l_band":"yes","ls_band":"yes","s_band":"no","SH":1,"SV":0,"DH":0,"DV":0,"QP":0,"CP":0,"QD":0,"QQ":0,"bw_40":"no","bw_20":"no","bw_77":"yes","bw_max_5":"no","visualization":"S0","Shape__Area":829558494016.8125,"Shape__Length":3644486.3957928019,"tracks":62,"frames":141}},{"type":"Feature","id":7391,"geometry":{"type":"Polygon","coordinates":[[[-127.661529733,-71.906228004],[-127.914518914,-71.363471824],[-128.157509012,-70.820492632],[-124.751321838,-70.623224777],[-123.454345966,-70.530227006],[-121.333055177,-70.35606094],[-120.905937641,-70.891282259],[-120.45845678,-71.425679401],[-119.988832196,-71.959184776],[-119.495075332,-72.4917225689999],[-121.857047363,-72.6803934869999],[-123.305441698,-72.780638795],[-127.121712575,-72.991011843],[-127.397610446,-72.44874679],[-127.661529733,-71.906228004]]]},"properties":{"fid":7391,"track":92,"frame":142,"dates":"2025-09-29, 2025-10-11, 2025-10-23, 2025-11-04, 2025-11-16, 2025-11-28, 2025-12-10, 2025-12-22, 2026-01-03, 2026-01-15, 2026-01-27, 2026-02-08, 2026-02-20, 2026-03-04, 2026-03-16, 2026-03-28, 2026-04-09, 2026-04-21, 2026-05-03, 2026-05-15, 2026-05-27, 2026-06-08, 2026-06-20, 2026-07-02, 2026-07-14, 2026-07-26, 2026-08-07, 2026-08-19, 2026-08-31, 2026-09-12, 2026-09-24, 2026-10-06, 2026-10-18, 2026-10-30, 2026-11-11, 2026-11-23, 2026-12-05, 2026-12-17, 2026-12-29","acquisition_time":"14:51:28","date_mode_popup":"2025-09-29 | 153\n2025-10-11 | 153\n2025-10-23 | 153\n2025-11-04 | 153\n2025-11-16 | 153\n2025-11-28 | 153\n2025-12-10 | 153\n2025-12-22 | 153\n2026-01-03 | 153\n2026-01-15 | 153\n2026-01-27 | 153\n2026-02-08 | 153\n2026-02-20 | 153\n2026-03-04 | 153\n2026-03-16 | 153\n2026-03-28 | 153\n2026-04-09 | 153\n2026-04-21 | 153\n2026-05-03 | 153\n2026-05-15 | 153\n2026-05-27 | 153\n2026-06-08 | 153\n2026-06-20 | 153\n2026-07-02 | 153\n2026-07-14 | 153\n2026-07-26 | 153\n2026-08-07 | 153\n2026-08-19 | 153\n2026-08-31 | 153\n2026-09-12 | 153\n2026-09-24 | 153\n2026-10-06 | 153\n2026-10-18 | 153\n2026-10-30 | 153\n2026-11-11 | 153\n2026-11-23 | 153\n2026-12-05 | 153\n2026-12-17 | 153\n2026-12-29 | 153","producerifg":0,"producerunw":0,"produceroff":0,"producegunw":0,"producegoff":0,"producerslc":1,"producegslc":1,"producegcov":1,"producesmst":0,"passdirection":"Ascending","unique_radar_mode_list":"153","unique_radar_mode_mnemonic_list":"L:SCI:SV:05W+---:FS:B4:D09","number_combos":1,"mode_change":"no","radar_mode_combination_1":"153","radar_mode_combination_2":null,"radar_mode_combination_3":null,"radar_mode_combination_4":null,"radar_mode_combination_5":null,"radar_mode_combination_6":null,"radar_mode_combination_7":null,"radar_mode_combination_8":null,"radar_mode_combination_9":null,"radar_mode_mnemonic_combination_1":"L:SCI:SV:05W+---:FS:B4:D09","radar_mode_mnemonic_combination_2":null,"radar_mode_mnemonic_combination_3":null,"radar_mode_mnemonic_combination_4":null,"radar_mode_mnemonic_combination_5":null,"radar_mode_mnemonic_combination_6":null,"radar_mode_mnemonic_combination_7":null,"radar_mode_mnemonic_combination_8":null,"radar_mode_mnemonic_combination_9":null,"date_cycle_popup":"2025-09-29 | Cycle A\n2025-10-11 | Cycle A\n2025-10-23 | Cycle A\n2025-11-04 | Cycle A\n2025-11-16 | Cycle A\n2025-11-28 | Cycle A\n2025-12-10 | Cycle A\n2025-12-22 | Cycle A\n2026-01-03 | Cycle A\n2026-01-15 | Cycle A\n2026-01-27 | Cycle A\n2026-02-08 | Cycle A\n2026-02-20 | Cycle A\n2026-03-04 | Cycle A\n2026-03-16 | Cycle A\n2026-03-28 | Cycle A\n2026-04-09 | Cycle A\n2026-04-21 | Cycle A\n2026-05-03 | Cycle A\n2026-05-15 | Cycle A\n2026-05-27 | Cycle A\n2026-06-08 | Cycle A\n2026-06-20 | Cycle A\n2026-07-02 | Cycle A\n2026-07-14 | Cycle A\n2026-07-26 | Cycle A\n2026-08-07 | Cycle A\n2026-08-19 | Cycle A\n2026-08-31 | Cycle A\n2026-09-12 | Cycle A\n2026-09-24 | Cycle A\n2026-10-06 | Cycle A\n2026-10-18 | Cycle A\n2026-10-30 | Cycle A\n2026-11-11 | Cycle A\n2026-11-23 | Cycle A\n2026-12-05 | Cycle A\n2026-12-17 | Cycle A\n2026-12-29 | Cycle A","mixed_mode":"no","l_band":"yes","ls_band":"no","s_band":"no","SH":0,"SV":1,"DH":0,"DV":0,"QP":0,"CP":0,"QD":0,"QQ":0,"bw_40":"no","bw_20":"no","bw_77":"no","bw_max_5":"yes","visualization":"F0","Shape__Area":642452828718.3125,"Shape__Length":3207713.1475712052,"tracks":92,"frames":142}},{"type":"Feature","id":730,"geometry":{"type":"Polygon","coordinates":[[[-102.377134088,-76.059663767],[-102.750122759,-75.5172256669999],[-103.101641908,-74.974380982],[-98.810633803,-74.747484158],[-97.188941883,-74.63839059],[-94.554405348,-74.432297343],[-93.911412852,-74.9610058929999],[-93.226953051,-75.488073697],[-92.4964833019999,-76.0133211879999],[-91.714800618,-76.536541281],[-94.724693551,-76.768309373],[-96.588893668,-76.8906736769999],[-101.55593051,-77.143142185],[-101.980079284,-76.601652616],[-102.377134088,-76.059663767]]]},"properties":{"fid":730,"track":19,"frame":140,"dates":"2025-09-24, 2025-10-06, 2025-10-18, 2025-10-30, 2025-11-11, 2025-11-23, 2025-12-05, 2025-12-17, 2025-12-29, 2026-01-10, 2026-01-22, 2026-02-03, 2026-02-15, 2026-02-27, 2026-03-11, 2026-03-23, 2026-04-04, 2026-04-16, 2026-04-28, 2026-05-10, 2026-05-22, 2026-06-03, 2026-06-15, 2026-06-27, 2026-07-09, 2026-07-21, 2026-08-02, 2026-08-14, 2026-08-26, 2026-09-07, 2026-09-19, 2026-10-01, 2026-10-13, 2026-10-25, 2026-11-06, 2026-11-18, 2026-11-30, 2026-12-12, 2026-12-24","acquisition_time":"13:17:48","date_mode_popup":"2025-09-24 | 150\n2025-10-06 | 150\n2025-10-18 | 150\n2025-10-30 | 150\n2025-11-11 | 150\n2025-11-23 | 150\n2025-12-05 | 150\n2025-12-17 | 150\n2025-12-29 | 150\n2026-01-10 | 150\n2026-01-22 | 150\n2026-02-03 | 150\n2026-02-15 | 150\n2026-02-27 | 150\n2026-03-11 | 150\n2026-03-23 | 150\n2026-04-04 | 150\n2026-04-16 | 150\n2026-04-28 | 150\n2026-05-10 | 150\n2026-05-22 | 150\n2026-06-03 | 150\n2026-06-15 | 150\n2026-06-27 | 150\n2026-07-09 | 150\n2026-07-21 | 150\n2026-08-02 | 150\n2026-08-14 | 150\n2026-08-26 | 150\n2026-09-07 | 150\n2026-09-19 | 150\n2026-10-01 | 150\n2026-10-13 | 150\n2026-10-25 | 150\n2026-11-06 | 150\n2026-11-18 | 150\n2026-11-30 | 150\n2026-12-12 | 150\n2026-12-24 | 150","producerifg":1,"producerunw":1,"produceroff":1,"producegunw":1,"producegoff":1,"producerslc":1,"producegslc":1,"producegcov":1,"producesmst":0,"passdirection":"Ascending","unique_radar_mode_list":"150","unique_radar_mode_mnemonic_list":"L:SCI:SH:77M+---:HS:B4:D02","number_combos":1,"mode_change":"no","radar_mode_combination_1":"150","radar_mode_combination_2":null,"radar_mode_combination_3":null,"radar_mode_combination_4":null,"radar_mode_combination_5":null,"radar_mode_combination_6":null,"radar_mode_combination_7":null,"radar_mode_combination_8":null,"radar_mode_combination_9":null,"radar_mode_mnemonic_combination_1":"L:SCI:SH:77M+---:HS:B4:D02","radar_mode_mnemonic_combination_2":null,"radar_mode_mnemonic_combination_3":null,"radar_mode_mnemonic_combination_4":null,"radar_mode_mnemonic_combination_5":null,"radar_mode_mnemonic_combination_6":null,"radar_mode_mnemonic_combination_7":null,"radar_mode_mnemonic_combination_8":null,"radar_mode_mnemonic_combination_9":null,"date_cycle_popup":"2025-09-24 | Cycle A\n2025-10-06 | Cycle A\n2025-10-18 | Cycle A\n2025-10-30 | Cycle A\n2025-11-11 | Cycle A\n2025-11-23 | Cycle A\n2025-12-05 | Cycle A\n2025-12-17 | Cycle A\n2025-12-29 | Cycle A\n2026-01-10 | Cycle A\n2026-01-22 | Cycle A\n2026-02-03 | Cycle A\n2026-02-15 | Cycle A\n2026-02-27 | Cycle A\n2026-03-11 | Cycle A\n2026-03-23 | Cycle A\n2026-04-04 | Cycle A\n2026-04-16 | Cycle A\n2026-04-28 | Cycle A\n2026-05-10 | Cycle A\n2026-05-22 | Cycle A\n2026-06-03 | Cycle A\n2026-06-15 | Cycle A\n2026-06-27 | Cycle A\n2026-07-09 | Cycle A\n2026-07-21 | Cycle A\n2026-08-02 | Cycle A\n2026-08-14 | Cycle A\n2026-08-26 | Cycle A\n2026-09-07 | Cycle A\n2026-09-19 | Cycle A\n2026-10-01 | Cycle A\n2026-10-13 | Cycle A\n2026-10-25 | Cycle A\n2026-11-06 | Cycle A\n2026-11-18 | Cycle A\n2026-11-30 | Cycle A\n2026-12-12 | Cycle A\n2026-12-24 | Cycle A","mixed_mode":"no","l_band":"yes","ls_band":"no","s_band":"no","SH":1,"SV":0,"DH":0,"DV":0,"QP":0,"CP":0,"QD":0,"QQ":0,"bw_40":"no","bw_20":"no","bw_77":"yes","bw_max_5":"no","visualization":"F0","Shape__Area":1060777087223.8828,"Shape__Length":4122277.7782793227,"tracks":19,"frames":140}},{"type":"Feature","id":2700,"geometry":{"type":"Polygon","coordinates":[[[-122.51017943,-73.9825905609999],[-122.834539714,-74.5365451289999],[-123.177244215,-75.090141764],[-127.498256669,-74.8621100409999],[-129.130822009,-74.752430117],[-131.782342029,-74.545201962],[-131.157617833,-74.005100128],[-130.568877163,-73.46357184],[-130.012773226,-72.920747169],[-129.486351888,-72.376740324],[-127.13918639,-72.564464226],[-125.70015321,-72.664231604],[-121.909378393,-72.873722094],[-122.202326304,-73.428307671],[-122.51017943,-73.9825905609999]]]},"properties":{"fid":2700,"track":41,"frame":125,"dates":"2025-09-26, 2025-10-08, 2025-10-20, 2025-11-01, 2025-11-13, 2025-11-25, 2025-12-07, 2025-12-19, 2025-12-31, 2026-01-12, 2026-01-24, 2026-02-05, 2026-02-17, 2026-03-01, 2026-03-13, 2026-03-25, 2026-04-06, 2026-04-18, 2026-04-30, 2026-05-12, 2026-05-24, 2026-06-05, 2026-06-17, 2026-06-29, 2026-07-11, 2026-07-23, 2026-08-04, 2026-08-16, 2026-08-28, 2026-09-09, 2026-09-21, 2026-10-03, 2026-10-15, 2026-10-27, 2026-11-08, 2026-11-20, 2026-12-02, 2026-12-14, 2026-12-26","acquisition_time":"01:45:12, 01:45:56, 01:45:32","date_mode_popup":"2025-09-26 | 153,150\n2025-10-08 | 153,150\n2025-10-20 | 153,150\n2025-11-01 | 153,150\n2025-11-13 | 153,150\n2025-11-25 | 153,150\n2025-12-07 | 153,150\n2025-12-19 | 153,150\n2025-12-31 | 153,150\n2026-01-12 | 153,150\n2026-01-24 | 153,150\n2026-02-05 | 153,150\n2026-02-17 | 153,150\n2026-03-01 | 153,150\n2026-03-13 | 153,150\n2026-03-25 | 153,150\n2026-04-06 | 153,150\n2026-04-18 | 153,150\n2026-04-30 | 153,150\n2026-05-12 | 153,150\n2026-05-24 | 153,150\n2026-06-05 | 153,150\n2026-06-17 | 153,150\n2026-06-29 | 153,150\n2026-07-11 | 153,150\n2026-07-23 | 153,150\n2026-08-04 | 153,150\n2026-08-16 | 153,150\n2026-08-28 | 153,150\n2026-09-09 | 153,150\n2026-09-21 | 153,150\n2026-10-03 | 153,150\n2026-10-15 | 153,150\n2026-10-27 | 153,150\n2026-11-08 | 153,150\n2026-11-20 | 153,150\n2026-12-02 | 153,150\n2026-12-14 | 153,150\n2026-12-26 | 153,150","producerifg":1,"producerunw":1,"produceroff":1,"producegunw":1,"producegoff":1,"producerslc":1,"producegslc":1,"producegcov":1,"producesmst":0,"passdirection":"Descending","unique_radar_mode_list":"150, 153","unique_radar_mode_mnemonic_list":"L:SCI:SH:77M+---:HS:B4:D02, L:SCI:SV:05W+---:FS:B4:D09","number_combos":1,"mode_change":"no","radar_mode_combination_1":"153,150","radar_mode_combination_2":null,"radar_mode_combination_3":null,"radar_mode_combination_4":null,"radar_mode_combination_5":null,"radar_mode_combination_6":null,"radar_mode_combination_7":null,"radar_mode_combination_8":null,"radar_mode_combination_9":null,"radar_mode_mnemonic_combination_1":"L:SCI:SV:05W+---:FS:B4:D09,L:SCI:SH:77M+---:HS:B4:D02","radar_mode_mnemonic_combination_2":null,"radar_mode_mnemonic_combination_3":null,"radar_mode_mnemonic_combination_4":null,"radar_mode_mnemonic_combination_5":null,"radar_mode_mnemonic_combination_6":null,"radar_mode_mnemonic_combination_7":null,"radar_mode_mnemonic_combination_8":null,"radar_mode_mnemonic_combination_9":null,"date_cycle_popup":"2025-09-26 | Cycle A\n2025-10-08 | Cycle A\n2025-10-20 | Cycle A\n2025-11-01 | Cycle A\n2025-11-13 | Cycle A\n2025-11-25 | Cycle A\n2025-12-07 | Cycle A\n2025-12-19 | Cycle A\n2025-12-31 | Cycle A\n2026-01-12 | Cycle A\n2026-01-24 | Cycle A\n2026-02-05 | Cycle A\n2026-02-17 | Cycle A\n2026-03-01 | Cycle A\n2026-03-13 | Cycle A\n2026-03-25 | Cycle A\n2026-04-06 | Cycle A\n2026-04-18 | Cycle A\n2026-04-30 | Cycle A\n2026-05-12 | Cycle A\n2026-05-24 | Cycle A\n2026-06-05 | Cycle A\n2026-06-17 | Cycle A\n2026-06-29 | Cycle A\n2026-07-11 | Cycle A\n2026-07-23 | Cycle A\n2026-08-04 | Cycle A\n2026-08-16 | Cycle A\n2026-08-28 | Cycle A\n2026-09-09 | Cycle A\n2026-09-21 | Cycle A\n2026-10-03 | Cycle A\n2026-10-15 | Cycle A\n2026-10-27 | Cycle A\n2026-11-08 | Cycle A\n2026-11-20 | Cycle A\n2026-12-02 | Cycle A\n2026-12-14 | Cycle A\n2026-12-26 | Cycle A","mixed_mode":"yes","l_band":"yes","ls_band":"no","s_band":"no","SH":1,"SV":1,"DH":0,"DV":0,"QP":0,"CP":0,"QD":0,"QQ":0,"bw_40":"no","bw_20":"no","bw_77":"yes","bw_max_5":"yes","visualization":"F1","Shape__Area":829233847927.73438,"Shape__Length":3643764.9565545507,"tracks":41,"frames":125}},{"type":"Feature","id":11356,"geometry":{"type":"Polygon","coordinates":[[[-117.838617953,-77.579166277],[-118.295958982,-77.027132159],[-113.370548032,-76.776277746],[-111.521124719,-76.654742545],[-108.533884024,-76.4245675029999],[-107.690407646,-76.9565889639999],[-106.781677312,-77.4860190919999],[-105.799425548,-78.012520937],[-104.734012661,-78.535697448],[-108.208909535,-78.8019511379999],[-110.381452298,-78.942493387],[-116.232867102,-79.231071517],[-116.812712536,-78.68123091],[-117.345911407,-78.130561213],[-117.838617953,-77.579166277]]]},"properties":{"fid":11356,"track":135,"frame":139,"dates":"2025-10-02, 2025-10-14, 2025-10-26, 2025-11-07, 2025-11-19, 2025-12-01, 2025-12-13, 2025-12-25, 2026-01-06, 2026-01-18, 2026-01-30, 2026-02-11, 2026-02-23, 2026-03-07, 2026-03-19, 2026-03-31, 2026-04-12, 2026-04-24, 2026-05-06, 2026-05-18, 2026-05-30, 2026-06-11, 2026-06-23, 2026-07-05, 2026-07-17, 2026-07-29, 2026-08-10, 2026-08-22, 2026-09-03, 2026-09-15, 2026-09-27, 2026-10-09, 2026-10-21, 2026-11-02, 2026-11-14, 2026-11-26, 2026-12-08, 2026-12-20","acquisition_time":"14:15:16, 14:21:48, 14:15:04","date_mode_popup":"2025-10-02 | 150\n2025-10-14 | 150\n2025-10-26 | 150\n2025-11-07 | 150\n2025-11-19 | 150\n2025-12-01 | 150\n2025-12-13 | 150\n2025-12-25 | 150\n2026-01-06 | 150\n2026-01-18 | 150\n2026-01-30 | 150\n2026-02-11 | 150\n2026-02-23 | 246\n2026-03-07 | 246\n2026-03-19 | 150\n2026-03-31 | 150\n2026-04-12 | 150\n2026-04-24 | 150\n2026-05-06 | 150\n2026-05-18 | 150\n2026-05-30 | 150\n2026-06-11 | 150\n2026-06-23 | 150\n2026-07-05 | 150\n2026-07-17 | 150\n2026-07-29 | 150\n2026-08-10 | 150\n2026-08-22 | 246\n2026-09-03 | 246\n2026-09-15 | 150\n2026-09-27 | 150\n2026-10-09 | 150\n2026-10-21 | 150\n2026-11-02 | 150\n2026-11-14 | 150\n2026-11-26 | 150\n2026-12-08 | 150\n2026-12-20 | 150","producerifg":1,"producerunw":1,"produceroff":1,"producegunw":1,"producegoff":1,"producerslc":1,"producegslc":1,"producegcov":1,"producesmst":0,"passdirection":"Ascending","unique_radar_mode_list":"150, 246","unique_radar_mode_mnemonic_list":"L:SCI:SH:77M+---:HS:B4:D02, L:SCI:SH:77M+---:HS:B4:D02  S:--:SH:37W:B4","number_combos":2,"mode_change":"yes","radar_mode_combination_1":"150","radar_mode_combination_2":"246","radar_mode_combination_3":null,"radar_mode_combination_4":null,"radar_mode_combination_5":null,"radar_mode_combination_6":null,"radar_mode_combination_7":null,"radar_mode_combination_8":null,"radar_mode_combination_9":null,"radar_mode_mnemonic_combination_1":"L:SCI:SH:77M+---:HS:B4:D02","radar_mode_mnemonic_combination_2":"L:SCI:SH:77M+---:HS:B4:D02  S:--:SH:37W:B4","radar_mode_mnemonic_combination_3":null,"radar_mode_mnemonic_combination_4":null,"radar_mode_mnemonic_combination_5":null,"radar_mode_mnemonic_combination_6":null,"radar_mode_mnemonic_combination_7":null,"radar_mode_mnemonic_combination_8":null,"radar_mode_mnemonic_combination_9":null,"date_cycle_popup":"2025-10-02 | Cycle A\n2025-10-14 | Cycle A\n2025-10-26 | Cycle A\n2025-11-07 | Cycle A\n2025-11-19 | Cycle A\n2025-12-01 | Cycle A\n2025-12-13 | Cycle A\n2025-12-25 | Cycle A\n2026-01-06 | Cycle A\n2026-01-18 | Cycle A\n2026-01-30 | Cycle A\n2026-02-11 | Cycle A\n2026-02-23 | Cycle B\n2026-03-07 | Cycle B\n2026-03-19 | Cycle A\n2026-03-31 | Cycle A\n2026-04-12 | Cycle A\n2026-04-24 | Cycle A\n2026-05-06 | Cycle A\n2026-05-18 | Cycle A\n2026-05-30 | Cycle A\n2026-06-11 | Cycle A\n2026-06-23 | Cycle A\n2026-07-05 | Cycle A\n2026-07-17 | Cycle A\n2026-07-29 | Cycle A\n2026-08-10 | Cycle A\n2026-08-22 | Cycle B\n2026-09-03 | Cycle B\n2026-09-15 | Cycle A\n2026-09-27 | Cycle A\n2026-10-09 | Cycle A\n2026-10-21 | Cycle A\n2026-11-02 | Cycle A\n2026-11-14 | Cycle A\n2026-11-26 | Cycle A\n2026-12-08 | Cycle A\n2026-12-20 | Cycle A","mixed_mode":"no","l_band":"yes","ls_band":"yes","s_band":"no","SH":1,"SV":0,"DH":0,"DV":0,"QP":0,"CP":0,"QD":0,"QQ":0,"bw_40":"no","bw_20":"no","bw_77":"yes","bw_max_5":"no","visualization":"S0","Shape__Area":1470910628070.2344,"Shape__Length":4853982.66068317,"tracks":135,"frames":139}},{"type":"Feature","id":11270,"geometry":{"type":"Polygon","coordinates":[[[-94.428745755,-75.517077802],[-94.780189062,-74.97424108],[-90.489060382,-74.747380021],[-88.867319285,-74.6382989859999],[-86.232698851,-74.4322249159999],[-85.589781649,-74.960928306],[-84.905402972,-75.487991414],[-84.175020838,-76.013234728],[-83.393433008,-76.536451227],[-86.403415821,-76.768196392],[-88.267666971,-76.890545791],[-93.234821534,-77.142972112],[-93.6588733409999,-76.601489632],[-94.0558391169999,-76.059508197],[-94.428745755,-75.517077802]]]},"properties":{"fid":11270,"track":134,"frame":140,"dates":"2025-10-02, 2025-10-14, 2025-10-26, 2025-11-07, 2025-11-19, 2025-12-01, 2025-12-13, 2025-12-25, 2026-01-06, 2026-01-18, 2026-01-30, 2026-02-11, 2026-02-23, 2026-03-07, 2026-03-19, 2026-03-31, 2026-04-12, 2026-04-24, 2026-05-06, 2026-05-18, 2026-05-30, 2026-06-11, 2026-06-23, 2026-07-05, 2026-07-17, 2026-07-29, 2026-08-10, 2026-08-22, 2026-09-03, 2026-09-15, 2026-09-27, 2026-10-09, 2026-10-21, 2026-11-02, 2026-11-14, 2026-11-26, 2026-12-08, 2026-12-20","acquisition_time":"12:45:48","date_mode_popup":"2025-10-02 | 150\n2025-10-14 | 150\n2025-10-26 | 150\n2025-11-07 | 150\n2025-11-19 | 150\n2025-12-01 | 150\n2025-12-13 | 150\n2025-12-25 | 150\n2026-01-06 | 150\n2026-01-18 | 150\n2026-01-30 | 150\n2026-02-11 | 150\n2026-02-23 | 150\n2026-03-07 | 150\n2026-03-19 | 150\n2026-03-31 | 150\n2026-04-12 | 150\n2026-04-24 | 150\n2026-05-06 | 150\n2026-05-18 | 150\n2026-05-30 | 150\n2026-06-11 | 150\n2026-06-23 | 150\n2026-07-05 | 150\n2026-07-17 | 150\n2026-07-29 | 150\n2026-08-10 | 150\n2026-08-22 | 150\n2026-09-03 | 150\n2026-09-15 | 150\n2026-09-27 | 150\n2026-10-09 | 150\n2026-10-21 | 150\n2026-11-02 | 150\n2026-11-14 | 150\n2026-11-26 | 150\n2026-12-08 | 150\n2026-12-20 | 150","producerifg":1,"producerunw":1,"produceroff":1,"producegunw":1,"producegoff":1,"producerslc":1,"producegslc":1,"producegcov":1,"producesmst":0,"passdirection":"Ascending","unique_radar_mode_list":"150","unique_radar_mode_mnemonic_list":"L:SCI:SH:77M+---:HS:B4:D02","number_combos":1,"mode_change":"no","radar_mode_combination_1":"150","radar_mode_combination_2":null,"radar_mode_combination_3":null,"radar_mode_combination_4":null,"radar_mode_combination_5":null,"radar_mode_combination_6":null,"radar_mode_combination_7":null,"radar_mode_combination_8":null,"radar_mode_combination_9":null,"radar_mode_mnemonic_combination_1":"L:SCI:SH:77M+---:HS:B4:D02","radar_mode_mnemonic_combination_2":null,"radar_mode_mnemonic_combination_3":null,"radar_mode_mnemonic_combination_4":null,"radar_mode_mnemonic_combination_5":null,"radar_mode_mnemonic_combination_6":null,"radar_mode_mnemonic_combination_7":null,"radar_mode_mnemonic_combination_8":null,"radar_mode_mnemonic_combination_9":null,"date_cycle_popup":"2025-10-02 | Cycle A\n2025-10-14 | Cycle A\n2025-10-26 | Cycle A\n2025-11-07 | Cycle A\n2025-11-19 | Cycle A\n2025-12-01 | Cycle A\n2025-12-13 | Cycle A\n2025-12-25 | Cycle A\n2026-01-06 | Cycle A\n2026-01-18 | Cycle A\n2026-01-30 | Cycle A\n2026-02-11 | Cycle A\n2026-02-23 | Cycle A\n2026-03-07 | Cycle A\n2026-03-19 | Cycle A\n2026-03-31 | Cycle A\n2026-04-12 | Cycle A\n2026-04-24 | Cycle A\n2026-05-06 | Cycle A\n2026-05-18 | Cycle A\n2026-05-30 | Cycle A\n2026-06-11 | Cycle A\n2026-06-23 | Cycle A\n2026-07-05 | Cycle A\n2026-07-17 | Cycle A\n2026-07-29 | Cycle A\n2026-08-10 | Cycle A\n2026-08-22 | Cycle A\n2026-09-03 | Cycle A\n2026-09-15 | Cycle A\n2026-09-27 | Cycle A\n2026-10-09 | Cycle A\n2026-10-21 | Cycle A\n2026-11-02 | Cycle A\n2026-11-14 | Cycle A\n2026-11-26 | Cycle A\n2026-12-08 | Cycle A\n2026-12-20 | Cycle A","mixed_mode":"no","l_band":"yes","ls_band":"no","s_band":"no","SH":1,"SV":0,"DH":0,"DV":0,"QP":0,"CP":0,"QD":0,"QQ":0,"bw_40":"no","bw_20":"no","bw_77":"yes","bw_max_5":"no","visualization":"F0","Shape__Area":1060766704299.8047,"Shape__Length":4122259.6082376549,"tracks":134,"frames":140}},{"type":"Feature","id":8602,"geometry":{"type":"Polygon","coordinates":[[[-91.2112258499999,-73.982982916],[-91.518889566,-73.42869154],[-91.811658854,-72.874097773],[-88.0195786,-72.664627757],[-86.580065455,-72.564856856],[-84.232136463,-72.377113995],[-83.705793063,-72.921130431],[-83.1497703649999,-73.463964974],[-82.561114383,-74.005503476],[-81.9364785069999,-74.545615888],[-84.588892683,-74.752864579],[-86.22202286,-74.8625475859999],[-90.5445766349999,-75.0905522159999],[-90.887066817,-74.5369463329999],[-91.2112258499999,-73.982982916]]]},"properties":{"fid":8602,"track":105,"frame":141,"dates":"2025-09-30, 2025-10-12, 2025-10-24, 2025-11-05, 2025-11-17, 2025-11-29, 2025-12-11, 2025-12-23, 2026-01-04, 2026-01-16, 2026-01-28, 2026-02-09, 2026-02-21, 2026-03-05, 2026-03-17, 2026-03-29, 2026-04-10, 2026-04-22, 2026-05-04, 2026-05-16, 2026-05-28, 2026-06-09, 2026-06-21, 2026-07-03, 2026-07-15, 2026-07-27, 2026-08-08, 2026-08-20, 2026-09-01, 2026-09-13, 2026-09-25, 2026-10-07, 2026-10-19, 2026-10-31, 2026-11-12, 2026-11-24, 2026-12-06, 2026-12-18, 2026-12-30","acquisition_time":"12:29:16","date_mode_popup":"2025-09-30 | 150\n2025-10-12 | 150\n2025-10-24 | 150\n2025-11-05 | 150\n2025-11-17 | 150\n2025-11-29 | 150\n2025-12-11 | 150\n2025-12-23 | 150\n2026-01-04 | 150\n2026-01-16 | 150\n2026-01-28 | 150\n2026-02-09 | 150\n2026-02-21 | 150\n2026-03-05 | 150\n2026-03-17 | 150\n2026-03-29 | 150\n2026-04-10 | 150\n2026-04-22 | 150\n2026-05-04 | 150\n2026-05-16 | 150\n2026-05-28 | 150\n2026-06-09 | 150\n2026-06-21 | 150\n2026-07-03 | 150\n2026-07-15 | 150\n2026-07-27 | 150\n2026-08-08 | 150\n2026-08-20 | 150\n2026-09-01 | 150\n2026-09-13 | 150\n2026-09-25 | 150\n2026-10-07 | 150\n2026-10-19 | 150\n2026-10-31 | 150\n2026-11-12 | 150\n2026-11-24 | 150\n2026-12-06 | 150\n2026-12-18 | 150\n2026-12-30 | 150","producerifg":1,"producerunw":1,"produceroff":1,"producegunw":1,"producegoff":1,"producerslc":1,"producegslc":1,"producegcov":1,"producesmst":0,"passdirection":"Ascending","unique_radar_mode_list":"150","unique_radar_mode_mnemonic_list":"L:SCI:SH:77M+---:HS:B4:D02","number_combos":1,"mode_change":"no","radar_mode_combination_1":"150","radar_mode_combination_2":null,"radar_mode_combination_3":null,"radar_mode_combination_4":null,"radar_mode_combination_5":null,"radar_mode_combination_6":null,"radar_mode_combination_7":null,"radar_mode_combination_8":null,"radar_mode_combination_9":null,"radar_mode_mnemonic_combination_1":"L:SCI:SH:77M+---:HS:B4:D02","radar_mode_mnemonic_combination_2":null,"radar_mode_mnemonic_combination_3":null,"radar_mode_mnemonic_combination_4":null,"radar_mode_mnemonic_combination_5":null,"radar_mode_mnemonic_combination_6":null,"radar_mode_mnemonic_combination_7":null,"radar_mode_mnemonic_combination_8":null,"radar_mode_mnemonic_combination_9":null,"date_cycle_popup":"2025-09-30 | Cycle A\n2025-10-12 | Cycle A\n2025-10-24 | Cycle A\n2025-11-05 | Cycle A\n2025-11-17 | Cycle A\n2025-11-29 | Cycle A\n2025-12-11 | Cycle A\n2025-12-23 | Cycle A\n2026-01-04 | Cycle A\n2026-01-16 | Cycle A\n2026-01-28 | Cycle A\n2026-02-09 | Cycle A\n2026-02-21 | Cycle A\n2026-03-05 | Cycle A\n2026-03-17 | Cycle A\n2026-03-29 | Cycle A\n2026-04-10 | Cycle A\n2026-04-22 | Cycle A\n2026-05-04 | Cycle A\n2026-05-16 | Cycle A\n2026-05-28 | Cycle A\n2026-06-09 | Cycle A\n2026-06-21 | Cycle A\n2026-07-03 | Cycle A\n2026-07-15 | Cycle A\n2026-07-27 | Cycle A\n2026-08-08 | Cycle A\n2026-08-20 | Cycle A\n2026-09-01 | Cycle A\n2026-09-13 | Cycle A\n2026-09-25 | Cycle A\n2026-10-07 | Cycle A\n2026-10-19 | Cycle A\n2026-10-31 | Cycle A\n2026-11-12 | Cycle A\n2026-11-24 | Cycle A\n2026-12-06 | Cycle A\n2026-12-18 | Cycle A\n2026-12-30 | Cycle A","mixed_mode":"no","l_band":"yes","ls_band":"no","s_band":"no","SH":1,"SV":0,"DH":0,"DV":0,"QP":0,"CP":0,"QD":0,"QQ":0,"bw_40":"no","bw_20":"no","bw_77":"yes","bw_max_5":"no","visualization":"F0","Shape__Area":829526238293.28906,"Shape__Length":3644414.9448051685,"tracks":105,"frames":141}},{"type":"Feature","id":12744,"geometry":{"type":"Polygon","coordinates":[[[-136.23569563,-71.3635928269999],[-136.478772032,-70.8206097469999],[-133.072791362,-70.623305516],[-131.775894595,-70.5302956159999],[-129.654733762,-70.356111754],[-129.227544487,-70.891334574],[-128.77998782,-71.4257329389999],[-128.310282986,-71.959239259],[-127.816441048,-72.491777676],[-130.178261794,-72.680469096],[-131.626564406,-72.7807284249999],[-135.442597814,-72.991143655],[-135.718598787,-72.448875151],[-135.982615055,-71.906352752],[-136.23569563,-71.3635928269999]]]},"properties":{"fid":12744,"track":150,"frame":142,"dates":"2025-10-03, 2025-10-15, 2025-10-27, 2025-11-08, 2025-11-20, 2025-12-02, 2025-12-14, 2025-12-26, 2026-01-07, 2026-01-19, 2026-01-31, 2026-02-12, 2026-02-24, 2026-03-08, 2026-03-20, 2026-04-01, 2026-04-13, 2026-04-25, 2026-05-07, 2026-05-19, 2026-05-31, 2026-06-12, 2026-06-24, 2026-07-06, 2026-07-18, 2026-07-30, 2026-08-11, 2026-08-23, 2026-09-04, 2026-09-16, 2026-09-28, 2026-10-10, 2026-10-22, 2026-11-03, 2026-11-15, 2026-11-27, 2026-12-09, 2026-12-21","acquisition_time":"15:24:52","date_mode_popup":"2025-10-03 | 153\n2025-10-15 | 153\n2025-10-27 | 153\n2025-11-08 | 153\n2025-11-20 | 153\n2025-12-02 | 153\n2025-12-14 | 153\n2025-12-26 | 153\n2026-01-07 | 153\n2026-01-19 | 153\n2026-01-31 | 153\n2026-02-12 | 153\n2026-02-24 | 246,153\n2026-03-08 | 246,153\n2026-03-20 | 153\n2026-04-01 | 153\n2026-04-13 | 153\n2026-04-25 | 153\n2026-05-07 | 153\n2026-05-19 | 153\n2026-05-31 | 153\n2026-06-12 | 153\n2026-06-24 | 153\n2026-07-06 | 153\n2026-07-18 | 153\n2026-07-30 | 153\n2026-08-11 | 153\n2026-08-23 | 246,153\n2026-09-04 | 246,153\n2026-09-16 | 153\n2026-09-28 | 153\n2026-10-10 | 153\n2026-10-22 | 153\n2026-11-03 | 153\n2026-11-15 | 153\n2026-11-27 | 153\n2026-12-09 | 153\n2026-12-21 | 153","producerifg":0,"producerunw":0,"produceroff":0,"producegunw":0,"producegoff":0,"producerslc":1,"producegslc":1,"producegcov":1,"producesmst":0,"passdirection":"Ascending","unique_radar_mode_list":"153, 246","unique_radar_mode_mnemonic_list":"L:SCI:SH:77M+---:HS:B4:D02  S:--:SH:37W:B4, L:SCI:SV:05W+---:FS:B4:D09","number_combos":2,"mode_change":"yes","radar_mode_combination_1":"153","radar_mode_combination_2":"246,153","radar_mode_combination_3":null,"radar_mode_combination_4":null,"radar_mode_combination_5":null,"radar_mode_combination_6":null,"radar_mode_combination_7":null,"radar_mode_combination_8":null,"radar_mode_combination_9":null,"radar_mode_mnemonic_combination_1":"L:SCI:SV:05W+---:FS:B4:D09","radar_mode_mnemonic_combination_2":"L:SCI:SH:77M+---:HS:B4:D02  S:--:SH:37W:B4,L:SCI:SV:05W+---:FS:B4:D09","radar_mode_mnemonic_combination_3":null,"radar_mode_mnemonic_combination_4":null,"radar_mode_mnemonic_combination_5":null,"radar_mode_mnemonic_combination_6":null,"radar_mode_mnemonic_combination_7":null,"radar_mode_mnemonic_combination_8":null,"radar_mode_mnemonic_combination_9":null,"date_cycle_popup":"2025-10-03 | Cycle A\n2025-10-15 | Cycle A\n2025-10-27 | Cycle A\n2025-11-08 | Cycle A\n2025-11-20 | Cycle A\n2025-12-02 | Cycle A\n2025-12-14 | Cycle A\n2025-12-26 | Cycle A\n2026-01-07 | Cycle A\n2026-01-19 | Cycle A\n2026-01-31 | Cycle A\n2026-02-12 | Cycle A\n2026-02-24 | Cycle B\n2026-03-08 | Cycle B\n2026-03-20 | Cycle A\n2026-04-01 | Cycle A\n2026-04-13 | Cycle A\n2026-04-25 | Cycle A\n2026-05-07 | Cycle A\n2026-05-19 | Cycle A\n2026-05-31 | Cycle A\n2026-06-12 | Cycle A\n2026-06-24 | Cycle A\n2026-07-06 | Cycle A\n2026-07-18 | Cycle A\n2026-07-30 | Cycle A\n2026-08-11 | Cycle A\n2026-08-23 | Cycle B\n2026-09-04 | Cycle B\n2026-09-16 | Cycle A\n2026-09-28 | Cycle A\n2026-10-10 | Cycle A\n2026-10-22 | Cycle A\n2026-11-03 | Cycle A\n2026-11-15 | Cycle A\n2026-11-27 | Cycle A\n2026-12-09 | Cycle A\n2026-12-21 | Cycle A","mixed_mode":"yes","l_band":"yes","ls_band":"yes","s_band":"no","SH":1,"SV":1,"DH":0,"DV":0,"QP":0,"CP":0,"QD":0,"QQ":0,"bw_40":"no","bw_20":"no","bw_77":"yes","bw_max_5":"yes","visualization":"S1","Shape__Area":642430917292.32813,"Shape__Length":3207655.6256383434,"tracks":150,"frames":142}},{"type":"Feature","id":9982,"geometry":{"type":"Polygon","coordinates":[[[-103.272130978,-77.579170199],[-103.72948771,-77.0271370959999],[-98.804034528,-76.776284602],[-96.9545955849999,-76.6547497619999],[-93.967330039,-76.424574885],[-93.123844936,-76.9565952729999],[-92.215105051,-77.486024353],[-91.232842819,-78.012525167],[-90.167418485,-78.5357006359999],[-93.6423304039999,-78.801954028],[-95.8148826359999,-78.942495939],[-101.666322854,-79.2310725949999],[-102.246189291,-78.68123292],[-102.779407176,-78.130564162],[-103.272130978,-77.579170199]]]},"properties":{"fid":9982,"track":120,"frame":139,"dates":"2025-10-01, 2025-10-13, 2025-10-25, 2025-11-06, 2025-11-18, 2025-11-30, 2025-12-12, 2025-12-24, 2026-01-05, 2026-01-17, 2026-01-29, 2026-02-10, 2026-02-22, 2026-03-06, 2026-03-18, 2026-03-30, 2026-04-11, 2026-04-23, 2026-05-05, 2026-05-17, 2026-05-29, 2026-06-10, 2026-06-22, 2026-07-04, 2026-07-16, 2026-07-28, 2026-08-09, 2026-08-21, 2026-09-02, 2026-09-14, 2026-09-26, 2026-10-08, 2026-10-20, 2026-11-01, 2026-11-13, 2026-11-25, 2026-12-07, 2026-12-19","acquisition_time":"13:24:40, 13:24:48, 13:24:44","date_mode_popup":"2025-10-01 | 150\n2025-10-13 | 150\n2025-10-25 | 150\n2025-11-06 | 150\n2025-11-18 | 150\n2025-11-30 | 150\n2025-12-12 | 150\n2025-12-24 | 150\n2026-01-05 | 150\n2026-01-17 | 150\n2026-01-29 | 150\n2026-02-10 | 150\n2026-02-22 | 246\n2026-03-06 | 246\n2026-03-18 | 150\n2026-03-30 | 150\n2026-04-11 | 150\n2026-04-23 | 150\n2026-05-05 | 150\n2026-05-17 | 150\n2026-05-29 | 150\n2026-06-10 | 150\n2026-06-22 | 150\n2026-07-04 | 150\n2026-07-16 | 150\n2026-07-28 | 150\n2026-08-09 | 150\n2026-08-21 | 246\n2026-09-02 | 246\n2026-09-14 | 150\n2026-09-26 | 150\n2026-10-08 | 150\n2026-10-20 | 150\n2026-11-01 | 150\n2026-11-13 | 150\n2026-11-25 | 150\n2026-12-07 | 150\n2026-12-19 | 150","producerifg":1,"producerunw":1,"produceroff":1,"producegunw":1,"producegoff":1,"producerslc":1,"producegslc":1,"producegcov":1,"producesmst":0,"passdirection":"Ascending","unique_radar_mode_list":"150, 246","unique_radar_mode_mnemonic_list":"L:SCI:SH:77M+---:HS:B4:D02, L:SCI:SH:77M+---:HS:B4:D02  S:--:SH:37W:B4","number_combos":2,"mode_change":"yes","radar_mode_combination_1":"150","radar_mode_combination_2":"246","radar_mode_combination_3":null,"radar_mode_combination_4":null,"radar_mode_combination_5":null,"radar_mode_combination_6":null,"radar_mode_combination_7":null,"radar_mode_combination_8":null,"radar_mode_combination_9":null,"radar_mode_mnemonic_combination_1":"L:SCI:SH:77M+---:HS:B4:D02","radar_mode_mnemonic_combination_2":"L:SCI:SH:77M+---:HS:B4:D02  S:--:SH:37W:B4","radar_mode_mnemonic_combination_3":null,"radar_mode_mnemonic_combination_4":null,"radar_mode_mnemonic_combination_5":null,"radar_mode_mnemonic_combination_6":null,"radar_mode_mnemonic_combination_7":null,"radar_mode_mnemonic_combination_8":null,"radar_mode_mnemonic_combination_9":null,"date_cycle_popup":"2025-10-01 | Cycle A\n2025-10-13 | Cycle A\n2025-10-25 | Cycle A\n2025-11-06 | Cycle A\n2025-11-18 | Cycle A\n2025-11-30 | Cycle A\n2025-12-12 | Cycle A\n2025-12-24 | Cycle A\n2026-01-05 | Cycle A\n2026-01-17 | Cycle A\n2026-01-29 | Cycle A\n2026-02-10 | Cycle A\n2026-02-22 | Cycle B\n2026-03-06 | Cycle B\n2026-03-18 | Cycle A\n2026-03-30 | Cycle A\n2026-04-11 | Cycle A\n2026-04-23 | Cycle A\n2026-05-05 | Cycle A\n2026-05-17 | Cycle A\n2026-05-29 | Cycle A\n2026-06-10 | Cycle A\n2026-06-22 | Cycle A\n2026-07-04 | Cycle A\n2026-07-16 | Cycle A\n2026-07-28 | Cycle A\n2026-08-09 | Cycle A\n2026-08-21 | Cycle B\n2026-09-02 | Cycle B\n2026-09-14 | Cycle A\n2026-09-26 | Cycle A\n2026-10-08 | Cycle A\n2026-10-20 | Cycle A\n2026-11-01 | Cycle A\n2026-11-13 | Cycle A\n2026-11-25 | Cycle A\n2026-12-07 | Cycle A\n2026-12-19 | Cycle A","mixed_mode":"no","l_band":"yes","ls_band":"yes","s_band":"no","SH":1,"SV":0,"DH":0,"DV":0,"QP":0,"CP":0,"QD":0,"QQ":0,"bw_40":"no","bw_20":"no","bw_77":"yes","bw_max_5":"no","visualization":"S0","Shape__Area":1470918813988.7813,"Shape__Length":4853996.0792040788,"tracks":120,"frames":139}},{"type":"Feature","id":9226,"geometry":{"type":"Polygon","coordinates":[[[-97.168567829,-76.601070971],[-97.5927374779999,-77.142539784],[-102.558702229,-76.890120119],[-104.422525403,-76.7677834519999],[-107.431842409,-76.536070676],[-106.650253399,-76.01286585],[-105.919867344,-75.487634254],[-105.235482555,-74.9605829239999],[-104.592557441,-74.4318913509999],[-101.958488897,-74.637937855],[-100.337098999,-74.7470079409999],[-96.046938016,-74.973862278],[-96.398480029,-75.516685873],[-96.771491177,-76.0591029839999],[-97.168567829,-76.601070971]]]},"properties":{"fid":9226,"track":112,"frame":126,"dates":"2025-09-30, 2025-10-12, 2025-10-24, 2025-11-05, 2025-11-17, 2025-11-29, 2025-12-11, 2025-12-23, 2026-01-04, 2026-01-16, 2026-01-28, 2026-02-09, 2026-02-21, 2026-03-05, 2026-03-17, 2026-03-29, 2026-04-10, 2026-04-22, 2026-05-04, 2026-05-16, 2026-05-28, 2026-06-09, 2026-06-21, 2026-07-03, 2026-07-15, 2026-07-27, 2026-08-08, 2026-08-20, 2026-09-01, 2026-09-13, 2026-09-25, 2026-10-07, 2026-10-19, 2026-10-31, 2026-11-12, 2026-11-24, 2026-12-06, 2026-12-18, 2026-12-30","acquisition_time":"23:59:16","date_mode_popup":"2025-09-30 | 246\n2025-10-12 | 246\n2025-10-24 | 246\n2025-11-05 | 246\n2025-11-17 | 246\n2025-11-29 | 246\n2025-12-11 | 246\n2025-12-23 | 246\n2026-01-04 | 246\n2026-01-16 | 246\n2026-01-28 | 246\n2026-02-09 | 220\n2026-02-21 | 220\n2026-03-05 | 246\n2026-03-17 | 246\n2026-03-29 | 246\n2026-04-10 | 246\n2026-04-22 | 246\n2026-05-04 | 246\n2026-05-16 | 246\n2026-05-28 | 246\n2026-06-09 | 246\n2026-06-21 | 246\n2026-07-03 | 246\n2026-07-15 | 246\n2026-07-27 | 246\n2026-08-08 | 220\n2026-08-20 | 220\n2026-09-01 | 246\n2026-09-13 | 246\n2026-09-25 | 246\n2026-10-07 | 246\n2026-10-19 | 246\n2026-10-31 | 246\n2026-11-12 | 246\n2026-11-24 | 246\n2026-12-06 | 246\n2026-12-18 | 246\n2026-12-30 | 246","producerifg":1,"producerunw":1,"produceroff":1,"producegunw":1,"producegoff":1,"producerslc":1,"producegslc":1,"producegcov":1,"producesmst":0,"passdirection":"Descending","unique_radar_mode_list":"220, 246","unique_radar_mode_mnemonic_list":"L:SCI:SH:77M+---:HS:B4:D02  S:--:SH:37W:B4, L:SCI:SH:77M+---:HS:B4:D02  S:DB:CP:25W:B4","number_combos":2,"mode_change":"yes","radar_mode_combination_1":"246","radar_mode_combination_2":"220","radar_mode_combination_3":null,"radar_mode_combination_4":null,"radar_mode_combination_5":null,"radar_mode_combination_6":null,"radar_mode_combination_7":null,"radar_mode_combination_8":null,"radar_mode_combination_9":null,"radar_mode_mnemonic_combination_1":"L:SCI:SH:77M+---:HS:B4:D02  S:--:SH:37W:B4","radar_mode_mnemonic_combination_2":"L:SCI:SH:77M+---:HS:B4:D02  S:DB:CP:25W:B4","radar_mode_mnemonic_combination_3":null,"radar_mode_mnemonic_combination_4":null,"radar_mode_mnemonic_combination_5":null,"radar_mode_mnemonic_combination_6":null,"radar_mode_mnemonic_combination_7":null,"radar_mode_mnemonic_combination_8":null,"radar_mode_mnemonic_combination_9":null,"date_cycle_popup":"2025-09-30 | Cycle A\n2025-10-12 | Cycle A\n2025-10-24 | Cycle A\n2025-11-05 | Cycle A\n2025-11-17 | Cycle A\n2025-11-29 | Cycle A\n2025-12-11 | Cycle A\n2025-12-23 | Cycle A\n2026-01-04 | Cycle A\n2026-01-16 | Cycle A\n2026-01-28 | Cycle A\n2026-02-09 | Cycle B\n2026-02-21 | Cycle B\n2026-03-05 | Cycle A\n2026-03-17 | Cycle A\n2026-03-29 | Cycle A\n2026-04-10 | Cycle A\n2026-04-22 | Cycle A\n2026-05-04 | Cycle A\n2026-05-16 | Cycle A\n2026-05-28 | Cycle A\n2026-06-09 | Cycle A\n2026-06-21 | Cycle A\n2026-07-03 | Cycle A\n2026-07-15 | Cycle A\n2026-07-27 | Cycle A\n2026-08-08 | Cycle B\n2026-08-20 | Cycle B\n2026-09-01 | Cycle A\n2026-09-13 | Cycle A\n2026-09-25 | Cycle A\n2026-10-07 | Cycle A\n2026-10-19 | Cycle A\n2026-10-31 | Cycle A\n2026-11-12 | Cycle A\n2026-11-24 | Cycle A\n2026-12-06 | Cycle A\n2026-12-18 | Cycle A\n2026-12-30 | Cycle A","mixed_mode":"no","l_band":"yes","ls_band":"yes","s_band":"no","SH":1,"SV":0,"DH":0,"DV":0,"QP":0,"CP":0,"QD":0,"QQ":0,"bw_40":"no","bw_20":"no","bw_77":"yes","bw_max_5":"no","visualization":"S0","Shape__Area":1060488731699.4375,"Shape__Length":4121710.5180635462,"tracks":112,"frames":126}},{"type":"Feature","id":2064,"geometry":{"type":"Polygon","coordinates":[[[-118.568976898,-73.428836691],[-118.861774751,-72.874235202],[-115.069782871,-72.664732237],[-113.630305805,-72.564949538],[-111.282438591,-72.377188291],[-110.756053015,-72.921210346],[-110.199985334,-73.464050124],[-109.611281275,-74.005593437],[-108.986593881,-74.545710217],[-111.638961335,-74.752980511],[-113.27206615,-74.862677133],[-117.59456556,-75.0907188639999],[-117.937090931,-74.53710611],[-118.261282668,-73.983135524],[-118.568976898,-73.428836691]]]},"properties":{"fid":2064,"track":34,"frame":141,"dates":"2025-09-25, 2025-10-07, 2025-10-19, 2025-10-31, 2025-11-12, 2025-11-24, 2025-12-06, 2025-12-18, 2025-12-30, 2026-01-11, 2026-01-23, 2026-02-04, 2026-02-16, 2026-02-28, 2026-03-12, 2026-03-24, 2026-04-05, 2026-04-17, 2026-04-29, 2026-05-11, 2026-05-23, 2026-06-04, 2026-06-16, 2026-06-28, 2026-07-10, 2026-07-22, 2026-08-03, 2026-08-15, 2026-08-27, 2026-09-08, 2026-09-20, 2026-10-02, 2026-10-14, 2026-10-26, 2026-11-07, 2026-11-19, 2026-12-01, 2026-12-13, 2026-12-25","acquisition_time":"14:17:36","date_mode_popup":"2025-09-25 | 150,153\n2025-10-07 | 150,153\n2025-10-19 | 150,153\n2025-10-31 | 150,153\n2025-11-12 | 150,153\n2025-11-24 | 150,153\n2025-12-06 | 150,153\n2025-12-18 | 150,153\n2025-12-30 | 150,153\n2026-01-11 | 150,153\n2026-01-23 | 150,153\n2026-02-04 | 150,153\n2026-02-16 | 150,153\n2026-02-28 | 150,153\n2026-03-12 | 150,153\n2026-03-24 | 150,153\n2026-04-05 | 150,153\n2026-04-17 | 150,153\n2026-04-29 | 150,153\n2026-05-11 | 150,153\n2026-05-23 | 150,153\n2026-06-04 | 150,153\n2026-06-16 | 150,153\n2026-06-28 | 150,153\n2026-07-10 | 150,153\n2026-07-22 | 150,153\n2026-08-03 | 150,153\n2026-08-15 | 150,153\n2026-08-27 | 150,153\n2026-09-08 | 150,153\n2026-09-20 | 150,153\n2026-10-02 | 150,153\n2026-10-14 | 150,153\n2026-10-26 | 150,153\n2026-11-07 | 150,153\n2026-11-19 | 150,153\n2026-12-01 | 150,153\n2026-12-13 | 150,153\n2026-12-25 | 150,153","producerifg":1,"producerunw":1,"produceroff":1,"producegunw":1,"producegoff":1,"producerslc":1,"producegslc":1,"producegcov":1,"producesmst":0,"passdirection":"Ascending","unique_radar_mode_list":"150, 153","unique_radar_mode_mnemonic_list":"L:SCI:SH:77M+---:HS:B4:D02, L:SCI:SV:05W+---:FS:B4:D09","number_combos":1,"mode_change":"no","radar_mode_combination_1":"150,153","radar_mode_combination_2":null,"radar_mode_combination_3":null,"radar_mode_combination_4":null,"radar_mode_combination_5":null,"radar_mode_combination_6":null,"radar_mode_combination_7":null,"radar_mode_combination_8":null,"radar_mode_combination_9":null,"radar_mode_mnemonic_combination_1":"L:SCI:SH:77M+---:HS:B4:D02,L:SCI:SV:05W+---:FS:B4:D09","radar_mode_mnemonic_combination_2":null,"radar_mode_mnemonic_combination_3":null,"radar_mode_mnemonic_combination_4":null,"radar_mode_mnemonic_combination_5":null,"radar_mode_mnemonic_combination_6":null,"radar_mode_mnemonic_combination_7":null,"radar_mode_mnemonic_combination_8":null,"radar_mode_mnemonic_combination_9":null,"date_cycle_popup":"2025-09-25 | Cycle A\n2025-10-07 | Cycle A\n2025-10-19 | Cycle A\n2025-10-31 | Cycle A\n2025-11-12 | Cycle A\n2025-11-24 | Cycle A\n2025-12-06 | Cycle A\n2025-12-18 | Cycle A\n2025-12-30 | Cycle A\n2026-01-11 | Cycle A\n2026-01-23 | Cycle A\n2026-02-04 | Cycle A\n2026-02-16 | Cycle A\n2026-02-28 | Cycle A\n2026-03-12 | Cycle A\n2026-03-24 | Cycle A\n2026-04-05 | Cycle A\n2026-04-17 | Cycle A\n2026-04-29 | Cycle A\n2026-05-11 | Cycle A\n2026-05-23 | Cycle A\n2026-06-04 | Cycle A\n2026-06-16 | Cycle A\n2026-06-28 | Cycle A\n2026-07-10 | Cycle A\n2026-07-22 | Cycle A\n2026-08-03 | Cycle A\n2026-08-15 | Cycle A\n2026-08-27 | Cycle A\n2026-09-08 | Cycle A\n2026-09-20 | Cycle A\n2026-10-02 | Cycle A\n2026-10-14 | Cycle A\n2026-10-26 | Cycle A\n2026-11-07 | Cycle A\n2026-11-19 | Cycle A\n2026-12-01 | Cycle A\n2026-12-13 | Cycle A\n2026-12-25 | Cycle A","mixed_mode":"yes","l_band":"yes","ls_band":"no","s_band":"no","SH":1,"SV":1,"DH":0,"DV":0,"QP":0,"CP":0,"QD":0,"QQ":0,"bw_40":"no","bw_20":"no","bw_77":"yes","bw_max_5":"yes","visualization":"F1","Shape__Area":829534927812.0625,"Shape__Length":3644433.6026041736,"tracks":34,"frames":141}},{"type":"Feature","id":6046,"geometry":{"type":"Polygon","coordinates":[[[-113.097871687,-71.906081306],[-113.350782442,-71.363331256],[-113.593698455,-70.820358443],[-110.187271421,-70.623132704],[-108.890203676,-70.53014897],[-106.768761971,-70.35600349],[-106.341712589,-70.891221072],[-105.894303716,-71.425614856],[-105.424755269,-71.9591173],[-104.931079062,-72.491652613],[-107.293212248,-72.680299668],[-108.741704008,-72.780528815],[-112.558226076,-72.99085375],[-112.834035569,-72.448594246],[-113.097871687,-71.906081306]]]},"properties":{"fid":6046,"track":77,"frame":142,"dates":"2025-09-28, 2025-10-10, 2025-10-22, 2025-11-03, 2025-11-15, 2025-11-27, 2025-12-09, 2025-12-21, 2026-01-02, 2026-01-14, 2026-01-26, 2026-02-07, 2026-02-19, 2026-03-03, 2026-03-15, 2026-03-27, 2026-04-08, 2026-04-20, 2026-05-02, 2026-05-14, 2026-05-26, 2026-06-07, 2026-06-19, 2026-07-01, 2026-07-13, 2026-07-25, 2026-08-06, 2026-08-18, 2026-08-30, 2026-09-11, 2026-09-23, 2026-10-05, 2026-10-17, 2026-10-29, 2026-11-10, 2026-11-22, 2026-12-04, 2026-12-16, 2026-12-28","acquisition_time":"13:51:56","date_mode_popup":"2025-09-28 | 150,153\n2025-10-10 | 150,153\n2025-10-22 | 150,153\n2025-11-03 | 150,153\n2025-11-15 | 150,153\n2025-11-27 | 150,153\n2025-12-09 | 150,153\n2025-12-21 | 150,153\n2026-01-02 | 150,153\n2026-01-14 | 150,153\n2026-01-26 | 150,153\n2026-02-07 | 150,153\n2026-02-19 | 150,153\n2026-03-03 | 246,153\n2026-03-15 | 246,153\n2026-03-27 | 150,153\n2026-04-08 | 150,153\n2026-04-20 | 150,153\n2026-05-02 | 150,153\n2026-05-14 | 150,153\n2026-05-26 | 150,153\n2026-06-07 | 150,153\n2026-06-19 | 150,153\n2026-07-01 | 150,153\n2026-07-13 | 150,153\n2026-07-25 | 150,153\n2026-08-06 | 150,153\n2026-08-18 | 150,153\n2026-08-30 | 246,153\n2026-09-11 | 246,153\n2026-09-23 | 150,153\n2026-10-05 | 150,153\n2026-10-17 | 150,153\n2026-10-29 | 150,153\n2026-11-10 | 150,153\n2026-11-22 | 150,153\n2026-12-04 | 150,153\n2026-12-16 | 150,153\n2026-12-28 | 150,153","producerifg":0,"producerunw":0,"produceroff":0,"producegunw":0,"producegoff":0,"producerslc":1,"producegslc":1,"producegcov":1,"producesmst":0,"passdirection":"Ascending","unique_radar_mode_list":"150, 153, 246","unique_radar_mode_mnemonic_list":"L:SCI:SH:77M+---:HS:B4:D02, L:SCI:SH:77M+---:HS:B4:D02  S:--:SH:37W:B4, L:SCI:SV:05W+---:FS:B4:D09","number_combos":2,"mode_change":"yes","radar_mode_combination_1":"150,153","radar_mode_combination_2":"246,153","radar_mode_combination_3":null,"radar_mode_combination_4":null,"radar_mode_combination_5":null,"radar_mode_combination_6":null,"radar_mode_combination_7":null,"radar_mode_combination_8":null,"radar_mode_combination_9":null,"radar_mode_mnemonic_combination_1":"L:SCI:SH:77M+---:HS:B4:D02,L:SCI:SV:05W+---:FS:B4:D09","radar_mode_mnemonic_combination_2":"L:SCI:SH:77M+---:HS:B4:D02  S:--:SH:37W:B4,L:SCI:SV:05W+---:FS:B4:D09","radar_mode_mnemonic_combination_3":null,"radar_mode_mnemonic_combination_4":null,"radar_mode_mnemonic_combination_5":null,"radar_mode_mnemonic_combination_6":null,"radar_mode_mnemonic_combination_7":null,"radar_mode_mnemonic_combination_8":null,"radar_mode_mnemonic_combination_9":null,"date_cycle_popup":"2025-09-28 | Cycle A\n2025-10-10 | Cycle A\n2025-10-22 | Cycle A\n2025-11-03 | Cycle A\n2025-11-15 | Cycle A\n2025-11-27 | Cycle A\n2025-12-09 | Cycle A\n2025-12-21 | Cycle A\n2026-01-02 | Cycle A\n2026-01-14 | Cycle A\n2026-01-26 | Cycle A\n2026-02-07 | Cycle A\n2026-02-19 | Cycle A\n2026-03-03 | Cycle B\n2026-03-15 | Cycle B\n2026-03-27 | Cycle A\n2026-04-08 | Cycle A\n2026-04-20 | Cycle A\n2026-05-02 | Cycle A\n2026-05-14 | Cycle A\n2026-05-26 | Cycle A\n2026-06-07 | Cycle A\n2026-06-19 | Cycle A\n2026-07-01 | Cycle A\n2026-07-13 | Cycle A\n2026-07-25 | Cycle A\n2026-08-06 | Cycle A\n2026-08-18 | Cycle A\n2026-08-30 | Cycle B\n2026-09-11 | Cycle B\n2026-09-23 | Cycle A\n2026-10-05 | Cycle A\n2026-10-17 | Cycle A\n2026-10-29 | Cycle A\n2026-11-10 | Cycle A\n2026-11-22 | Cycle A\n2026-12-04 | Cycle A\n2026-12-16 | Cycle A\n2026-12-28 | Cycle A","mixed_mode":"yes","l_band":"yes","ls_band":"yes","s_band":"no","SH":1,"SV":1,"DH":0,"DV":0,"QP":0,"CP":0,"QD":0,"QQ":0,"bw_40":"no","bw_20":"no","bw_77":"yes","bw_max_5":"yes","visualization":"S1","Shape__Area":642475799397.71094,"Shape__Length":3207773.4952340988,"tracks":77,"frames":142}},{"type":"Feature","id":13903,"geometry":{"type":"Polygon","coordinates":[[[-98.9410354249999,-74.9743117639999],[-94.649943316,-74.7474338329999],[-93.0282180299999,-74.638346706],[-90.39362554,-74.432263091],[-89.7506739039999,-74.96097026],[-89.066258025,-75.488036916],[-88.3358355779999,-76.0132835329999],[-87.554203967,-76.536503047],[-90.564160795,-76.7682596619999],[-92.428398382,-76.890616307],[-97.3955264909999,-77.143062439],[-97.819618309,-76.601575267],[-98.2166207269999,-76.0595889799999],[-98.589561045,-75.5171536],[-98.9410354249999,-74.9743117639999]]]},"properties":{"fid":13903,"track":163,"frame":140,"dates":"2025-10-04, 2025-10-16, 2025-10-28, 2025-11-09, 2025-11-21, 2025-12-03, 2025-12-15, 2025-12-27, 2026-01-08, 2026-01-20, 2026-02-01, 2026-02-13, 2026-02-25, 2026-03-09, 2026-03-21, 2026-04-02, 2026-04-14, 2026-04-26, 2026-05-08, 2026-05-20, 2026-06-01, 2026-06-13, 2026-06-25, 2026-07-07, 2026-07-19, 2026-07-31, 2026-08-12, 2026-08-24, 2026-09-05, 2026-09-17, 2026-09-29, 2026-10-11, 2026-10-23, 2026-11-04, 2026-11-16, 2026-11-28, 2026-12-10, 2026-12-22","acquisition_time":"13:00:36","date_mode_popup":"2025-10-04 | 150\n2025-10-16 | 150\n2025-10-28 | 150\n2025-11-09 | 150\n2025-11-21 | 150\n2025-12-03 | 150\n2025-12-15 | 150\n2025-12-27 | 150\n2026-01-08 | 150\n2026-01-20 | 150\n2026-02-01 | 150\n2026-02-13 | 150\n2026-02-25 | 246\n2026-03-09 | 246\n2026-03-21 | 150\n2026-04-02 | 150\n2026-04-14 | 150\n2026-04-26 | 150\n2026-05-08 | 150\n2026-05-20 | 150\n2026-06-01 | 150\n2026-06-13 | 150\n2026-06-25 | 150\n2026-07-07 | 150\n2026-07-19 | 150\n2026-07-31 | 150\n2026-08-12 | 150\n2026-08-24 | 246\n2026-09-05 | 246\n2026-09-17 | 150\n2026-09-29 | 150\n2026-10-11 | 150\n2026-10-23 | 150\n2026-11-04 | 150\n2026-11-16 | 150\n2026-11-28 | 150\n2026-12-10 | 150\n2026-12-22 | 150","producerifg":1,"producerunw":1,"produceroff":1,"producegunw":1,"producegoff":1,"producerslc":1,"producegslc":1,"producegcov":1,"producesmst":0,"passdirection":"Ascending","unique_radar_mode_list":"150, 246","unique_radar_mode_mnemonic_list":"L:SCI:SH:77M+---:HS:B4:D02, L:SCI:SH:77M+---:HS:B4:D02  S:--:SH:37W:B4","number_combos":2,"mode_change":"yes","radar_mode_combination_1":"150","radar_mode_combination_2":"246","radar_mode_combination_3":null,"radar_mode_combination_4":null,"radar_mode_combination_5":null,"radar_mode_combination_6":null,"radar_mode_combination_7":null,"radar_mode_combination_8":null,"radar_mode_combination_9":null,"radar_mode_mnemonic_combination_1":"L:SCI:SH:77M+---:HS:B4:D02","radar_mode_mnemonic_combination_2":"L:SCI:SH:77M+---:HS:B4:D02  S:--:SH:37W:B4","radar_mode_mnemonic_combination_3":null,"radar_mode_mnemonic_combination_4":null,"radar_mode_mnemonic_combination_5":null,"radar_mode_mnemonic_combination_6":null,"radar_mode_mnemonic_combination_7":null,"radar_mode_mnemonic_combination_8":null,"radar_mode_mnemonic_combination_9":null,"date_cycle_popup":"2025-10-04 | Cycle A\n2025-10-16 | Cycle A\n2025-10-28 | Cycle A\n2025-11-09 | Cycle A\n2025-11-21 | Cycle A\n2025-12-03 | Cycle A\n2025-12-15 | Cycle A\n2025-12-27 | Cycle A\n2026-01-08 | Cycle A\n2026-01-20 | Cycle A\n2026-02-01 | Cycle A\n2026-02-13 | Cycle A\n2026-02-25 | Cycle B\n2026-03-09 | Cycle B\n2026-03-21 | Cycle A\n2026-04-02 | Cycle A\n2026-04-14 | Cycle A\n2026-04-26 | Cycle A\n2026-05-08 | Cycle A\n2026-05-20 | Cycle A\n2026-06-01 | Cycle A\n2026-06-13 | Cycle A\n2026-06-25 | Cycle A\n2026-07-07 | Cycle A\n2026-07-19 | Cycle A\n2026-07-31 | Cycle A\n2026-08-12 | Cycle A\n2026-08-24 | Cycle B\n2026-09-05 | Cycle B\n2026-09-17 | Cycle A\n2026-09-29 | Cycle A\n2026-10-11 | Cycle A\n2026-10-23 | Cycle A\n2026-11-04 | Cycle A\n2026-11-16 | Cycle A\n2026-11-28 | Cycle A\n2026-12-10 | Cycle A\n2026-12-22 | Cycle A","mixed_mode":"no","l_band":"yes","ls_band":"yes","s_band":"no","SH":1,"SV":0,"DH":0,"DV":0,"QP":0,"CP":0,"QD":0,"QQ":0,"bw_40":"no","bw_20":"no","bw_77":"yes","bw_max_5":"no","visualization":"S0","Shape__Area":1060779576525.2344,"Shape__Length":4122283.828201097,"tracks":163,"frames":140}},{"type":"Feature","id":8685,"geometry":{"type":"Polygon","coordinates":[[[-116.180648915,-73.983112337],[-116.488336064,-73.4288145529999],[-116.781127296,-72.8742141549999],[-112.989125108,-72.664716484],[-111.549643665,-72.564935716],[-109.201768774,-72.3771775219999],[-108.675391175,-72.921198834],[-108.119332002,-73.46403793],[-107.530637042,-74.005580621],[-106.905959386,-74.545696854],[-109.55833324,-74.752963589],[-111.19144142,-74.862657984],[-115.513947582,-75.090693701],[-115.856464779,-74.53708191],[-116.180648915,-73.983112337]]]},"properties":{"fid":8685,"track":106,"frame":141,"dates":"2025-09-30, 2025-10-12, 2025-10-24, 2025-11-05, 2025-11-17, 2025-11-29, 2025-12-11, 2025-12-23, 2026-01-04, 2026-01-16, 2026-01-28, 2026-02-09, 2026-02-21, 2026-03-05, 2026-03-17, 2026-03-29, 2026-04-10, 2026-04-22, 2026-05-04, 2026-05-16, 2026-05-28, 2026-06-09, 2026-06-21, 2026-07-03, 2026-07-15, 2026-07-27, 2026-08-08, 2026-08-20, 2026-09-01, 2026-09-13, 2026-09-25, 2026-10-07, 2026-10-19, 2026-10-31, 2026-11-12, 2026-11-24, 2026-12-06, 2026-12-18, 2026-12-30","acquisition_time":"14:08:28, 14:08:20","date_mode_popup":"2025-09-30 | 150,153\n2025-10-12 | 150,153\n2025-10-24 | 150,153\n2025-11-05 | 150,153\n2025-11-17 | 150,153\n2025-11-29 | 150,153\n2025-12-11 | 150,153\n2025-12-23 | 150,153\n2026-01-04 | 150,153\n2026-01-16 | 150,153\n2026-01-28 | 150,153\n2026-02-09 | 150,153\n2026-02-21 | 150,153\n2026-03-05 | 246,153\n2026-03-17 | 246,153\n2026-03-29 | 150,153\n2026-04-10 | 150,153\n2026-04-22 | 150,153\n2026-05-04 | 150,153\n2026-05-16 | 150,153\n2026-05-28 | 150,153\n2026-06-09 | 150,153\n2026-06-21 | 150,153\n2026-07-03 | 150,153\n2026-07-15 | 150,153\n2026-07-27 | 150,153\n2026-08-08 | 150,153\n2026-08-20 | 150,153\n2026-09-01 | 246,153\n2026-09-13 | 246,153\n2026-09-25 | 150,153\n2026-10-07 | 150,153\n2026-10-19 | 150,153\n2026-10-31 | 150,153\n2026-11-12 | 150,153\n2026-11-24 | 150,153\n2026-12-06 | 150,153\n2026-12-18 | 150,153\n2026-12-30 | 150,153","producerifg":1,"producerunw":1,"produceroff":1,"producegunw":1,"producegoff":1,"producerslc":1,"producegslc":1,"producegcov":1,"producesmst":0,"passdirection":"Ascending","unique_radar_mode_list":"150, 153, 246","unique_radar_mode_mnemonic_list":"L:SCI:SH:77M+---:HS:B4:D02, L:SCI:SH:77M+---:HS:B4:D02  S:--:SH:37W:B4, L:SCI:SV:05W+---:FS:B4:D09","number_combos":2,"mode_change":"yes","radar_mode_combination_1":"150,153","radar_mode_combination_2":"246,153","radar_mode_combination_3":null,"radar_mode_combination_4":null,"radar_mode_combination_5":null,"radar_mode_combination_6":null,"radar_mode_combination_7":null,"radar_mode_combination_8":null,"radar_mode_combination_9":null,"radar_mode_mnemonic_combination_1":"L:SCI:SH:77M+---:HS:B4:D02,L:SCI:SV:05W+---:FS:B4:D09","radar_mode_mnemonic_combination_2":"L:SCI:SH:77M+---:HS:B4:D02  S:--:SH:37W:B4,L:SCI:SV:05W+---:FS:B4:D09","radar_mode_mnemonic_combination_3":null,"radar_mode_mnemonic_combination_4":null,"radar_mode_mnemonic_combination_5":null,"radar_mode_mnemonic_combination_6":null,"radar_mode_mnemonic_combination_7":null,"radar_mode_mnemonic_combination_8":null,"radar_mode_mnemonic_combination_9":null,"date_cycle_popup":"2025-09-30 | Cycle A\n2025-10-12 | Cycle A\n2025-10-24 | Cycle A\n2025-11-05 | Cycle A\n2025-11-17 | Cycle A\n2025-11-29 | Cycle A\n2025-12-11 | Cycle A\n2025-12-23 | Cycle A\n2026-01-04 | Cycle A\n2026-01-16 | Cycle A\n2026-01-28 | Cycle A\n2026-02-09 | Cycle A\n2026-02-21 | Cycle A\n2026-03-05 | Cycle B\n2026-03-17 | Cycle B\n2026-03-29 | Cycle A\n2026-04-10 | Cycle A\n2026-04-22 | Cycle A\n2026-05-04 | Cycle A\n2026-05-16 | Cycle A\n2026-05-28 | Cycle A\n2026-06-09 | Cycle A\n2026-06-21 | Cycle A\n2026-07-03 | Cycle A\n2026-07-15 | Cycle A\n2026-07-27 | Cycle A\n2026-08-08 | Cycle A\n2026-08-20 | Cycle A\n2026-09-01 | Cycle B\n2026-09-13 | Cycle B\n2026-09-25 | Cycle A\n2026-10-07 | Cycle A\n2026-10-19 | Cycle A\n2026-10-31 | Cycle A\n2026-11-12 | Cycle A\n2026-11-24 | Cycle A\n2026-12-06 | Cycle A\n2026-12-18 | Cycle A\n2026-12-30 | Cycle A","mixed_mode":"yes","l_band":"yes","ls_band":"yes","s_band":"no","SH":1,"SV":1,"DH":0,"DV":0,"QP":0,"CP":0,"QD":0,"QQ":0,"bw_40":"no","bw_20":"no","bw_77":"yes","bw_max_5":"yes","visualization":"S1","Shape__Area":829533087257.21875,"Shape__Length":3644429.6297278795,"tracks":106,"frames":141}},{"type":"Feature","id":7311,"geometry":{"type":"Polygon","coordinates":[[[-101.922119503,-73.428850558],[-102.214910343,-72.874250064],[-98.422794385,-72.6647535239999],[-96.9832711879999,-72.5649721999999],[-94.6353299689999,-72.377211947],[-94.108949842,-72.9212333579999],[-93.5528878,-73.464072583],[-92.964189576,-74.005615441],[-92.339508224,-74.545731871],[-94.991951844,-74.753000787],[-96.625104202,-74.862695774],[-100.947731296,-75.090730287],[-101.290248569,-74.537118251],[-101.61443261,-73.9831484819999],[-101.922119503,-73.428850558]]]},"properties":{"fid":7311,"track":91,"frame":141,"dates":"2025-09-29, 2025-10-11, 2025-10-23, 2025-11-04, 2025-11-16, 2025-11-28, 2025-12-10, 2025-12-22, 2026-01-03, 2026-01-15, 2026-01-27, 2026-02-08, 2026-02-20, 2026-03-04, 2026-03-16, 2026-03-28, 2026-04-09, 2026-04-21, 2026-05-03, 2026-05-15, 2026-05-27, 2026-06-08, 2026-06-20, 2026-07-02, 2026-07-14, 2026-07-26, 2026-08-07, 2026-08-19, 2026-08-31, 2026-09-12, 2026-09-24, 2026-10-06, 2026-10-18, 2026-10-30, 2026-11-11, 2026-11-23, 2026-12-05, 2026-12-17, 2026-12-29","acquisition_time":"13:10:52","date_mode_popup":"2025-09-29 | 150\n2025-10-11 | 150\n2025-10-23 | 150\n2025-11-04 | 150\n2025-11-16 | 150\n2025-11-28 | 150\n2025-12-10 | 150\n2025-12-22 | 150\n2026-01-03 | 150\n2026-01-15 | 150\n2026-01-27 | 150\n2026-02-08 | 150\n2026-02-20 | 150\n2026-03-04 | 150\n2026-03-16 | 150\n2026-03-28 | 150\n2026-04-09 | 150\n2026-04-21 | 150\n2026-05-03 | 150\n2026-05-15 | 150\n2026-05-27 | 150\n2026-06-08 | 150\n2026-06-20 | 150\n2026-07-02 | 150\n2026-07-14 | 150\n2026-07-26 | 150\n2026-08-07 | 150\n2026-08-19 | 150\n2026-08-31 | 150\n2026-09-12 | 150\n2026-09-24 | 150\n2026-10-06 | 150\n2026-10-18 | 150\n2026-10-30 | 150\n2026-11-11 | 150\n2026-11-23 | 150\n2026-12-05 | 150\n2026-12-17 | 150\n2026-12-29 | 150","producerifg":1,"producerunw":1,"produceroff":1,"producegunw":1,"producegoff":1,"producerslc":1,"producegslc":1,"producegcov":1,"producesmst":0,"passdirection":"Ascending","unique_radar_mode_list":"150","unique_radar_mode_mnemonic_list":"L:SCI:SH:77M+---:HS:B4:D02","number_combos":1,"mode_change":"no","radar_mode_combination_1":"150","radar_mode_combination_2":null,"radar_mode_combination_3":null,"radar_mode_combination_4":null,"radar_mode_combination_5":null,"radar_mode_combination_6":null,"radar_mode_combination_7":null,"radar_mode_combination_8":null,"radar_mode_combination_9":null,"radar_mode_mnemonic_combination_1":"L:SCI:SH:77M+---:HS:B4:D02","radar_mode_mnemonic_combination_2":null,"radar_mode_mnemonic_combination_3":null,"radar_mode_mnemonic_combination_4":null,"radar_mode_mnemonic_combination_5":null,"radar_mode_mnemonic_combination_6":null,"radar_mode_mnemonic_combination_7":null,"radar_mode_mnemonic_combination_8":null,"radar_mode_mnemonic_combination_9":null,"date_cycle_popup":"2025-09-29 | Cycle A\n2025-10-11 | Cycle A\n2025-10-23 | Cycle A\n2025-11-04 | Cycle A\n2025-11-16 | Cycle A\n2025-11-28 | Cycle A\n2025-12-10 | Cycle A\n2025-12-22 | Cycle A\n2026-01-03 | Cycle A\n2026-01-15 | Cycle A\n2026-01-27 | Cycle A\n2026-02-08 | Cycle A\n2026-02-20 | Cycle A\n2026-03-04 | Cycle A\n2026-03-16 | Cycle A\n2026-03-28 | Cycle A\n2026-04-09 | Cycle A\n2026-04-21 | Cycle A\n2026-05-03 | Cycle A\n2026-05-15 | Cycle A\n2026-05-27 | Cycle A\n2026-06-08 | Cycle A\n2026-06-20 | Cycle A\n2026-07-02 | Cycle A\n2026-07-14 | Cycle A\n2026-07-26 | Cycle A\n2026-08-07 | Cycle A\n2026-08-19 | Cycle A\n2026-08-31 | Cycle A\n2026-09-12 | Cycle A\n2026-09-24 | Cycle A\n2026-10-06 | Cycle A\n2026-10-18 | Cycle A\n2026-10-30 | Cycle A\n2026-11-11 | Cycle A\n2026-11-23 | Cycle A\n2026-12-05 | Cycle A\n2026-12-17 | Cycle A\n2026-12-29 | Cycle A","mixed_mode":"no","l_band":"yes","ls_band":"no","s_band":"no","SH":1,"SV":0,"DH":0,"DV":0,"QP":0,"CP":0,"QD":0,"QQ":0,"bw_40":"no","bw_20":"no","bw_77":"yes","bw_max_5":"no","visualization":"F0","Shape__Area":829557718164.17188,"Shape__Length":3644484.2447610879,"tracks":91,"frames":141}},{"type":"Feature","id":13262,"geometry":{"type":"Polygon","coordinates":[[[-116.322561091,-77.142302067],[-121.287997523,-76.889894654],[-123.151632543,-76.767567149],[-126.160659105,-76.535874425],[-125.379091795,-76.0126744139999],[-124.648724827,-75.487447777],[-123.964356869,-74.9604015299999],[-123.321446659,-74.431715164],[-120.687619802,-74.6377443069999],[-119.066384655,-74.746806383],[-114.776653443,-74.973649437],[-115.128220473,-75.5164668319999],[-115.501257941,-76.0588777409999],[-115.898362288,-76.600839502],[-116.322561091,-77.142302067]]]},"properties":{"fid":13262,"track":156,"frame":126,"dates":"2025-10-04, 2025-10-16, 2025-10-28, 2025-11-09, 2025-11-21, 2025-12-03, 2025-12-15, 2025-12-27, 2026-01-08, 2026-01-20, 2026-02-01, 2026-02-13, 2026-02-25, 2026-03-09, 2026-03-21, 2026-04-02, 2026-04-14, 2026-04-26, 2026-05-08, 2026-05-20, 2026-06-01, 2026-06-13, 2026-06-25, 2026-07-07, 2026-07-19, 2026-07-31, 2026-08-12, 2026-08-24, 2026-09-05, 2026-09-17, 2026-09-29, 2026-10-11, 2026-10-23, 2026-11-04, 2026-11-16, 2026-11-28, 2026-12-10, 2026-12-22","acquisition_time":"01:14:44","date_mode_popup":"2025-10-04 | 246\n2025-10-16 | 246\n2025-10-28 | 246\n2025-11-09 | 246\n2025-11-21 | 246\n2025-12-03 | 246\n2025-12-15 | 246\n2025-12-27 | 246\n2026-01-08 | 246\n2026-01-20 | 246\n2026-02-01 | 220\n2026-02-13 | 220\n2026-02-25 | 246\n2026-03-09 | 246\n2026-03-21 | 246\n2026-04-02 | 246\n2026-04-14 | 246\n2026-04-26 | 246\n2026-05-08 | 246\n2026-05-20 | 246\n2026-06-01 | 246\n2026-06-13 | 246\n2026-06-25 | 246\n2026-07-07 | 246\n2026-07-19 | 246\n2026-07-31 | 220\n2026-08-12 | 220\n2026-08-24 | 246\n2026-09-05 | 246\n2026-09-17 | 246\n2026-09-29 | 246\n2026-10-11 | 246\n2026-10-23 | 246\n2026-11-04 | 246\n2026-11-16 | 246\n2026-11-28 | 246\n2026-12-10 | 246\n2026-12-22 | 246","producerifg":1,"producerunw":1,"produceroff":1,"producegunw":1,"producegoff":1,"producerslc":1,"producegslc":1,"producegcov":1,"producesmst":0,"passdirection":"Descending","unique_radar_mode_list":"220, 246","unique_radar_mode_mnemonic_list":"L:SCI:SH:77M+---:HS:B4:D02  S:--:SH:37W:B4, L:SCI:SH:77M+---:HS:B4:D02  S:DB:CP:25W:B4","number_combos":2,"mode_change":"yes","radar_mode_combination_1":"246","radar_mode_combination_2":"220","radar_mode_combination_3":null,"radar_mode_combination_4":null,"radar_mode_combination_5":null,"radar_mode_combination_6":null,"radar_mode_combination_7":null,"radar_mode_combination_8":null,"radar_mode_combination_9":null,"radar_mode_mnemonic_combination_1":"L:SCI:SH:77M+---:HS:B4:D02  S:--:SH:37W:B4","radar_mode_mnemonic_combination_2":"L:SCI:SH:77M+---:HS:B4:D02  S:DB:CP:25W:B4","radar_mode_mnemonic_combination_3":null,"radar_mode_mnemonic_combination_4":null,"radar_mode_mnemonic_combination_5":null,"radar_mode_mnemonic_combination_6":null,"radar_mode_mnemonic_combination_7":null,"radar_mode_mnemonic_combination_8":null,"radar_mode_mnemonic_combination_9":null,"date_cycle_popup":"2025-10-04 | Cycle A\n2025-10-16 | Cycle A\n2025-10-28 | Cycle A\n2025-11-09 | Cycle A\n2025-11-21 | Cycle A\n2025-12-03 | Cycle A\n2025-12-15 | Cycle A\n2025-12-27 | Cycle A\n2026-01-08 | Cycle A\n2026-01-20 | Cycle A\n2026-02-01 | Cycle B\n2026-02-13 | Cycle B\n2026-02-25 | Cycle A\n2026-03-09 | Cycle A\n2026-03-21 | Cycle A\n2026-04-02 | Cycle A\n2026-04-14 | Cycle A\n2026-04-26 | Cycle A\n2026-05-08 | Cycle A\n2026-05-20 | Cycle A\n2026-06-01 | Cycle A\n2026-06-13 | Cycle A\n2026-06-25 | Cycle A\n2026-07-07 | Cycle A\n2026-07-19 | Cycle A\n2026-07-31 | Cycle B\n2026-08-12 | Cycle B\n2026-08-24 | Cycle A\n2026-09-05 | Cycle A\n2026-09-17 | Cycle A\n2026-09-29 | Cycle A\n2026-10-11 | Cycle A\n2026-10-23 | Cycle A\n2026-11-04 | Cycle A\n2026-11-16 | Cycle A\n2026-11-28 | Cycle A\n2026-12-10 | Cycle A\n2026-12-22 | Cycle A","mixed_mode":"no","l_band":"yes","ls_band":"yes","s_band":"no","SH":1,"SV":0,"DH":0,"DV":0,"QP":0,"CP":0,"QD":0,"QQ":0,"bw_40":"no","bw_20":"no","bw_77":"yes","bw_max_5":"no","visualization":"S0","Shape__Area":1060358778022.8906,"Shape__Length":4121454.1706965324,"tracks":156,"frames":126}},{"type":"Feature","id":12661,"geometry":{"type":"Polygon","coordinates":[[[-107.433719715,-77.5791198589999],[-107.8910842,-77.0270884729999],[-102.965762314,-76.776237403],[-101.116370488,-76.654704234],[-98.129178128,-76.4245333659999],[-97.285697714,-76.9565523369999],[-96.376963309,-77.485980022],[-95.394707511,-78.012479462],[-94.3292907269999,-78.535653596],[-97.804114565,-78.801902149],[-99.97660906,-78.9424420249999],[-105.827885588,-79.231016928],[-106.407761176,-78.681179059],[-106.940987718,-78.130512079],[-107.433719715,-77.5791198589999]]]},"properties":{"fid":12661,"track":149,"frame":139,"dates":"2025-10-03, 2025-10-15, 2025-10-27, 2025-11-08, 2025-11-20, 2025-12-02, 2025-12-14, 2025-12-26, 2026-01-07, 2026-01-19, 2026-01-31, 2026-02-12, 2026-02-24, 2026-03-08, 2026-03-20, 2026-04-01, 2026-04-13, 2026-04-25, 2026-05-07, 2026-05-19, 2026-05-31, 2026-06-12, 2026-06-24, 2026-07-06, 2026-07-18, 2026-07-30, 2026-08-11, 2026-08-23, 2026-09-04, 2026-09-16, 2026-09-28, 2026-10-10, 2026-10-22, 2026-11-03, 2026-11-15, 2026-11-27, 2026-12-09, 2026-12-21","acquisition_time":"13:43:28","date_mode_popup":"2025-10-03 | 151\n2025-10-15 | 151\n2025-10-27 | 151\n2025-11-08 | 151\n2025-11-20 | 151\n2025-12-02 | 151\n2025-12-14 | 151\n2025-12-26 | 151\n2026-01-07 | 151\n2026-01-19 | 151\n2026-01-31 | 151\n2026-02-12 | 151\n2026-02-24 | 151\n2026-03-08 | 151\n2026-03-20 | 151\n2026-04-01 | 151\n2026-04-13 | 151\n2026-04-25 | 151\n2026-05-07 | 151\n2026-05-19 | 151\n2026-05-31 | 151\n2026-06-12 | 151\n2026-06-24 | 151\n2026-07-06 | 151\n2026-07-18 | 151\n2026-07-30 | 151\n2026-08-11 | 151\n2026-08-23 | 151\n2026-09-04 | 151\n2026-09-16 | 151\n2026-09-28 | 151\n2026-10-10 | 151\n2026-10-22 | 151\n2026-11-03 | 151\n2026-11-15 | 151\n2026-11-27 | 151\n2026-12-09 | 151\n2026-12-21 | 151","producerifg":1,"producerunw":1,"produceroff":1,"producegunw":1,"producegoff":1,"producerslc":1,"producegslc":1,"producegcov":1,"producesmst":0,"passdirection":"Ascending","unique_radar_mode_list":"151","unique_radar_mode_mnemonic_list":"L:SCI:SH:40M+05N:FS:B4:D02","number_combos":1,"mode_change":"no","radar_mode_combination_1":"151","radar_mode_combination_2":null,"radar_mode_combination_3":null,"radar_mode_combination_4":null,"radar_mode_combination_5":null,"radar_mode_combination_6":null,"radar_mode_combination_7":null,"radar_mode_combination_8":null,"radar_mode_combination_9":null,"radar_mode_mnemonic_combination_1":"L:SCI:SH:40M+05N:FS:B4:D02","radar_mode_mnemonic_combination_2":null,"radar_mode_mnemonic_combination_3":null,"radar_mode_mnemonic_combination_4":null,"radar_mode_mnemonic_combination_5":null,"radar_mode_mnemonic_combination_6":null,"radar_mode_mnemonic_combination_7":null,"radar_mode_mnemonic_combination_8":null,"radar_mode_mnemonic_combination_9":null,"date_cycle_popup":"2025-10-03 | Cycle A\n2025-10-15 | Cycle A\n2025-10-27 | Cycle A\n2025-11-08 | Cycle A\n2025-11-20 | Cycle A\n2025-12-02 | Cycle A\n2025-12-14 | Cycle A\n2025-12-26 | Cycle A\n2026-01-07 | Cycle A\n2026-01-19 | Cycle A\n2026-01-31 | Cycle A\n2026-02-12 | Cycle A\n2026-02-24 | Cycle A\n2026-03-08 | Cycle A\n2026-03-20 | Cycle A\n2026-04-01 | Cycle A\n2026-04-13 | Cycle A\n2026-04-25 | Cycle A\n2026-05-07 | Cycle A\n2026-05-19 | Cycle A\n2026-05-31 | Cycle A\n2026-06-12 | Cycle A\n2026-06-24 | Cycle A\n2026-07-06 | Cycle A\n2026-07-18 | Cycle A\n2026-07-30 | Cycle A\n2026-08-11 | Cycle A\n2026-08-23 | Cycle A\n2026-09-04 | Cycle A\n2026-09-16 | Cycle A\n2026-09-28 | Cycle A\n2026-10-10 | Cycle A\n2026-10-22 | Cycle A\n2026-11-03 | Cycle A\n2026-11-15 | Cycle A\n2026-11-27 | Cycle A\n2026-12-09 | Cycle A\n2026-12-21 | Cycle A","mixed_mode":"no","l_band":"yes","ls_band":"no","s_band":"no","SH":1,"SV":0,"DH":0,"DV":0,"QP":0,"CP":0,"QD":0,"QQ":0,"bw_40":"yes","bw_20":"no","bw_77":"no","bw_max_5":"no","visualization":"F0","Shape__Area":1470871528057.875,"Shape__Length":4853917.3782083355,"tracks":149,"frames":139}},{"type":"Feature","id":14536,"geometry":{"type":"Polygon","coordinates":[[[-105.49077705,-76.6008020629999],[-105.914858124,-77.142263637],[-110.880644244,-76.889888057],[-112.744411901,-76.7675695619999],[-115.753653082,-76.535887938],[-114.97216858,-76.012686404],[-114.241878697,-75.4874586569999],[-113.557582644,-74.960411675],[-112.914739642,-74.431724913],[-110.280736005,-74.637744888],[-108.659391608,-74.7467995339999],[-104.369370865,-74.973616399],[-104.720844479,-75.5164321129999],[-105.093781353,-76.058841547],[-105.49077705,-76.6008020629999]]]},"properties":{"fid":14536,"track":170,"frame":126,"dates":"2025-10-05, 2025-10-17, 2025-10-29, 2025-11-10, 2025-11-22, 2025-12-04, 2025-12-16, 2025-12-28, 2026-01-09, 2026-01-21, 2026-02-02, 2026-02-14, 2026-02-26, 2026-03-10, 2026-03-22, 2026-04-03, 2026-04-15, 2026-04-27, 2026-05-09, 2026-05-21, 2026-06-02, 2026-06-14, 2026-06-26, 2026-07-08, 2026-07-20, 2026-08-01, 2026-08-13, 2026-08-25, 2026-09-06, 2026-09-18, 2026-09-30, 2026-10-12, 2026-10-24, 2026-11-05, 2026-11-17, 2026-11-29, 2026-12-11, 2026-12-23","acquisition_time":"00:33:16","date_mode_popup":"2025-10-05 | 150\n2025-10-17 | 150\n2025-10-29 | 150\n2025-11-10 | 150\n2025-11-22 | 150\n2025-12-04 | 150\n2025-12-16 | 150\n2025-12-28 | 150\n2026-01-09 | 150\n2026-01-21 | 150\n2026-02-02 | 150\n2026-02-14 | 150\n2026-02-26 | 150\n2026-03-10 | 150\n2026-03-22 | 150\n2026-04-03 | 150\n2026-04-15 | 150\n2026-04-27 | 150\n2026-05-09 | 150\n2026-05-21 | 150\n2026-06-02 | 150\n2026-06-14 | 150\n2026-06-26 | 150\n2026-07-08 | 150\n2026-07-20 | 150\n2026-08-01 | 150\n2026-08-13 | 150\n2026-08-25 | 150\n2026-09-06 | 150\n2026-09-18 | 150\n2026-09-30 | 150\n2026-10-12 | 150\n2026-10-24 | 150\n2026-11-05 | 150\n2026-11-17 | 150\n2026-11-29 | 150\n2026-12-11 | 150\n2026-12-23 | 150","producerifg":1,"producerunw":1,"produceroff":1,"producegunw":1,"producegoff":1,"producerslc":1,"producegslc":1,"producegcov":1,"producesmst":0,"passdirection":"Descending","unique_radar_mode_list":"150","unique_radar_mode_mnemonic_list":"L:SCI:SH:77M+---:HS:B4:D02","number_combos":1,"mode_change":"no","radar_mode_combination_1":"150","radar_mode_combination_2":null,"radar_mode_combination_3":null,"radar_mode_combination_4":null,"radar_mode_combination_5":null,"radar_mode_combination_6":null,"radar_mode_combination_7":null,"radar_mode_combination_8":null,"radar_mode_combination_9":null,"radar_mode_mnemonic_combination_1":"L:SCI:SH:77M+---:HS:B4:D02","radar_mode_mnemonic_combination_2":null,"radar_mode_mnemonic_combination_3":null,"radar_mode_mnemonic_combination_4":null,"radar_mode_mnemonic_combination_5":null,"radar_mode_mnemonic_combination_6":null,"radar_mode_mnemonic_combination_7":null,"radar_mode_mnemonic_combination_8":null,"radar_mode_mnemonic_combination_9":null,"date_cycle_popup":"2025-10-05 | Cycle A\n2025-10-17 | Cycle A\n2025-10-29 | Cycle A\n2025-11-10 | Cycle A\n2025-11-22 | Cycle A\n2025-12-04 | Cycle A\n2025-12-16 | Cycle A\n2025-12-28 | Cycle A\n2026-01-09 | Cycle A\n2026-01-21 | Cycle A\n2026-02-02 | Cycle A\n2026-02-14 | Cycle A\n2026-02-26 | Cycle A\n2026-03-10 | Cycle A\n2026-03-22 | Cycle A\n2026-04-03 | Cycle A\n2026-04-15 | Cycle A\n2026-04-27 | Cycle A\n2026-05-09 | Cycle A\n2026-05-21 | Cycle A\n2026-06-02 | Cycle A\n2026-06-14 | Cycle A\n2026-06-26 | Cycle A\n2026-07-08 | Cycle A\n2026-07-20 | Cycle A\n2026-08-01 | Cycle A\n2026-08-13 | Cycle A\n2026-08-25 | Cycle A\n2026-09-06 | Cycle A\n2026-09-18 | Cycle A\n2026-09-30 | Cycle A\n2026-10-12 | Cycle A\n2026-10-24 | Cycle A\n2026-11-05 | Cycle A\n2026-11-17 | Cycle A\n2026-11-29 | Cycle A\n2026-12-11 | Cycle A\n2026-12-23 | Cycle A","mixed_mode":"no","l_band":"yes","ls_band":"no","s_band":"no","SH":1,"SV":0,"DH":0,"DV":0,"QP":0,"CP":0,"QD":0,"QQ":0,"bw_40":"no","bw_20":"no","bw_77":"yes","bw_max_5":"no","visualization":"F0","Shape__Area":1060411183703.5781,"Shape__Length":4121559.488052126,"tracks":170,"frames":126}},{"type":"Feature","id":796,"geometry":{"type":"Polygon","coordinates":[[[-125.130825636,-78.6814753519999],[-125.664310432,-78.13079455],[-126.157276527,-77.57938765],[-126.614854197,-77.02734083],[-121.689876873,-76.7764155689999],[-119.840624225,-76.654857358],[-116.853666844,-76.424649414],[-116.009991454,-76.956677061],[-115.101044537,-77.4861120859999],[-114.118556457,-78.012617351],[-113.052885059,-78.535795589],[-116.527431144,-78.802089788],[-118.699764956,-78.942660425],[-124.550663712,-79.23132606],[-125.130825636,-78.6814753519999]]]},"properties":{"fid":796,"track":20,"frame":139,"dates":"2025-09-24, 2025-10-06, 2025-10-18, 2025-10-30, 2025-11-11, 2025-11-23, 2025-12-05, 2025-12-17, 2025-12-29, 2026-01-10, 2026-01-22, 2026-02-03, 2026-02-15, 2026-02-27, 2026-03-11, 2026-03-23, 2026-04-04, 2026-04-16, 2026-04-28, 2026-05-10, 2026-05-22, 2026-06-03, 2026-06-15, 2026-06-27, 2026-07-09, 2026-07-21, 2026-08-02, 2026-08-14, 2026-08-26, 2026-09-07, 2026-09-19, 2026-10-01, 2026-10-13, 2026-10-25, 2026-11-06, 2026-11-18, 2026-11-30, 2026-12-12, 2026-12-24","acquisition_time":"14:57:56, 14:57:52","date_mode_popup":"2025-09-24 | 150\n2025-10-06 | 150\n2025-10-18 | 150\n2025-10-30 | 150\n2025-11-11 | 150\n2025-11-23 | 150\n2025-12-05 | 150\n2025-12-17 | 150\n2025-12-29 | 150\n2026-01-10 | 150\n2026-01-22 | 150\n2026-02-03 | 150\n2026-02-15 | 150\n2026-02-27 | 246\n2026-03-11 | 246\n2026-03-23 | 150\n2026-04-04 | 150\n2026-04-16 | 150\n2026-04-28 | 150\n2026-05-10 | 150\n2026-05-22 | 150\n2026-06-03 | 150\n2026-06-15 | 150\n2026-06-27 | 150\n2026-07-09 | 150\n2026-07-21 | 150\n2026-08-02 | 150\n2026-08-14 | 150\n2026-08-26 | 246\n2026-09-07 | 246\n2026-09-19 | 150\n2026-10-01 | 150\n2026-10-13 | 150\n2026-10-25 | 150\n2026-11-06 | 150\n2026-11-18 | 150\n2026-11-30 | 150\n2026-12-12 | 150\n2026-12-24 | 150","producerifg":1,"producerunw":1,"produceroff":1,"producegunw":1,"producegoff":1,"producerslc":1,"producegslc":1,"producegcov":1,"producesmst":0,"passdirection":"Ascending","unique_radar_mode_list":"150, 246","unique_radar_mode_mnemonic_list":"L:SCI:SH:77M+---:HS:B4:D02, L:SCI:SH:77M+---:HS:B4:D02  S:--:SH:37W:B4","number_combos":2,"mode_change":"yes","radar_mode_combination_1":"150","radar_mode_combination_2":"246","radar_mode_combination_3":null,"radar_mode_combination_4":null,"radar_mode_combination_5":null,"radar_mode_combination_6":null,"radar_mode_combination_7":null,"radar_mode_combination_8":null,"radar_mode_combination_9":null,"radar_mode_mnemonic_combination_1":"L:SCI:SH:77M+---:HS:B4:D02","radar_mode_mnemonic_combination_2":"L:SCI:SH:77M+---:HS:B4:D02  S:--:SH:37W:B4","radar_mode_mnemonic_combination_3":null,"radar_mode_mnemonic_combination_4":null,"radar_mode_mnemonic_combination_5":null,"radar_mode_mnemonic_combination_6":null,"radar_mode_mnemonic_combination_7":null,"radar_mode_mnemonic_combination_8":null,"radar_mode_mnemonic_combination_9":null,"date_cycle_popup":"2025-09-24 | Cycle A\n2025-10-06 | Cycle A\n2025-10-18 | Cycle A\n2025-10-30 | Cycle A\n2025-11-11 | Cycle A\n2025-11-23 | Cycle A\n2025-12-05 | Cycle A\n2025-12-17 | Cycle A\n2025-12-29 | Cycle A\n2026-01-10 | Cycle A\n2026-01-22 | Cycle A\n2026-02-03 | Cycle A\n2026-02-15 | Cycle A\n2026-02-27 | Cycle B\n2026-03-11 | Cycle B\n2026-03-23 | Cycle A\n2026-04-04 | Cycle A\n2026-04-16 | Cycle A\n2026-04-28 | Cycle A\n2026-05-10 | Cycle A\n2026-05-22 | Cycle A\n2026-06-03 | Cycle A\n2026-06-15 | Cycle A\n2026-06-27 | Cycle A\n2026-07-09 | Cycle A\n2026-07-21 | Cycle A\n2026-08-02 | Cycle A\n2026-08-14 | Cycle A\n2026-08-26 | Cycle B\n2026-09-07 | Cycle B\n2026-09-19 | Cycle A\n2026-10-01 | Cycle A\n2026-10-13 | Cycle A\n2026-10-25 | Cycle A\n2026-11-06 | Cycle A\n2026-11-18 | Cycle A\n2026-11-30 | Cycle A\n2026-12-12 | Cycle A\n2026-12-24 | Cycle A","mixed_mode":"no","l_band":"yes","ls_band":"yes","s_band":"no","SH":1,"SV":0,"DH":0,"DV":0,"QP":0,"CP":0,"QD":0,"QQ":0,"bw_40":"no","bw_20":"no","bw_77":"yes","bw_max_5":"no","visualization":"S0","Shape__Area":1470887288298.1094,"Shape__Length":4853940.282077386,"tracks":20,"frames":139}},{"type":"Feature","id":13176,"geometry":{"type":"Polygon","coordinates":[[[-92.7402057899999,-78.68071923],[-93.32007849,-79.230536671],[-99.1704997189999,-78.942007557],[-101.34270314,-78.801491978],[-104.817095589,-78.53529055],[-103.751798264,-78.01213031],[-102.769647307,-77.485645647],[-101.861005217,-76.956233504],[-101.01760637,-76.424230761],[-98.030744001,-76.6543638539999],[-96.181569413,-76.7758774879999],[-91.256869948,-77.026690978],[-91.7142414209999,-77.57870142],[-92.206977943,-78.130072863],[-92.7402057899999,-78.68071923]]]},"properties":{"fid":13176,"track":155,"frame":127,"dates":"2025-10-03, 2025-10-15, 2025-10-27, 2025-11-08, 2025-11-20, 2025-12-02, 2025-12-14, 2025-12-26, 2026-01-07, 2026-01-19, 2026-01-31, 2026-02-12, 2026-02-24, 2026-03-08, 2026-03-20, 2026-04-01, 2026-04-13, 2026-04-25, 2026-05-07, 2026-05-19, 2026-05-31, 2026-06-12, 2026-06-24, 2026-07-06, 2026-07-18, 2026-07-30, 2026-08-11, 2026-08-23, 2026-09-04, 2026-09-16, 2026-09-28, 2026-10-10, 2026-10-22, 2026-11-03, 2026-11-15, 2026-11-27, 2026-12-09, 2026-12-21","acquisition_time":"23:34:32","date_mode_popup":"2025-10-03 | 150\n2025-10-15 | 150\n2025-10-27 | 150\n2025-11-08 | 150\n2025-11-20 | 150\n2025-12-02 | 150\n2025-12-14 | 150\n2025-12-26 | 150\n2026-01-07 | 150\n2026-01-19 | 150\n2026-01-31 | 150\n2026-02-12 | 150\n2026-02-24 | 150\n2026-03-08 | 150\n2026-03-20 | 150\n2026-04-01 | 150\n2026-04-13 | 150\n2026-04-25 | 150\n2026-05-07 | 150\n2026-05-19 | 150\n2026-05-31 | 150\n2026-06-12 | 150\n2026-06-24 | 150\n2026-07-06 | 150\n2026-07-18 | 150\n2026-07-30 | 150\n2026-08-11 | 150\n2026-08-23 | 150\n2026-09-04 | 150\n2026-09-16 | 150\n2026-09-28 | 150\n2026-10-10 | 150\n2026-10-22 | 150\n2026-11-03 | 150\n2026-11-15 | 150\n2026-11-27 | 150\n2026-12-09 | 150\n2026-12-21 | 150","producerifg":1,"producerunw":1,"produceroff":1,"producegunw":1,"producegoff":1,"producerslc":1,"producegslc":1,"producegcov":1,"producesmst":0,"passdirection":"Descending","unique_radar_mode_list":"150","unique_radar_mode_mnemonic_list":"L:SCI:SH:77M+---:HS:B4:D02","number_combos":1,"mode_change":"no","radar_mode_combination_1":"150","radar_mode_combination_2":null,"radar_mode_combination_3":null,"radar_mode_combination_4":null,"radar_mode_combination_5":null,"radar_mode_combination_6":null,"radar_mode_combination_7":null,"radar_mode_combination_8":null,"radar_mode_combination_9":null,"radar_mode_mnemonic_combination_1":"L:SCI:SH:77M+---:HS:B4:D02","radar_mode_mnemonic_combination_2":null,"radar_mode_mnemonic_combination_3":null,"radar_mode_mnemonic_combination_4":null,"radar_mode_mnemonic_combination_5":null,"radar_mode_mnemonic_combination_6":null,"radar_mode_mnemonic_combination_7":null,"radar_mode_mnemonic_combination_8":null,"radar_mode_mnemonic_combination_9":null,"date_cycle_popup":"2025-10-03 | Cycle A\n2025-10-15 | Cycle A\n2025-10-27 | Cycle A\n2025-11-08 | Cycle A\n2025-11-20 | Cycle A\n2025-12-02 | Cycle A\n2025-12-14 | Cycle A\n2025-12-26 | Cycle A\n2026-01-07 | Cycle A\n2026-01-19 | Cycle A\n2026-01-31 | Cycle A\n2026-02-12 | Cycle A\n2026-02-24 | Cycle A\n2026-03-08 | Cycle A\n2026-03-20 | Cycle A\n2026-04-01 | Cycle A\n2026-04-13 | Cycle A\n2026-04-25 | Cycle A\n2026-05-07 | Cycle A\n2026-05-19 | Cycle A\n2026-05-31 | Cycle A\n2026-06-12 | Cycle A\n2026-06-24 | Cycle A\n2026-07-06 | Cycle A\n2026-07-18 | Cycle A\n2026-07-30 | Cycle A\n2026-08-11 | Cycle A\n2026-08-23 | Cycle A\n2026-09-04 | Cycle A\n2026-09-16 | Cycle A\n2026-09-28 | Cycle A\n2026-10-10 | Cycle A\n2026-10-22 | Cycle A\n2026-11-03 | Cycle A\n2026-11-15 | Cycle A\n2026-11-27 | Cycle A\n2026-12-09 | Cycle A\n2026-12-21 | Cycle A","mixed_mode":"no","l_band":"yes","ls_band":"no","s_band":"no","SH":1,"SV":0,"DH":0,"DV":0,"QP":0,"CP":0,"QD":0,"QQ":0,"bw_40":"no","bw_20":"no","bw_77":"yes","bw_max_5":"no","visualization":"F0","Shape__Area":1470575151143.6484,"Shape__Length":4853425.1203377489,"tracks":155,"frames":127}},{"type":"Feature","id":11914,"geometry":{"type":"Polygon","coordinates":[[[-98.799175233,-72.448075069],[-99.07498236,-72.99032082],[-102.890841334,-72.780052093],[-104.339097015,-72.679850135],[-106.700864134,-72.491254209],[-106.207251278,-71.958728951],[-105.737761533,-71.425237004],[-105.290407165,-70.8908541329999],[-104.863408509,-70.3556478839999],[-102.74227092,-70.529747992],[-101.445397863,-70.622707382],[-98.039513697,-70.819881712],[-98.2824300679999,-71.362840167],[-98.53534042,-71.905576076],[-98.799175233,-72.448075069]]]},"properties":{"fid":11914,"track":141,"frame":124,"dates":"2025-10-03, 2025-10-15, 2025-10-27, 2025-11-08, 2025-11-20, 2025-12-02, 2025-12-14, 2025-12-26, 2026-01-07, 2026-01-19, 2026-01-31, 2026-02-12, 2026-02-24, 2026-03-08, 2026-03-20, 2026-04-01, 2026-04-13, 2026-04-25, 2026-05-07, 2026-05-19, 2026-05-31, 2026-06-12, 2026-06-24, 2026-07-06, 2026-07-18, 2026-07-30, 2026-08-11, 2026-08-23, 2026-09-04, 2026-09-16, 2026-09-28, 2026-10-10, 2026-10-22, 2026-11-03, 2026-11-15, 2026-11-27, 2026-12-09, 2026-12-21","acquisition_time":"00:14:00, 00:14:56, 00:14:04, 00:13:52","date_mode_popup":"2025-10-03 | 153,150\n2025-10-15 | 153,150\n2025-10-27 | 153,150\n2025-11-08 | 153,150\n2025-11-20 | 153,150\n2025-12-02 | 153,150\n2025-12-14 | 153,150\n2025-12-26 | 153,150\n2026-01-07 | 153,150\n2026-01-19 | 153,150\n2026-01-31 | 153,150\n2026-02-12 | 153,150\n2026-02-24 | 153,150\n2026-03-08 | 153,150\n2026-03-20 | 153,150\n2026-04-01 | 153,150\n2026-04-13 | 153,150\n2026-04-25 | 153,150\n2026-05-07 | 153,150\n2026-05-19 | 153,150\n2026-05-31 | 153,150\n2026-06-12 | 153,150\n2026-06-24 | 153,150\n2026-07-06 | 153,150\n2026-07-18 | 153,150\n2026-07-30 | 153,150\n2026-08-11 | 153,150\n2026-08-23 | 153,150\n2026-09-04 | 153,150\n2026-09-16 | 153,150\n2026-09-28 | 153,150\n2026-10-10 | 153,150\n2026-10-22 | 153,150\n2026-11-03 | 153,150\n2026-11-15 | 153,150\n2026-11-27 | 153,150\n2026-12-09 | 153,150\n2026-12-21 | 153,150","producerifg":1,"producerunw":1,"produceroff":1,"producegunw":1,"producegoff":1,"producerslc":1,"producegslc":1,"producegcov":1,"producesmst":0,"passdirection":"Descending","unique_radar_mode_list":"150, 153","unique_radar_mode_mnemonic_list":"L:SCI:SH:77M+---:HS:B4:D02, L:SCI:SV:05W+---:FS:B4:D09","number_combos":1,"mode_change":"no","radar_mode_combination_1":"153,150","radar_mode_combination_2":null,"radar_mode_combination_3":null,"radar_mode_combination_4":null,"radar_mode_combination_5":null,"radar_mode_combination_6":null,"radar_mode_combination_7":null,"radar_mode_combination_8":null,"radar_mode_combination_9":null,"radar_mode_mnemonic_combination_1":"L:SCI:SV:05W+---:FS:B4:D09,L:SCI:SH:77M+---:HS:B4:D02","radar_mode_mnemonic_combination_2":null,"radar_mode_mnemonic_combination_3":null,"radar_mode_mnemonic_combination_4":null,"radar_mode_mnemonic_combination_5":null,"radar_mode_mnemonic_combination_6":null,"radar_mode_mnemonic_combination_7":null,"radar_mode_mnemonic_combination_8":null,"radar_mode_mnemonic_combination_9":null,"date_cycle_popup":"2025-10-03 | Cycle A\n2025-10-15 | Cycle A\n2025-10-27 | Cycle A\n2025-11-08 | Cycle A\n2025-11-20 | Cycle A\n2025-12-02 | Cycle A\n2025-12-14 | Cycle A\n2025-12-26 | Cycle A\n2026-01-07 | Cycle A\n2026-01-19 | Cycle A\n2026-01-31 | Cycle A\n2026-02-12 | Cycle A\n2026-02-24 | Cycle A\n2026-03-08 | Cycle A\n2026-03-20 | Cycle A\n2026-04-01 | Cycle A\n2026-04-13 | Cycle A\n2026-04-25 | Cycle A\n2026-05-07 | Cycle A\n2026-05-19 | Cycle A\n2026-05-31 | Cycle A\n2026-06-12 | Cycle A\n2026-06-24 | Cycle A\n2026-07-06 | Cycle A\n2026-07-18 | Cycle A\n2026-07-30 | Cycle A\n2026-08-11 | Cycle A\n2026-08-23 | Cycle A\n2026-09-04 | Cycle A\n2026-09-16 | Cycle A\n2026-09-28 | Cycle A\n2026-10-10 | Cycle A\n2026-10-22 | Cycle A\n2026-11-03 | Cycle A\n2026-11-15 | Cycle A\n2026-11-27 | Cycle A\n2026-12-09 | Cycle A\n2026-12-21 | Cycle A","mixed_mode":"yes","l_band":"yes","ls_band":"no","s_band":"no","SH":1,"SV":1,"DH":0,"DV":0,"QP":0,"CP":0,"QD":0,"QQ":0,"bw_40":"no","bw_20":"no","bw_77":"yes","bw_max_5":"yes","visualization":"F1","Shape__Area":642338185017.23438,"Shape__Length":3207425.0478228051,"tracks":141,"frames":124}},{"type":"Feature","id":86,"geometry":{"type":"Polygon","coordinates":[[[-119.665285087,-76.058954688],[-120.062476375,-76.600920547],[-120.48676962,-77.142386955],[-125.452004617,-76.889948348],[-127.315560624,-76.7676108],[-130.324456356,-76.535903835],[-129.542811634,-76.012702551],[-128.812372931,-75.4874742069999],[-128.127938364,-74.960425877],[-127.48496616,-74.431737085],[-124.851250175,-74.637778075],[-123.230082447,-74.746848512],[-118.940525896,-74.973717568],[-119.292167322,-75.5165394699999],[-119.665285087,-76.058954688]]]},"properties":{"fid":86,"track":12,"frame":126,"dates":"2025-09-24, 2025-10-06, 2025-10-18, 2025-10-30, 2025-11-11, 2025-11-23, 2025-12-05, 2025-12-17, 2025-12-29, 2026-01-10, 2026-01-22, 2026-02-03, 2026-02-15, 2026-02-27, 2026-03-11, 2026-03-23, 2026-04-04, 2026-04-16, 2026-04-28, 2026-05-10, 2026-05-22, 2026-06-03, 2026-06-15, 2026-06-27, 2026-07-09, 2026-07-21, 2026-08-02, 2026-08-14, 2026-08-26, 2026-09-07, 2026-09-19, 2026-10-01, 2026-10-13, 2026-10-25, 2026-11-06, 2026-11-18, 2026-11-30, 2026-12-12, 2026-12-24","acquisition_time":"01:31:20","date_mode_popup":"2025-09-24 | 246\n2025-10-06 | 246\n2025-10-18 | 246\n2025-10-30 | 246\n2025-11-11 | 246\n2025-11-23 | 246\n2025-12-05 | 246\n2025-12-17 | 246\n2025-12-29 | 246\n2026-01-10 | 246\n2026-01-22 | 246\n2026-02-03 | 220\n2026-02-15 | 220\n2026-02-27 | 246\n2026-03-11 | 246\n2026-03-23 | 246\n2026-04-04 | 246\n2026-04-16 | 246\n2026-04-28 | 246\n2026-05-10 | 246\n2026-05-22 | 246\n2026-06-03 | 246\n2026-06-15 | 246\n2026-06-27 | 246\n2026-07-09 | 246\n2026-07-21 | 246\n2026-08-02 | 220\n2026-08-14 | 220\n2026-08-26 | 246\n2026-09-07 | 246\n2026-09-19 | 246\n2026-10-01 | 246\n2026-10-13 | 246\n2026-10-25 | 246\n2026-11-06 | 246\n2026-11-18 | 246\n2026-11-30 | 246\n2026-12-12 | 246\n2026-12-24 | 246","producerifg":1,"producerunw":1,"produceroff":1,"producegunw":1,"producegoff":1,"producerslc":1,"producegslc":1,"producegcov":1,"producesmst":0,"passdirection":"Descending","unique_radar_mode_list":"220, 246","unique_radar_mode_mnemonic_list":"L:SCI:SH:77M+---:HS:B4:D02  S:--:SH:37W:B4, L:SCI:SH:77M+---:HS:B4:D02  S:DB:CP:25W:B4","number_combos":2,"mode_change":"yes","radar_mode_combination_1":"246","radar_mode_combination_2":"220","radar_mode_combination_3":null,"radar_mode_combination_4":null,"radar_mode_combination_5":null,"radar_mode_combination_6":null,"radar_mode_combination_7":null,"radar_mode_combination_8":null,"radar_mode_combination_9":null,"radar_mode_mnemonic_combination_1":"L:SCI:SH:77M+---:HS:B4:D02  S:--:SH:37W:B4","radar_mode_mnemonic_combination_2":"L:SCI:SH:77M+---:HS:B4:D02  S:DB:CP:25W:B4","radar_mode_mnemonic_combination_3":null,"radar_mode_mnemonic_combination_4":null,"radar_mode_mnemonic_combination_5":null,"radar_mode_mnemonic_combination_6":null,"radar_mode_mnemonic_combination_7":null,"radar_mode_mnemonic_combination_8":null,"radar_mode_mnemonic_combination_9":null,"date_cycle_popup":"2025-09-24 | Cycle A\n2025-10-06 | Cycle A\n2025-10-18 | Cycle A\n2025-10-30 | Cycle A\n2025-11-11 | Cycle A\n2025-11-23 | Cycle A\n2025-12-05 | Cycle A\n2025-12-17 | Cycle A\n2025-12-29 | Cycle A\n2026-01-10 | Cycle A\n2026-01-22 | Cycle A\n2026-02-03 | Cycle B\n2026-02-15 | Cycle B\n2026-02-27 | Cycle A\n2026-03-11 | Cycle A\n2026-03-23 | Cycle A\n2026-04-04 | Cycle A\n2026-04-16 | Cycle A\n2026-04-28 | Cycle A\n2026-05-10 | Cycle A\n2026-05-22 | Cycle A\n2026-06-03 | Cycle A\n2026-06-15 | Cycle A\n2026-06-27 | Cycle A\n2026-07-09 | Cycle A\n2026-07-21 | Cycle A\n2026-08-02 | Cycle B\n2026-08-14 | Cycle B\n2026-08-26 | Cycle A\n2026-09-07 | Cycle A\n2026-09-19 | Cycle A\n2026-10-01 | Cycle A\n2026-10-13 | Cycle A\n2026-10-25 | Cycle A\n2026-11-06 | Cycle A\n2026-11-18 | Cycle A\n2026-11-30 | Cycle A\n2026-12-12 | Cycle A\n2026-12-24 | Cycle A","mixed_mode":"no","l_band":"yes","ls_band":"yes","s_band":"no","SH":1,"SV":0,"DH":0,"DV":0,"QP":0,"CP":0,"QD":0,"QQ":0,"bw_40":"no","bw_20":"no","bw_77":"yes","bw_max_5":"no","visualization":"S0","Shape__Area":1060341229195.9844,"Shape__Length":4121417.6676271763,"tracks":12,"frames":126}},{"type":"Feature","id":7835,"geometry":{"type":"Polygon","coordinates":[[[-80.0723436649999,-72.4485122849999],[-80.3482253349999,-72.99076803],[-84.164451704,-72.780438849],[-85.612834812,-72.680210652],[-87.9747952609999,-72.491568141],[-87.481082245,-71.959036662],[-87.0114985389999,-71.4255380819999],[-86.5640558549999,-70.8911481979999],[-86.136974016,-70.3559345689999],[-84.015666943,-70.530076398],[-82.718683578,-70.623059314],[-79.3124856059999,-70.82028808],[-79.555463409,-71.363256962],[-79.808439129,-71.9060031499999],[-80.0723436649999,-72.4485122849999]]]},"properties":{"fid":7835,"track":97,"frame":124,"dates":"2025-09-29, 2025-10-11, 2025-10-23, 2025-11-04, 2025-11-16, 2025-11-28, 2025-12-10, 2025-12-22, 2026-01-03, 2026-01-15, 2026-01-27, 2026-02-08, 2026-02-20, 2026-03-04, 2026-03-16, 2026-03-28, 2026-04-09, 2026-04-21, 2026-05-03, 2026-05-15, 2026-05-27, 2026-06-08, 2026-06-20, 2026-07-02, 2026-07-14, 2026-07-26, 2026-08-07, 2026-08-19, 2026-08-31, 2026-09-12, 2026-09-24, 2026-10-06, 2026-10-18, 2026-10-30, 2026-11-11, 2026-11-23, 2026-12-05, 2026-12-17, 2026-12-29","acquisition_time":"22:58:36, 22:58:40, 23:00:00, 22:58:32","date_mode_popup":"2025-09-29 | 153,150\n2025-10-11 | 153,150\n2025-10-23 | 153,150\n2025-11-04 | 153,150\n2025-11-16 | 153,150\n2025-11-28 | 153,150\n2025-12-10 | 153,150\n2025-12-22 | 153,150\n2026-01-03 | 153,150\n2026-01-15 | 153,150\n2026-01-27 | 153,150\n2026-02-08 | 153,150\n2026-02-20 | 153,150\n2026-03-04 | 153,150\n2026-03-16 | 153,150\n2026-03-28 | 153,150\n2026-04-09 | 153,150\n2026-04-21 | 153,150\n2026-05-03 | 153,150\n2026-05-15 | 153,150\n2026-05-27 | 153,150\n2026-06-08 | 153,150\n2026-06-20 | 153,150\n2026-07-02 | 153,150\n2026-07-14 | 153,150\n2026-07-26 | 153,150\n2026-08-07 | 153,150\n2026-08-19 | 153,150\n2026-08-31 | 153,150\n2026-09-12 | 153,150\n2026-09-24 | 153,150\n2026-10-06 | 153,150\n2026-10-18 | 153,150\n2026-10-30 | 153,150\n2026-11-11 | 153,150\n2026-11-23 | 153,150\n2026-12-05 | 153,150\n2026-12-17 | 153,150\n2026-12-29 | 153,150","producerifg":1,"producerunw":1,"produceroff":1,"producegunw":1,"producegoff":1,"producerslc":1,"producegslc":1,"producegcov":1,"producesmst":0,"passdirection":"Descending","unique_radar_mode_list":"150, 153","unique_radar_mode_mnemonic_list":"L:SCI:SH:77M+---:HS:B4:D02, L:SCI:SV:05W+---:FS:B4:D09","number_combos":1,"mode_change":"no","radar_mode_combination_1":"153,150","radar_mode_combination_2":null,"radar_mode_combination_3":null,"radar_mode_combination_4":null,"radar_mode_combination_5":null,"radar_mode_combination_6":null,"radar_mode_combination_7":null,"radar_mode_combination_8":null,"radar_mode_combination_9":null,"radar_mode_mnemonic_combination_1":"L:SCI:SV:05W+---:FS:B4:D09,L:SCI:SH:77M+---:HS:B4:D02","radar_mode_mnemonic_combination_2":null,"radar_mode_mnemonic_combination_3":null,"radar_mode_mnemonic_combination_4":null,"radar_mode_mnemonic_combination_5":null,"radar_mode_mnemonic_combination_6":null,"radar_mode_mnemonic_combination_7":null,"radar_mode_mnemonic_combination_8":null,"radar_mode_mnemonic_combination_9":null,"date_cycle_popup":"2025-09-29 | Cycle A\n2025-10-11 | Cycle A\n2025-10-23 | Cycle A\n2025-11-04 | Cycle A\n2025-11-16 | Cycle A\n2025-11-28 | Cycle A\n2025-12-10 | Cycle A\n2025-12-22 | Cycle A\n2026-01-03 | Cycle A\n2026-01-15 | Cycle A\n2026-01-27 | Cycle A\n2026-02-08 | Cycle A\n2026-02-20 | Cycle A\n2026-03-04 | Cycle A\n2026-03-16 | Cycle A\n2026-03-28 | Cycle A\n2026-04-09 | Cycle A\n2026-04-21 | Cycle A\n2026-05-03 | Cycle A\n2026-05-15 | Cycle A\n2026-05-27 | Cycle A\n2026-06-08 | Cycle A\n2026-06-20 | Cycle A\n2026-07-02 | Cycle A\n2026-07-14 | Cycle A\n2026-07-26 | Cycle A\n2026-08-07 | Cycle A\n2026-08-19 | Cycle A\n2026-08-31 | Cycle A\n2026-09-12 | Cycle A\n2026-09-24 | Cycle A\n2026-10-06 | Cycle A\n2026-10-18 | Cycle A\n2026-10-30 | Cycle A\n2026-11-11 | Cycle A\n2026-11-23 | Cycle A\n2026-12-05 | Cycle A\n2026-12-17 | Cycle A\n2026-12-29 | Cycle A","mixed_mode":"yes","l_band":"yes","ls_band":"no","s_band":"no","SH":1,"SV":1,"DH":0,"DV":0,"QP":0,"CP":0,"QD":0,"QQ":0,"bw_40":"no","bw_20":"no","bw_77":"yes","bw_max_5":"yes","visualization":"F1","Shape__Area":642428558663.20313,"Shape__Length":3207652.830670964,"tracks":97,"frames":124}},{"type":"Feature","id":7929,"geometry":{"type":"Polygon","coordinates":[[[-108.85189072,-78.129571868],[-109.384924362,-78.6801968469999],[-109.964579285,-79.229993544],[-115.814538472,-78.9415479749999],[-117.986601675,-78.801067499],[-121.460807318,-78.534926709],[-120.395774811,-78.0117774],[-119.413862769,-77.485305293],[-118.505437005,-76.9559071319999],[-117.662234693,-76.4239196089999],[-114.675530227,-76.654003243],[-112.826467201,-76.775488416],[-107.902113965,-77.026234377],[-108.359328386,-77.57822238],[-108.85189072,-78.129571868]]]},"properties":{"fid":7929,"track":98,"frame":127,"dates":"2025-09-30, 2025-10-12, 2025-10-24, 2025-11-05, 2025-11-17, 2025-11-29, 2025-12-11, 2025-12-23, 2026-01-04, 2026-01-16, 2026-01-28, 2026-02-09, 2026-02-21, 2026-03-05, 2026-03-17, 2026-03-29, 2026-04-10, 2026-04-22, 2026-05-04, 2026-05-16, 2026-05-28, 2026-06-09, 2026-06-21, 2026-07-03, 2026-07-15, 2026-07-27, 2026-08-08, 2026-08-20, 2026-09-01, 2026-09-13, 2026-09-25, 2026-10-07, 2026-10-19, 2026-10-31, 2026-11-12, 2026-11-24, 2026-12-06, 2026-12-18, 2026-12-30","acquisition_time":"00:41:36","date_mode_popup":"2025-09-30 | 150\n2025-10-12 | 150\n2025-10-24 | 150\n2025-11-05 | 150\n2025-11-17 | 150\n2025-11-29 | 150\n2025-12-11 | 150\n2025-12-23 | 150\n2026-01-04 | 150\n2026-01-16 | 150\n2026-01-28 | 150\n2026-02-09 | 150\n2026-02-21 | 150\n2026-03-05 | 150\n2026-03-17 | 150\n2026-03-29 | 150\n2026-04-10 | 150\n2026-04-22 | 150\n2026-05-04 | 150\n2026-05-16 | 150\n2026-05-28 | 150\n2026-06-09 | 150\n2026-06-21 | 150\n2026-07-03 | 150\n2026-07-15 | 150\n2026-07-27 | 150\n2026-08-08 | 150\n2026-08-20 | 150\n2026-09-01 | 150\n2026-09-13 | 150\n2026-09-25 | 150\n2026-10-07 | 150\n2026-10-19 | 150\n2026-10-31 | 150\n2026-11-12 | 150\n2026-11-24 | 150\n2026-12-06 | 150\n2026-12-18 | 150\n2026-12-30 | 150","producerifg":1,"producerunw":1,"produceroff":1,"producegunw":1,"producegoff":1,"producerslc":1,"producegslc":1,"producegcov":1,"producesmst":0,"passdirection":"Descending","unique_radar_mode_list":"150","unique_radar_mode_mnemonic_list":"L:SCI:SH:77M+---:HS:B4:D02","number_combos":1,"mode_change":"no","radar_mode_combination_1":"150","radar_mode_combination_2":null,"radar_mode_combination_3":null,"radar_mode_combination_4":null,"radar_mode_combination_5":null,"radar_mode_combination_6":null,"radar_mode_combination_7":null,"radar_mode_combination_8":null,"radar_mode_combination_9":null,"radar_mode_mnemonic_combination_1":"L:SCI:SH:77M+---:HS:B4:D02","radar_mode_mnemonic_combination_2":null,"radar_mode_mnemonic_combination_3":null,"radar_mode_mnemonic_combination_4":null,"radar_mode_mnemonic_combination_5":null,"radar_mode_mnemonic_combination_6":null,"radar_mode_mnemonic_combination_7":null,"radar_mode_mnemonic_combination_8":null,"radar_mode_mnemonic_combination_9":null,"date_cycle_popup":"2025-09-30 | Cycle A\n2025-10-12 | Cycle A\n2025-10-24 | Cycle A\n2025-11-05 | Cycle A\n2025-11-17 | Cycle A\n2025-11-29 | Cycle A\n2025-12-11 | Cycle A\n2025-12-23 | Cycle A\n2026-01-04 | Cycle A\n2026-01-16 | Cycle A\n2026-01-28 | Cycle A\n2026-02-09 | Cycle A\n2026-02-21 | Cycle A\n2026-03-05 | Cycle A\n2026-03-17 | Cycle A\n2026-03-29 | Cycle A\n2026-04-10 | Cycle A\n2026-04-22 | Cycle A\n2026-05-04 | Cycle A\n2026-05-16 | Cycle A\n2026-05-28 | Cycle A\n2026-06-09 | Cycle A\n2026-06-21 | Cycle A\n2026-07-03 | Cycle A\n2026-07-15 | Cycle A\n2026-07-27 | Cycle A\n2026-08-08 | Cycle A\n2026-08-20 | Cycle A\n2026-09-01 | Cycle A\n2026-09-13 | Cycle A\n2026-09-25 | Cycle A\n2026-10-07 | Cycle A\n2026-10-19 | Cycle A\n2026-10-31 | Cycle A\n2026-11-12 | Cycle A\n2026-11-24 | Cycle A\n2026-12-06 | Cycle A\n2026-12-18 | Cycle A\n2026-12-30 | Cycle A","mixed_mode":"no","l_band":"yes","ls_band":"no","s_band":"no","SH":1,"SV":0,"DH":0,"DV":0,"QP":0,"CP":0,"QD":0,"QQ":0,"bw_40":"no","bw_20":"no","bw_77":"yes","bw_max_5":"no","visualization":"F0","Shape__Area":1470328411897.5625,"Shape__Length":4853017.6407409515,"tracks":98,"frames":127}},{"type":"Feature","id":14619,"geometry":{"type":"Polygon","coordinates":[[[-130.469222475,-76.601162916],[-130.893608148,-77.142636621],[-135.858958769,-76.890155083],[-137.722547792,-76.767800341],[-140.73148454,-76.536064429],[-139.949736718,-76.012859706],[-139.21920309,-75.487627388],[-138.534680874,-74.960574594],[-137.891627535,-74.431880906],[-135.257876326,-74.637946434],[-133.636682078,-74.747031411],[-129.34703791,-74.973936766],[-129.69875105,-75.5167665829999],[-130.071946576,-76.059189535],[-130.469222475,-76.601162916]]]},"properties":{"fid":14619,"track":171,"frame":126,"dates":"2025-10-05, 2025-10-17, 2025-10-29, 2025-11-10, 2025-11-22, 2025-12-04, 2025-12-16, 2025-12-28, 2026-01-09, 2026-01-21, 2026-02-02, 2026-02-14, 2026-02-26, 2026-03-10, 2026-03-22, 2026-04-03, 2026-04-15, 2026-04-27, 2026-05-09, 2026-05-21, 2026-06-02, 2026-06-14, 2026-06-26, 2026-07-08, 2026-07-20, 2026-08-01, 2026-08-13, 2026-08-25, 2026-09-06, 2026-09-18, 2026-09-30, 2026-10-12, 2026-10-24, 2026-11-05, 2026-11-17, 2026-11-29, 2026-12-11, 2026-12-23","acquisition_time":"02:13:16","date_mode_popup":"2025-10-05 | 150\n2025-10-17 | 150\n2025-10-29 | 150\n2025-11-10 | 150\n2025-11-22 | 150\n2025-12-04 | 150\n2025-12-16 | 150\n2025-12-28 | 150\n2026-01-09 | 150\n2026-01-21 | 150\n2026-02-02 | 150\n2026-02-14 | 150\n2026-02-26 | 150\n2026-03-10 | 150\n2026-03-22 | 150\n2026-04-03 | 150\n2026-04-15 | 150\n2026-04-27 | 150\n2026-05-09 | 150\n2026-05-21 | 150\n2026-06-02 | 150\n2026-06-14 | 150\n2026-06-26 | 150\n2026-07-08 | 150\n2026-07-20 | 150\n2026-08-01 | 150\n2026-08-13 | 150\n2026-08-25 | 150\n2026-09-06 | 150\n2026-09-18 | 150\n2026-09-30 | 150\n2026-10-12 | 150\n2026-10-24 | 150\n2026-11-05 | 150\n2026-11-17 | 150\n2026-11-29 | 150\n2026-12-11 | 150\n2026-12-23 | 150","producerifg":1,"producerunw":1,"produceroff":1,"producegunw":1,"producegoff":1,"producerslc":1,"producegslc":1,"producegcov":1,"producesmst":0,"passdirection":"Descending","unique_radar_mode_list":"150","unique_radar_mode_mnemonic_list":"L:SCI:SH:77M+---:HS:B4:D02","number_combos":1,"mode_change":"no","radar_mode_combination_1":"150","radar_mode_combination_2":null,"radar_mode_combination_3":null,"radar_mode_combination_4":null,"radar_mode_combination_5":null,"radar_mode_combination_6":null,"radar_mode_combination_7":null,"radar_mode_combination_8":null,"radar_mode_combination_9":null,"radar_mode_mnemonic_combination_1":"L:SCI:SH:77M+---:HS:B4:D02","radar_mode_mnemonic_combination_2":null,"radar_mode_mnemonic_combination_3":null,"radar_mode_mnemonic_combination_4":null,"radar_mode_mnemonic_combination_5":null,"radar_mode_mnemonic_combination_6":null,"radar_mode_mnemonic_combination_7":null,"radar_mode_mnemonic_combination_8":null,"radar_mode_mnemonic_combination_9":null,"date_cycle_popup":"2025-10-05 | Cycle A\n2025-10-17 | Cycle A\n2025-10-29 | Cycle A\n2025-11-10 | Cycle A\n2025-11-22 | Cycle A\n2025-12-04 | Cycle A\n2025-12-16 | Cycle A\n2025-12-28 | Cycle A\n2026-01-09 | Cycle A\n2026-01-21 | Cycle A\n2026-02-02 | Cycle A\n2026-02-14 | Cycle A\n2026-02-26 | Cycle A\n2026-03-10 | Cycle A\n2026-03-22 | Cycle A\n2026-04-03 | Cycle A\n2026-04-15 | Cycle A\n2026-04-27 | Cycle A\n2026-05-09 | Cycle A\n2026-05-21 | Cycle A\n2026-06-02 | Cycle A\n2026-06-14 | Cycle A\n2026-06-26 | Cycle A\n2026-07-08 | Cycle A\n2026-07-20 | Cycle A\n2026-08-01 | Cycle A\n2026-08-13 | Cycle A\n2026-08-25 | Cycle A\n2026-09-06 | Cycle A\n2026-09-18 | Cycle A\n2026-09-30 | Cycle A\n2026-10-12 | Cycle A\n2026-10-24 | Cycle A\n2026-11-05 | Cycle A\n2026-11-17 | Cycle A\n2026-11-29 | Cycle A\n2026-12-11 | Cycle A\n2026-12-23 | Cycle A","mixed_mode":"no","l_band":"yes","ls_band":"no","s_band":"no","SH":1,"SV":0,"DH":0,"DV":0,"QP":0,"CP":0,"QD":0,"QQ":0,"bw_40":"no","bw_20":"no","bw_77":"yes","bw_max_5":"no","visualization":"F0","Shape__Area":1060404661705.2656,"Shape__Length":4121540.763655331,"tracks":171,"frames":126}},{"type":"Feature","id":3358,"geometry":{"type":"Polygon","coordinates":[[[-106.537935468,-76.0596565439999],[-106.910962492,-75.5172186629999],[-107.262517317,-74.974374106],[-102.97167189,-74.747467576],[-101.350040611,-74.638371735],[-98.715601329,-74.432276433],[-98.072585976,-74.9609841509999],[-97.388101841,-75.488050995],[-96.657606146,-76.013297385],[-95.875895757,-76.5365162209999],[-98.88567362,-76.768286884],[-100.749801786,-76.890653962],[-105.716645822,-77.143134203],[-106.140839315,-76.601645072],[-106.537935468,-76.0596565439999]]]},"properties":{"fid":3358,"track":48,"frame":140,"dates":"2025-09-26, 2025-10-08, 2025-10-20, 2025-11-01, 2025-11-13, 2025-11-25, 2025-12-07, 2025-12-19, 2025-12-31, 2026-01-12, 2026-01-24, 2026-02-05, 2026-02-17, 2026-03-01, 2026-03-13, 2026-03-25, 2026-04-06, 2026-04-18, 2026-04-30, 2026-05-12, 2026-05-24, 2026-06-05, 2026-06-17, 2026-06-29, 2026-07-11, 2026-07-23, 2026-08-04, 2026-08-16, 2026-08-28, 2026-09-09, 2026-09-21, 2026-10-03, 2026-10-15, 2026-10-27, 2026-11-08, 2026-11-20, 2026-12-02, 2026-12-14, 2026-12-26","acquisition_time":"13:35:20","date_mode_popup":"2025-09-26 | 150\n2025-10-08 | 150\n2025-10-20 | 150\n2025-11-01 | 150\n2025-11-13 | 150\n2025-11-25 | 150\n2025-12-07 | 150\n2025-12-19 | 150\n2025-12-31 | 150\n2026-01-12 | 150\n2026-01-24 | 150\n2026-02-05 | 150\n2026-02-17 | 150\n2026-03-01 | 150\n2026-03-13 | 150\n2026-03-25 | 150\n2026-04-06 | 150\n2026-04-18 | 150\n2026-04-30 | 150\n2026-05-12 | 150\n2026-05-24 | 150\n2026-06-05 | 150\n2026-06-17 | 150\n2026-06-29 | 150\n2026-07-11 | 150\n2026-07-23 | 150\n2026-08-04 | 150\n2026-08-16 | 150\n2026-08-28 | 150\n2026-09-09 | 150\n2026-09-21 | 150\n2026-10-03 | 150\n2026-10-15 | 150\n2026-10-27 | 150\n2026-11-08 | 150\n2026-11-20 | 150\n2026-12-02 | 150\n2026-12-14 | 150\n2026-12-26 | 150","producerifg":1,"producerunw":1,"produceroff":1,"producegunw":1,"producegoff":1,"producerslc":1,"producegslc":1,"producegcov":1,"producesmst":0,"passdirection":"Ascending","unique_radar_mode_list":"150","unique_radar_mode_mnemonic_list":"L:SCI:SH:77M+---:HS:B4:D02","number_combos":1,"mode_change":"no","radar_mode_combination_1":"150","radar_mode_combination_2":null,"radar_mode_combination_3":null,"radar_mode_combination_4":null,"radar_mode_combination_5":null,"radar_mode_combination_6":null,"radar_mode_combination_7":null,"radar_mode_combination_8":null,"radar_mode_combination_9":null,"radar_mode_mnemonic_combination_1":"L:SCI:SH:77M+---:HS:B4:D02","radar_mode_mnemonic_combination_2":null,"radar_mode_mnemonic_combination_3":null,"radar_mode_mnemonic_combination_4":null,"radar_mode_mnemonic_combination_5":null,"radar_mode_mnemonic_combination_6":null,"radar_mode_mnemonic_combination_7":null,"radar_mode_mnemonic_combination_8":null,"radar_mode_mnemonic_combination_9":null,"date_cycle_popup":"2025-09-26 | Cycle A\n2025-10-08 | Cycle A\n2025-10-20 | Cycle A\n2025-11-01 | Cycle A\n2025-11-13 | Cycle A\n2025-11-25 | Cycle A\n2025-12-07 | Cycle A\n2025-12-19 | Cycle A\n2025-12-31 | Cycle A\n2026-01-12 | Cycle A\n2026-01-24 | Cycle A\n2026-02-05 | Cycle A\n2026-02-17 | Cycle A\n2026-03-01 | Cycle A\n2026-03-13 | Cycle A\n2026-03-25 | Cycle A\n2026-04-06 | Cycle A\n2026-04-18 | Cycle A\n2026-04-30 | Cycle A\n2026-05-12 | Cycle A\n2026-05-24 | Cycle A\n2026-06-05 | Cycle A\n2026-06-17 | Cycle A\n2026-06-29 | Cycle A\n2026-07-11 | Cycle A\n2026-07-23 | Cycle A\n2026-08-04 | Cycle A\n2026-08-16 | Cycle A\n2026-08-28 | Cycle A\n2026-09-09 | Cycle A\n2026-09-21 | Cycle A\n2026-10-03 | Cycle A\n2026-10-15 | Cycle A\n2026-10-27 | Cycle A\n2026-11-08 | Cycle A\n2026-11-20 | Cycle A\n2026-12-02 | Cycle A\n2026-12-14 | Cycle A\n2026-12-26 | Cycle A","mixed_mode":"no","l_band":"yes","ls_band":"no","s_band":"no","SH":1,"SV":0,"DH":0,"DV":0,"QP":0,"CP":0,"QD":0,"QQ":0,"bw_40":"no","bw_20":"no","bw_77":"yes","bw_max_5":"no","visualization":"F0","Shape__Area":1060742030506.8125,"Shape__Length":4122207.9430215312,"tracks":48,"frames":140}},{"type":"Feature","id":6112,"geometry":{"type":"Polygon","coordinates":[[[-136.037481441,-75.517549215],[-136.389291086,-74.974688753],[-132.09896536,-74.7476842849999],[-130.477537721,-74.638555766],[-127.843436818,-74.432412528],[-127.20019857,-74.961128506],[-126.515475009,-75.488202338],[-125.784721533,-76.0134543149999],[-125.002732943,-76.536677184],[-128.012116273,-76.768505025],[-129.876009681,-76.890911053],[-134.842268629,-77.143507821],[-135.266785556,-76.602005188],[-135.664179426,-76.060002276],[-136.037481441,-75.517549215]]]},"properties":{"fid":6112,"track":78,"frame":140,"dates":"2025-09-28, 2025-10-10, 2025-10-22, 2025-11-03, 2025-11-15, 2025-11-27, 2025-12-09, 2025-12-21, 2026-01-02, 2026-01-14, 2026-01-26, 2026-02-07, 2026-02-19, 2026-03-03, 2026-03-15, 2026-03-27, 2026-04-08, 2026-04-20, 2026-05-02, 2026-05-14, 2026-05-26, 2026-06-07, 2026-06-19, 2026-07-01, 2026-07-13, 2026-07-25, 2026-08-06, 2026-08-18, 2026-08-30, 2026-09-11, 2026-09-23, 2026-10-05, 2026-10-17, 2026-10-29, 2026-11-10, 2026-11-22, 2026-12-04, 2026-12-16, 2026-12-28","acquisition_time":"15:32:20","date_mode_popup":"2025-09-28 | 150\n2025-10-10 | 150\n2025-10-22 | 150\n2025-11-03 | 150\n2025-11-15 | 150\n2025-11-27 | 150\n2025-12-09 | 150\n2025-12-21 | 150\n2026-01-02 | 150\n2026-01-14 | 150\n2026-01-26 | 150\n2026-02-07 | 150\n2026-02-19 | 150\n2026-03-03 | 150\n2026-03-15 | 150\n2026-03-27 | 150\n2026-04-08 | 150\n2026-04-20 | 150\n2026-05-02 | 150\n2026-05-14 | 150\n2026-05-26 | 150\n2026-06-07 | 150\n2026-06-19 | 150\n2026-07-01 | 150\n2026-07-13 | 150\n2026-07-25 | 150\n2026-08-06 | 150\n2026-08-18 | 150\n2026-08-30 | 150\n2026-09-11 | 150\n2026-09-23 | 150\n2026-10-05 | 150\n2026-10-17 | 150\n2026-10-29 | 150\n2026-11-10 | 150\n2026-11-22 | 150\n2026-12-04 | 150\n2026-12-16 | 150\n2026-12-28 | 150","producerifg":1,"producerunw":1,"produceroff":1,"producegunw":1,"producegoff":1,"producerslc":1,"producegslc":1,"producegcov":1,"producesmst":0,"passdirection":"Ascending","unique_radar_mode_list":"150","unique_radar_mode_mnemonic_list":"L:SCI:SH:77M+---:HS:B4:D02","number_combos":1,"mode_change":"no","radar_mode_combination_1":"150","radar_mode_combination_2":null,"radar_mode_combination_3":null,"radar_mode_combination_4":null,"radar_mode_combination_5":null,"radar_mode_combination_6":null,"radar_mode_combination_7":null,"radar_mode_combination_8":null,"radar_mode_combination_9":null,"radar_mode_mnemonic_combination_1":"L:SCI:SH:77M+---:HS:B4:D02","radar_mode_mnemonic_combination_2":null,"radar_mode_mnemonic_combination_3":null,"radar_mode_mnemonic_combination_4":null,"radar_mode_mnemonic_combination_5":null,"radar_mode_mnemonic_combination_6":null,"radar_mode_mnemonic_combination_7":null,"radar_mode_mnemonic_combination_8":null,"radar_mode_mnemonic_combination_9":null,"date_cycle_popup":"2025-09-28 | Cycle A\n2025-10-10 | Cycle A\n2025-10-22 | Cycle A\n2025-11-03 | Cycle A\n2025-11-15 | Cycle A\n2025-11-27 | Cycle A\n2025-12-09 | Cycle A\n2025-12-21 | Cycle A\n2026-01-02 | Cycle A\n2026-01-14 | Cycle A\n2026-01-26 | Cycle A\n2026-02-07 | Cycle A\n2026-02-19 | Cycle A\n2026-03-03 | Cycle A\n2026-03-15 | Cycle A\n2026-03-27 | Cycle A\n2026-04-08 | Cycle A\n2026-04-20 | Cycle A\n2026-05-02 | Cycle A\n2026-05-14 | Cycle A\n2026-05-26 | Cycle A\n2026-06-07 | Cycle A\n2026-06-19 | Cycle A\n2026-07-01 | Cycle A\n2026-07-13 | Cycle A\n2026-07-25 | Cycle A\n2026-08-06 | Cycle A\n2026-08-18 | Cycle A\n2026-08-30 | Cycle A\n2026-09-11 | Cycle A\n2026-09-23 | Cycle A\n2026-10-05 | Cycle A\n2026-10-17 | Cycle A\n2026-10-29 | Cycle A\n2026-11-10 | Cycle A\n2026-11-22 | Cycle A\n2026-12-04 | Cycle A\n2026-12-16 | Cycle A\n2026-12-28 | Cycle A","mixed_mode":"no","l_band":"yes","ls_band":"no","s_band":"no","SH":1,"SV":0,"DH":0,"DV":0,"QP":0,"CP":0,"QD":0,"QQ":0,"bw_40":"no","bw_20":"no","bw_77":"yes","bw_max_5":"no","visualization":"F0","Shape__Area":1060709257608.4688,"Shape__Length":4122136.8514308743,"tracks":78,"frames":140}},{"type":"Feature","id":10514,"geometry":{"type":"Polygon","coordinates":[[[-85.373480464,-74.5368750219999],[-85.716071514,-75.090478774],[-90.0381168389999,-74.862452955],[-91.671058847,-74.752766314],[-94.323172919,-74.545516833],[-93.698479439,-74.005407588],[-93.10976864,-73.463872034],[-92.553693683,-72.9210402199999],[-92.027300407,-72.377026335],[-89.679625736,-72.564769933],[-88.240271493,-72.664543938],[-84.4486199779999,-72.874031853],[-84.7414736109999,-73.4286239699999],[-85.049226641,-73.982913561],[-85.373480464,-74.5368750219999]]]},"properties":{"fid":10514,"track":126,"frame":125,"dates":"2025-10-01, 2025-10-13, 2025-10-25, 2025-11-06, 2025-11-18, 2025-11-30, 2025-12-12, 2025-12-24, 2026-01-05, 2026-01-17, 2026-01-29, 2026-02-10, 2026-02-22, 2026-03-06, 2026-03-18, 2026-03-30, 2026-04-11, 2026-04-23, 2026-05-05, 2026-05-17, 2026-05-29, 2026-06-10, 2026-06-22, 2026-07-04, 2026-07-16, 2026-07-28, 2026-08-09, 2026-08-21, 2026-09-02, 2026-09-14, 2026-09-26, 2026-10-08, 2026-10-20, 2026-11-01, 2026-11-13, 2026-11-25, 2026-12-07, 2026-12-19","acquisition_time":"23:17:52","date_mode_popup":"2025-10-01 | 246\n2025-10-13 | 246\n2025-10-25 | 246\n2025-11-06 | 246\n2025-11-18 | 246\n2025-11-30 | 246\n2025-12-12 | 246\n2025-12-24 | 246\n2026-01-05 | 246\n2026-01-17 | 246\n2026-01-29 | 220\n2026-02-10 | 220\n2026-02-22 | 246\n2026-03-06 | 246\n2026-03-18 | 246\n2026-03-30 | 246\n2026-04-11 | 246\n2026-04-23 | 246\n2026-05-05 | 246\n2026-05-17 | 246\n2026-05-29 | 246\n2026-06-10 | 246\n2026-06-22 | 246\n2026-07-04 | 246\n2026-07-16 | 246\n2026-07-28 | 220\n2026-08-09 | 220\n2026-08-21 | 246\n2026-09-02 | 246\n2026-09-14 | 246\n2026-09-26 | 246\n2026-10-08 | 246\n2026-10-20 | 246\n2026-11-01 | 246\n2026-11-13 | 246\n2026-11-25 | 246\n2026-12-07 | 246\n2026-12-19 | 246","producerifg":1,"producerunw":1,"produceroff":1,"producegunw":1,"producegoff":1,"producerslc":1,"producegslc":1,"producegcov":1,"producesmst":0,"passdirection":"Descending","unique_radar_mode_list":"220, 246","unique_radar_mode_mnemonic_list":"L:SCI:SH:77M+---:HS:B4:D02  S:--:SH:37W:B4, L:SCI:SH:77M+---:HS:B4:D02  S:DB:CP:25W:B4","number_combos":2,"mode_change":"yes","radar_mode_combination_1":"246","radar_mode_combination_2":"220","radar_mode_combination_3":null,"radar_mode_combination_4":null,"radar_mode_combination_5":null,"radar_mode_combination_6":null,"radar_mode_combination_7":null,"radar_mode_combination_8":null,"radar_mode_combination_9":null,"radar_mode_mnemonic_combination_1":"L:SCI:SH:77M+---:HS:B4:D02  S:--:SH:37W:B4","radar_mode_mnemonic_combination_2":"L:SCI:SH:77M+---:HS:B4:D02  S:DB:CP:25W:B4","radar_mode_mnemonic_combination_3":null,"radar_mode_mnemonic_combination_4":null,"radar_mode_mnemonic_combination_5":null,"radar_mode_mnemonic_combination_6":null,"radar_mode_mnemonic_combination_7":null,"radar_mode_mnemonic_combination_8":null,"radar_mode_mnemonic_combination_9":null,"date_cycle_popup":"2025-10-01 | Cycle A\n2025-10-13 | Cycle A\n2025-10-25 | Cycle A\n2025-11-06 | Cycle A\n2025-11-18 | Cycle A\n2025-11-30 | Cycle A\n2025-12-12 | Cycle A\n2025-12-24 | Cycle A\n2026-01-05 | Cycle A\n2026-01-17 | Cycle A\n2026-01-29 | Cycle B\n2026-02-10 | Cycle B\n2026-02-22 | Cycle A\n2026-03-06 | Cycle A\n2026-03-18 | Cycle A\n2026-03-30 | Cycle A\n2026-04-11 | Cycle A\n2026-04-23 | Cycle A\n2026-05-05 | Cycle A\n2026-05-17 | Cycle A\n2026-05-29 | Cycle A\n2026-06-10 | Cycle A\n2026-06-22 | Cycle A\n2026-07-04 | Cycle A\n2026-07-16 | Cycle A\n2026-07-28 | Cycle B\n2026-08-09 | Cycle B\n2026-08-21 | Cycle A\n2026-09-02 | Cycle A\n2026-09-14 | Cycle A\n2026-09-26 | Cycle A\n2026-10-08 | Cycle A\n2026-10-20 | Cycle A\n2026-11-01 | Cycle A\n2026-11-13 | Cycle A\n2026-11-25 | Cycle A\n2026-12-07 | Cycle A\n2026-12-19 | Cycle A","mixed_mode":"no","l_band":"yes","ls_band":"yes","s_band":"no","SH":1,"SV":0,"DH":0,"DV":0,"QP":0,"CP":0,"QD":0,"QQ":0,"bw_40":"no","bw_20":"no","bw_77":"yes","bw_max_5":"no","visualization":"S0","Shape__Area":829437224430.96875,"Shape__Length":3644216.7310597235,"tracks":126,"frames":125}},{"type":"Feature","id":12741,"geometry":{"type":"Polygon","coordinates":[[[-132.85498754,-77.027457698],[-127.930231352,-76.776492589],[-126.081066484,-76.654921229],[-123.094255642,-76.424694205],[-122.250462636,-76.956724849],[-121.341387765,-77.486162149],[-120.358760125,-78.012668859],[-119.292936075,-78.535847603],[-122.767292735,-78.802165175],[-124.939514212,-78.942752044],[-130.790137546,-79.231467225],[-131.370489377,-78.681611178],[-131.90414579,-78.130924502],[-132.397267728,-77.579511259],[-132.85498754,-77.027457698]]]},"properties":{"fid":12741,"track":150,"frame":139,"dates":"2025-10-03, 2025-10-15, 2025-10-27, 2025-11-08, 2025-11-20, 2025-12-02, 2025-12-14, 2025-12-26, 2026-01-07, 2026-01-19, 2026-01-31, 2026-02-12, 2026-02-24, 2026-03-08, 2026-03-20, 2026-04-01, 2026-04-13, 2026-04-25, 2026-05-07, 2026-05-19, 2026-05-31, 2026-06-12, 2026-06-24, 2026-07-06, 2026-07-18, 2026-07-30, 2026-08-11, 2026-08-23, 2026-09-04, 2026-09-16, 2026-09-28, 2026-10-10, 2026-10-22, 2026-11-03, 2026-11-15, 2026-11-27, 2026-12-09, 2026-12-21","acquisition_time":"15:22:44","date_mode_popup":"2025-10-03 | 150\n2025-10-15 | 150\n2025-10-27 | 150\n2025-11-08 | 150\n2025-11-20 | 150\n2025-12-02 | 150\n2025-12-14 | 150\n2025-12-26 | 150\n2026-01-07 | 150\n2026-01-19 | 150\n2026-01-31 | 150\n2026-02-12 | 150\n2026-02-24 | 246\n2026-03-08 | 246\n2026-03-20 | 150\n2026-04-01 | 150\n2026-04-13 | 150\n2026-04-25 | 150\n2026-05-07 | 150\n2026-05-19 | 150\n2026-05-31 | 150\n2026-06-12 | 150\n2026-06-24 | 150\n2026-07-06 | 150\n2026-07-18 | 150\n2026-07-30 | 150\n2026-08-11 | 150\n2026-08-23 | 246\n2026-09-04 | 246\n2026-09-16 | 150\n2026-09-28 | 150\n2026-10-10 | 150\n2026-10-22 | 150\n2026-11-03 | 150\n2026-11-15 | 150\n2026-11-27 | 150\n2026-12-09 | 150\n2026-12-21 | 150","producerifg":1,"producerunw":1,"produceroff":1,"producegunw":1,"producegoff":1,"producerslc":1,"producegslc":1,"producegcov":1,"producesmst":0,"passdirection":"Ascending","unique_radar_mode_list":"150, 246","unique_radar_mode_mnemonic_list":"L:SCI:SH:77M+---:HS:B4:D02, L:SCI:SH:77M+---:HS:B4:D02  S:--:SH:37W:B4","number_combos":2,"mode_change":"yes","radar_mode_combination_1":"150","radar_mode_combination_2":"246","radar_mode_combination_3":null,"radar_mode_combination_4":null,"radar_mode_combination_5":null,"radar_mode_combination_6":null,"radar_mode_combination_7":null,"radar_mode_combination_8":null,"radar_mode_combination_9":null,"radar_mode_mnemonic_combination_1":"L:SCI:SH:77M+---:HS:B4:D02","radar_mode_mnemonic_combination_2":"L:SCI:SH:77M+---:HS:B4:D02  S:--:SH:37W:B4","radar_mode_mnemonic_combination_3":null,"radar_mode_mnemonic_combination_4":null,"radar_mode_mnemonic_combination_5":null,"radar_mode_mnemonic_combination_6":null,"radar_mode_mnemonic_combination_7":null,"radar_mode_mnemonic_combination_8":null,"radar_mode_mnemonic_combination_9":null,"date_cycle_popup":"2025-10-03 | Cycle A\n2025-10-15 | Cycle A\n2025-10-27 | Cycle A\n2025-11-08 | Cycle A\n2025-11-20 | Cycle A\n2025-12-02 | Cycle A\n2025-12-14 | Cycle A\n2025-12-26 | Cycle A\n2026-01-07 | Cycle A\n2026-01-19 | Cycle A\n2026-01-31 | Cycle A\n2026-02-12 | Cycle A\n2026-02-24 | Cycle B\n2026-03-08 | Cycle B\n2026-03-20 | Cycle A\n2026-04-01 | Cycle A\n2026-04-13 | Cycle A\n2026-04-25 | Cycle A\n2026-05-07 | Cycle A\n2026-05-19 | Cycle A\n2026-05-31 | Cycle A\n2026-06-12 | Cycle A\n2026-06-24 | Cycle A\n2026-07-06 | Cycle A\n2026-07-18 | Cycle A\n2026-07-30 | Cycle A\n2026-08-11 | Cycle A\n2026-08-23 | Cycle B\n2026-09-04 | Cycle B\n2026-09-16 | Cycle A\n2026-09-28 | Cycle A\n2026-10-10 | Cycle A\n2026-10-22 | Cycle A\n2026-11-03 | Cycle A\n2026-11-15 | Cycle A\n2026-11-27 | Cycle A\n2026-12-09 | Cycle A\n2026-12-21 | Cycle A","mixed_mode":"no","l_band":"yes","ls_band":"yes","s_band":"no","SH":1,"SV":0,"DH":0,"DV":0,"QP":0,"CP":0,"QD":0,"QQ":0,"bw_40":"no","bw_20":"no","bw_77":"yes","bw_max_5":"no","visualization":"S0","Shape__Area":1470878940381.4219,"Shape__Length":4853924.3207715452,"tracks":150,"frames":139}},{"type":"Feature","id":4726,"geometry":{"type":"Polygon","coordinates":[[[-123.501357902,-71.9061608219999],[-123.754294252,-71.36340725],[-123.99723446,-70.820430777],[-120.590890569,-70.623185318],[-119.293855134,-70.530194759],[-117.172467052,-70.3560389319999],[-116.745391164,-70.891259001],[-116.2979543,-71.4256550819999],[-115.828376258,-71.959159605],[-115.334668719,-72.491696759],[-117.696750142,-72.6803557649999],[-119.145211211,-72.780592702],[-122.961656365,-72.990939822],[-123.237494659,-72.4486771269999],[-123.501357902,-71.9061608219999]]]},"properties":{"fid":4726,"track":63,"frame":142,"dates":"2025-09-27, 2025-10-09, 2025-10-21, 2025-11-02, 2025-11-14, 2025-11-26, 2025-12-08, 2025-12-20, 2026-01-01, 2026-01-13, 2026-01-25, 2026-02-06, 2026-02-18, 2026-03-02, 2026-03-14, 2026-03-26, 2026-04-07, 2026-04-19, 2026-05-01, 2026-05-13, 2026-05-25, 2026-06-06, 2026-06-18, 2026-06-30, 2026-07-12, 2026-07-24, 2026-08-05, 2026-08-17, 2026-08-29, 2026-09-10, 2026-09-22, 2026-10-04, 2026-10-16, 2026-10-28, 2026-11-09, 2026-11-21, 2026-12-03, 2026-12-15, 2026-12-27","acquisition_time":"14:34:48, 14:34:56","date_mode_popup":"2025-09-27 | 153\n2025-10-09 | 153\n2025-10-21 | 153\n2025-11-02 | 153\n2025-11-14 | 153\n2025-11-26 | 153\n2025-12-08 | 153\n2025-12-20 | 153\n2026-01-01 | 153\n2026-01-13 | 153\n2026-01-25 | 153\n2026-02-06 | 153\n2026-02-18 | 153\n2026-03-02 | 153\n2026-03-14 | 153\n2026-03-26 | 153\n2026-04-07 | 153\n2026-04-19 | 153\n2026-05-01 | 153\n2026-05-13 | 153\n2026-05-25 | 153\n2026-06-06 | 153\n2026-06-18 | 153\n2026-06-30 | 153\n2026-07-12 | 153\n2026-07-24 | 153\n2026-08-05 | 153\n2026-08-17 | 153\n2026-08-29 | 153\n2026-09-10 | 153\n2026-09-22 | 153\n2026-10-04 | 153\n2026-10-16 | 153\n2026-10-28 | 153\n2026-11-09 | 153\n2026-11-21 | 153\n2026-12-03 | 153\n2026-12-15 | 153\n2026-12-27 | 153","producerifg":0,"producerunw":0,"produceroff":0,"producegunw":0,"producegoff":0,"producerslc":1,"producegslc":1,"producegcov":1,"producesmst":0,"passdirection":"Ascending","unique_radar_mode_list":"153","unique_radar_mode_mnemonic_list":"L:SCI:SV:05W+---:FS:B4:D09","number_combos":1,"mode_change":"no","radar_mode_combination_1":"153","radar_mode_combination_2":null,"radar_mode_combination_3":null,"radar_mode_combination_4":null,"radar_mode_combination_5":null,"radar_mode_combination_6":null,"radar_mode_combination_7":null,"radar_mode_combination_8":null,"radar_mode_combination_9":null,"radar_mode_mnemonic_combination_1":"L:SCI:SV:05W+---:FS:B4:D09","radar_mode_mnemonic_combination_2":null,"radar_mode_mnemonic_combination_3":null,"radar_mode_mnemonic_combination_4":null,"radar_mode_mnemonic_combination_5":null,"radar_mode_mnemonic_combination_6":null,"radar_mode_mnemonic_combination_7":null,"radar_mode_mnemonic_combination_8":null,"radar_mode_mnemonic_combination_9":null,"date_cycle_popup":"2025-09-27 | Cycle A\n2025-10-09 | Cycle A\n2025-10-21 | Cycle A\n2025-11-02 | Cycle A\n2025-11-14 | Cycle A\n2025-11-26 | Cycle A\n2025-12-08 | Cycle A\n2025-12-20 | Cycle A\n2026-01-01 | Cycle A\n2026-01-13 | Cycle A\n2026-01-25 | Cycle A\n2026-02-06 | Cycle A\n2026-02-18 | Cycle A\n2026-03-02 | Cycle A\n2026-03-14 | Cycle A\n2026-03-26 | Cycle A\n2026-04-07 | Cycle A\n2026-04-19 | Cycle A\n2026-05-01 | Cycle A\n2026-05-13 | Cycle A\n2026-05-25 | Cycle A\n2026-06-06 | Cycle A\n2026-06-18 | Cycle A\n2026-06-30 | Cycle A\n2026-07-12 | Cycle A\n2026-07-24 | Cycle A\n2026-08-05 | Cycle A\n2026-08-17 | Cycle A\n2026-08-29 | Cycle A\n2026-09-10 | Cycle A\n2026-09-22 | Cycle A\n2026-10-04 | Cycle A\n2026-10-16 | Cycle A\n2026-10-28 | Cycle A\n2026-11-09 | Cycle A\n2026-11-21 | Cycle A\n2026-12-03 | Cycle A\n2026-12-15 | Cycle A\n2026-12-27 | Cycle A","mixed_mode":"no","l_band":"yes","ls_band":"no","s_band":"no","SH":0,"SV":1,"DH":0,"DV":0,"QP":0,"CP":0,"QD":0,"QQ":0,"bw_40":"no","bw_20":"no","bw_77":"no","bw_max_5":"yes","visualization":"F0","Shape__Area":642471400272.3125,"Shape__Length":3207761.4913595188,"tracks":63,"frames":142}},{"type":"Feature","id":10620,"geometry":{"type":"Polygon","coordinates":[[[-110.686249314,-75.0900027439999],[-115.007798188,-74.862036758],[-116.640568578,-74.752377141],[-119.292423443,-74.545176623],[-118.667846835,-74.005075072],[-118.079244271,-73.463547778],[-117.523269822,-72.9207247579999],[-116.996970087,-72.376720131],[-114.649517205,-72.564420821],[-113.210307564,-72.664171116],[-109.419067656,-72.873606222],[-109.71186158,-73.428185472],[-110.019550138,-73.982462357],[-110.34373414,-74.536411308],[-110.686249314,-75.0900027439999]]]},"properties":{"fid":10620,"track":127,"frame":125,"dates":"2025-10-02, 2025-10-14, 2025-10-26, 2025-11-07, 2025-11-19, 2025-12-01, 2025-12-13, 2025-12-25, 2026-01-06, 2026-01-18, 2026-01-30, 2026-02-11, 2026-02-23, 2026-03-07, 2026-03-19, 2026-03-31, 2026-04-12, 2026-04-24, 2026-05-06, 2026-05-18, 2026-05-30, 2026-06-11, 2026-06-23, 2026-07-05, 2026-07-17, 2026-07-29, 2026-08-10, 2026-08-22, 2026-09-03, 2026-09-15, 2026-09-27, 2026-10-09, 2026-10-21, 2026-11-02, 2026-11-14, 2026-11-26, 2026-12-08, 2026-12-20","acquisition_time":"00:55:28, 00:56:12, 00:55:44, 00:55:32","date_mode_popup":"2025-10-02 | 153,150\n2025-10-14 | 153,150\n2025-10-26 | 153,150\n2025-11-07 | 153,150\n2025-11-19 | 153,150\n2025-12-01 | 153,150\n2025-12-13 | 153,150\n2025-12-25 | 153,150\n2026-01-06 | 153,150\n2026-01-18 | 153,150\n2026-01-30 | 153,150\n2026-02-11 | 153,150\n2026-02-23 | 153,150\n2026-03-07 | 153,150\n2026-03-19 | 153,150\n2026-03-31 | 153,150\n2026-04-12 | 153,150\n2026-04-24 | 153,150\n2026-05-06 | 153,150\n2026-05-18 | 153,150\n2026-05-30 | 153,150\n2026-06-11 | 153,150\n2026-06-23 | 153,150\n2026-07-05 | 153,150\n2026-07-17 | 153,150\n2026-07-29 | 153,150\n2026-08-10 | 153,150\n2026-08-22 | 153,150\n2026-09-03 | 153,150\n2026-09-15 | 153,150\n2026-09-27 | 153,150\n2026-10-09 | 153,150\n2026-10-21 | 153,150\n2026-11-02 | 153,150\n2026-11-14 | 153,150\n2026-11-26 | 153,150\n2026-12-08 | 153,150\n2026-12-20 | 153,150","producerifg":1,"producerunw":1,"produceroff":1,"producegunw":1,"producegoff":1,"producerslc":1,"producegslc":1,"producegcov":1,"producesmst":0,"passdirection":"Descending","unique_radar_mode_list":"150, 153","unique_radar_mode_mnemonic_list":"L:SCI:SH:77M+---:HS:B4:D02, L:SCI:SV:05W+---:FS:B4:D09","number_combos":1,"mode_change":"no","radar_mode_combination_1":"153,150","radar_mode_combination_2":null,"radar_mode_combination_3":null,"radar_mode_combination_4":null,"radar_mode_combination_5":null,"radar_mode_combination_6":null,"radar_mode_combination_7":null,"radar_mode_combination_8":null,"radar_mode_combination_9":null,"radar_mode_mnemonic_combination_1":"L:SCI:SV:05W+---:FS:B4:D09,L:SCI:SH:77M+---:HS:B4:D02","radar_mode_mnemonic_combination_2":null,"radar_mode_mnemonic_combination_3":null,"radar_mode_mnemonic_combination_4":null,"radar_mode_mnemonic_combination_5":null,"radar_mode_mnemonic_combination_6":null,"radar_mode_mnemonic_combination_7":null,"radar_mode_mnemonic_combination_8":null,"radar_mode_mnemonic_combination_9":null,"date_cycle_popup":"2025-10-02 | Cycle A\n2025-10-14 | Cycle A\n2025-10-26 | Cycle A\n2025-11-07 | Cycle A\n2025-11-19 | Cycle A\n2025-12-01 | Cycle A\n2025-12-13 | Cycle A\n2025-12-25 | Cycle A\n2026-01-06 | Cycle A\n2026-01-18 | Cycle A\n2026-01-30 | Cycle A\n2026-02-11 | Cycle A\n2026-02-23 | Cycle A\n2026-03-07 | Cycle A\n2026-03-19 | Cycle A\n2026-03-31 | Cycle A\n2026-04-12 | Cycle A\n2026-04-24 | Cycle A\n2026-05-06 | Cycle A\n2026-05-18 | Cycle A\n2026-05-30 | Cycle A\n2026-06-11 | Cycle A\n2026-06-23 | Cycle A\n2026-07-05 | Cycle A\n2026-07-17 | Cycle A\n2026-07-29 | Cycle A\n2026-08-10 | Cycle A\n2026-08-22 | Cycle A\n2026-09-03 | Cycle A\n2026-09-15 | Cycle A\n2026-09-27 | Cycle A\n2026-10-09 | Cycle A\n2026-10-21 | Cycle A\n2026-11-02 | Cycle A\n2026-11-14 | Cycle A\n2026-11-26 | Cycle A\n2026-12-08 | Cycle A\n2026-12-20 | Cycle A","mixed_mode":"yes","l_band":"yes","ls_band":"no","s_band":"no","SH":1,"SV":1,"DH":0,"DV":0,"QP":0,"CP":0,"QD":0,"QQ":0,"bw_40":"no","bw_20":"no","bw_77":"yes","bw_max_5":"yes","visualization":"F1","Shape__Area":829300698767.73438,"Shape__Length":3643915.1194672924,"tracks":127,"frames":125}},{"type":"Feature","id":6043,"geometry":{"type":"Polygon","coordinates":[[[-109.022563975,-78.1304764719999],[-109.515262181,-77.579087091],[-109.972595956,-77.027058632],[-105.047240208,-76.776216107],[-103.197834455,-76.654685874],[-100.21061831,-76.42451942],[-99.367165497,-76.9565363419999],[-98.4584613169999,-77.485962151],[-97.476238718,-78.012459913],[-96.410858515,-78.535632596],[-99.885712579,-78.801875637],[-102.058224357,-78.9424118279999],[-107.909540701,-79.230975971],[-108.489374787,-78.681140716],[-109.022563975,-78.1304764719999]]]},"properties":{"fid":6043,"track":77,"frame":139,"dates":"2025-09-28, 2025-10-10, 2025-10-22, 2025-11-03, 2025-11-15, 2025-11-27, 2025-12-09, 2025-12-21, 2026-01-02, 2026-01-14, 2026-01-26, 2026-02-07, 2026-02-19, 2026-03-03, 2026-03-15, 2026-03-27, 2026-04-08, 2026-04-20, 2026-05-02, 2026-05-14, 2026-05-26, 2026-06-07, 2026-06-19, 2026-07-01, 2026-07-13, 2026-07-25, 2026-08-06, 2026-08-18, 2026-08-30, 2026-09-11, 2026-09-23, 2026-10-05, 2026-10-17, 2026-10-29, 2026-11-10, 2026-11-22, 2026-12-04, 2026-12-16, 2026-12-28","acquisition_time":"13:50:32","date_mode_popup":"2025-09-28 | 151,150\n2025-10-10 | 151,150\n2025-10-22 | 151,150\n2025-11-03 | 151,150\n2025-11-15 | 151,150\n2025-11-27 | 151,150\n2025-12-09 | 151,150\n2025-12-21 | 151,150\n2026-01-02 | 151,150\n2026-01-14 | 151,150\n2026-01-26 | 151,150\n2026-02-07 | 151,150\n2026-02-19 | 151,150\n2026-03-03 | 247,246\n2026-03-15 | 247,246\n2026-03-27 | 151,150\n2026-04-08 | 151,150\n2026-04-20 | 151,150\n2026-05-02 | 151,150\n2026-05-14 | 151,150\n2026-05-26 | 151,150\n2026-06-07 | 151,150\n2026-06-19 | 151,150\n2026-07-01 | 151,150\n2026-07-13 | 151,150\n2026-07-25 | 151,150\n2026-08-06 | 151,150\n2026-08-18 | 151,150\n2026-08-30 | 247,246\n2026-09-11 | 247,246\n2026-09-23 | 151,150\n2026-10-05 | 151,150\n2026-10-17 | 151,150\n2026-10-29 | 151,150\n2026-11-10 | 151,150\n2026-11-22 | 151,150\n2026-12-04 | 151,150\n2026-12-16 | 151,150\n2026-12-28 | 151,150","producerifg":1,"producerunw":1,"produceroff":1,"producegunw":1,"producegoff":1,"producerslc":1,"producegslc":1,"producegcov":1,"producesmst":0,"passdirection":"Ascending","unique_radar_mode_list":"150, 151, 246, 247","unique_radar_mode_mnemonic_list":"L:SCI:SH:40M+05N:FS:B4:D02, L:SCI:SH:40M+05N:FS:B4:D02  S:--:SH:37W:B4, L:SCI:SH:77M+---:HS:B4:D02, L:SCI:SH:77M+---:HS:B4:D02  S:--:SH:37W:B4","number_combos":2,"mode_change":"yes","radar_mode_combination_1":"151,150","radar_mode_combination_2":"247,246","radar_mode_combination_3":null,"radar_mode_combination_4":null,"radar_mode_combination_5":null,"radar_mode_combination_6":null,"radar_mode_combination_7":null,"radar_mode_combination_8":null,"radar_mode_combination_9":null,"radar_mode_mnemonic_combination_1":"L:SCI:SH:40M+05N:FS:B4:D02,L:SCI:SH:77M+---:HS:B4:D02","radar_mode_mnemonic_combination_2":"L:SCI:SH:40M+05N:FS:B4:D02  S:--:SH:37W:B4,L:SCI:SH:77M+---:HS:B4:D02  S:--:SH:37W:B4","radar_mode_mnemonic_combination_3":null,"radar_mode_mnemonic_combination_4":null,"radar_mode_mnemonic_combination_5":null,"radar_mode_mnemonic_combination_6":null,"radar_mode_mnemonic_combination_7":null,"radar_mode_mnemonic_combination_8":null,"radar_mode_mnemonic_combination_9":null,"date_cycle_popup":"2025-09-28 | Cycle A\n2025-10-10 | Cycle A\n2025-10-22 | Cycle A\n2025-11-03 | Cycle A\n2025-11-15 | Cycle A\n2025-11-27 | Cycle A\n2025-12-09 | Cycle A\n2025-12-21 | Cycle A\n2026-01-02 | Cycle A\n2026-01-14 | Cycle A\n2026-01-26 | Cycle A\n2026-02-07 | Cycle A\n2026-02-19 | Cycle A\n2026-03-03 | Cycle B\n2026-03-15 | Cycle B\n2026-03-27 | Cycle A\n2026-04-08 | Cycle A\n2026-04-20 | Cycle A\n2026-05-02 | Cycle A\n2026-05-14 | Cycle A\n2026-05-26 | Cycle A\n2026-06-07 | Cycle A\n2026-06-19 | Cycle A\n2026-07-01 | Cycle A\n2026-07-13 | Cycle A\n2026-07-25 | Cycle A\n2026-08-06 | Cycle A\n2026-08-18 | Cycle A\n2026-08-30 | Cycle B\n2026-09-11 | Cycle B\n2026-09-23 | Cycle A\n2026-10-05 | Cycle A\n2026-10-17 | Cycle A\n2026-10-29 | Cycle A\n2026-11-10 | Cycle A\n2026-11-22 | Cycle A\n2026-12-04 | Cycle A\n2026-12-16 | Cycle A\n2026-12-28 | Cycle A","mixed_mode":"yes","l_band":"yes","ls_band":"yes","s_band":"no","SH":1,"SV":0,"DH":0,"DV":0,"QP":0,"CP":0,"QD":0,"QQ":0,"bw_40":"yes","bw_20":"no","bw_77":"yes","bw_max_5":"no","visualization":"S1","Shape__Area":1470864394762.7813,"Shape__Length":4853906.0865508979,"tracks":77,"frames":139}},{"type":"Feature","id":5957,"geometry":{"type":"Polygon","coordinates":[[[-87.0476619659999,-73.982988604],[-87.355400403,-73.428696288],[-87.648239647,-72.87410149],[-83.85640284,-72.664613704],[-82.416980785,-72.564838142],[-80.069198628,-72.377090126],[-79.542807146,-72.921106211],[-78.9867333169999,-73.4639402299999],[-78.398022883,-74.005477996],[-77.773328914,-74.5455894419999],[-80.42556608,-74.752844422],[-82.058586335,-74.8625331109999],[-86.380846928,-75.0905594119999],[-86.723422947,-74.5369528419999],[-87.0476619659999,-73.982988604]]]},"properties":{"fid":5957,"track":76,"frame":141,"dates":"2025-09-28, 2025-10-10, 2025-10-22, 2025-11-03, 2025-11-15, 2025-11-27, 2025-12-09, 2025-12-21, 2026-01-02, 2026-01-14, 2026-01-26, 2026-02-07, 2026-02-19, 2026-03-03, 2026-03-15, 2026-03-27, 2026-04-08, 2026-04-20, 2026-05-02, 2026-05-14, 2026-05-26, 2026-06-07, 2026-06-19, 2026-07-01, 2026-07-13, 2026-07-25, 2026-08-06, 2026-08-18, 2026-08-30, 2026-09-11, 2026-09-23, 2026-10-05, 2026-10-17, 2026-10-29, 2026-11-10, 2026-11-22, 2026-12-04, 2026-12-16, 2026-12-28","acquisition_time":"12:06:36","date_mode_popup":"2025-09-28 | 150\n2025-10-10 | 150\n2025-10-22 | 150\n2025-11-03 | 150\n2025-11-15 | 150\n2025-11-27 | 150\n2025-12-09 | 150\n2025-12-21 | 150\n2026-01-02 | 150\n2026-01-14 | 150\n2026-01-26 | 150\n2026-02-07 | 150\n2026-02-19 | 150\n2026-03-03 | 150\n2026-03-15 | 150\n2026-03-27 | 150\n2026-04-08 | 150\n2026-04-20 | 150\n2026-05-02 | 150\n2026-05-14 | 150\n2026-05-26 | 150\n2026-06-07 | 150\n2026-06-19 | 150\n2026-07-01 | 150\n2026-07-13 | 150\n2026-07-25 | 150\n2026-08-06 | 150\n2026-08-18 | 150\n2026-08-30 | 150\n2026-09-11 | 150\n2026-09-23 | 150\n2026-10-05 | 150\n2026-10-17 | 150\n2026-10-29 | 150\n2026-11-10 | 150\n2026-11-22 | 150\n2026-12-04 | 150\n2026-12-16 | 150\n2026-12-28 | 150","producerifg":1,"producerunw":1,"produceroff":1,"producegunw":1,"producegoff":1,"producerslc":1,"producegslc":1,"producegcov":1,"producesmst":0,"passdirection":"Ascending","unique_radar_mode_list":"150","unique_radar_mode_mnemonic_list":"L:SCI:SH:77M+---:HS:B4:D02","number_combos":1,"mode_change":"no","radar_mode_combination_1":"150","radar_mode_combination_2":null,"radar_mode_combination_3":null,"radar_mode_combination_4":null,"radar_mode_combination_5":null,"radar_mode_combination_6":null,"radar_mode_combination_7":null,"radar_mode_combination_8":null,"radar_mode_combination_9":null,"radar_mode_mnemonic_combination_1":"L:SCI:SH:77M+---:HS:B4:D02","radar_mode_mnemonic_combination_2":null,"radar_mode_mnemonic_combination_3":null,"radar_mode_mnemonic_combination_4":null,"radar_mode_mnemonic_combination_5":null,"radar_mode_mnemonic_combination_6":null,"radar_mode_mnemonic_combination_7":null,"radar_mode_mnemonic_combination_8":null,"radar_mode_mnemonic_combination_9":null,"date_cycle_popup":"2025-09-28 | Cycle A\n2025-10-10 | Cycle A\n2025-10-22 | Cycle A\n2025-11-03 | Cycle A\n2025-11-15 | Cycle A\n2025-11-27 | Cycle A\n2025-12-09 | Cycle A\n2025-12-21 | Cycle A\n2026-01-02 | Cycle A\n2026-01-14 | Cycle A\n2026-01-26 | Cycle A\n2026-02-07 | Cycle A\n2026-02-19 | Cycle A\n2026-03-03 | Cycle A\n2026-03-15 | Cycle A\n2026-03-27 | Cycle A\n2026-04-08 | Cycle A\n2026-04-20 | Cycle A\n2026-05-02 | Cycle A\n2026-05-14 | Cycle A\n2026-05-26 | Cycle A\n2026-06-07 | Cycle A\n2026-06-19 | Cycle A\n2026-07-01 | Cycle A\n2026-07-13 | Cycle A\n2026-07-25 | Cycle A\n2026-08-06 | Cycle A\n2026-08-18 | Cycle A\n2026-08-30 | Cycle A\n2026-09-11 | Cycle A\n2026-09-23 | Cycle A\n2026-10-05 | Cycle A\n2026-10-17 | Cycle A\n2026-10-29 | Cycle A\n2026-11-10 | Cycle A\n2026-11-22 | Cycle A\n2026-12-04 | Cycle A\n2026-12-16 | Cycle A\n2026-12-28 | Cycle A","mixed_mode":"no","l_band":"yes","ls_band":"no","s_band":"no","SH":1,"SV":0,"DH":0,"DV":0,"QP":0,"CP":0,"QD":0,"QQ":0,"bw_40":"no","bw_20":"no","bw_77":"yes","bw_max_5":"no","visualization":"F0","Shape__Area":829482355212.0625,"Shape__Length":3644316.812887345,"tracks":76,"frames":141}},{"type":"Feature","id":2505,"geometry":{"type":"Polygon","coordinates":[[[-75.566528256,-78.1307552809999],[-76.100179028,-78.681429518],[-76.680522539,-79.231273409],[-82.531029356,-78.942590885],[-84.7032188319999,-78.802017196],[-88.17753751,-78.535721843],[-87.111771384,-78.01255164],[-86.1291947399999,-77.486054068],[-85.220164924,-76.956626461],[-84.3764118289999,-76.4246060099999],[-81.389595361,-76.654815816],[-79.540431122,-76.7763766319999],[-74.6156918729999,-77.027314189],[-75.073409845,-77.5793547609999],[-75.566528256,-78.1307552809999]]]},"properties":{"fid":2505,"track":39,"frame":127,"dates":"2025-09-25, 2025-10-07, 2025-10-19, 2025-10-31, 2025-11-12, 2025-11-24, 2025-12-06, 2025-12-18, 2025-12-30, 2026-01-11, 2026-01-23, 2026-02-04, 2026-02-16, 2026-02-28, 2026-03-12, 2026-03-24, 2026-04-05, 2026-04-17, 2026-04-29, 2026-05-11, 2026-05-23, 2026-06-04, 2026-06-16, 2026-06-28, 2026-07-10, 2026-07-22, 2026-08-03, 2026-08-15, 2026-08-27, 2026-09-08, 2026-09-20, 2026-10-02, 2026-10-14, 2026-10-26, 2026-11-07, 2026-11-19, 2026-12-01, 2026-12-13, 2026-12-25","acquisition_time":"22:27:08","date_mode_popup":"2025-09-25 | 246\n2025-10-07 | 246\n2025-10-19 | 246\n2025-10-31 | 246\n2025-11-12 | 246\n2025-11-24 | 246\n2025-12-06 | 246\n2025-12-18 | 246\n2025-12-30 | 246\n2026-01-11 | 246\n2026-01-23 | 246\n2026-02-04 | 220\n2026-02-16 | 220\n2026-02-28 | 246\n2026-03-12 | 246\n2026-03-24 | 246\n2026-04-05 | 246\n2026-04-17 | 246\n2026-04-29 | 246\n2026-05-11 | 246\n2026-05-23 | 246\n2026-06-04 | 246\n2026-06-16 | 246\n2026-06-28 | 246\n2026-07-10 | 246\n2026-07-22 | 246\n2026-08-03 | 220\n2026-08-15 | 220\n2026-08-27 | 246\n2026-09-08 | 246\n2026-09-20 | 246\n2026-10-02 | 246\n2026-10-14 | 246\n2026-10-26 | 246\n2026-11-07 | 246\n2026-11-19 | 246\n2026-12-01 | 246\n2026-12-13 | 246\n2026-12-25 | 246","producerifg":1,"producerunw":1,"produceroff":1,"producegunw":1,"producegoff":1,"producerslc":1,"producegslc":1,"producegcov":1,"producesmst":0,"passdirection":"Descending","unique_radar_mode_list":"220, 246","unique_radar_mode_mnemonic_list":"L:SCI:SH:77M+---:HS:B4:D02  S:--:SH:37W:B4, L:SCI:SH:77M+---:HS:B4:D02  S:DB:CP:25W:B4","number_combos":2,"mode_change":"yes","radar_mode_combination_1":"246","radar_mode_combination_2":"220","radar_mode_combination_3":null,"radar_mode_combination_4":null,"radar_mode_combination_5":null,"radar_mode_combination_6":null,"radar_mode_combination_7":null,"radar_mode_combination_8":null,"radar_mode_combination_9":null,"radar_mode_mnemonic_combination_1":"L:SCI:SH:77M+---:HS:B4:D02  S:--:SH:37W:B4","radar_mode_mnemonic_combination_2":"L:SCI:SH:77M+---:HS:B4:D02  S:DB:CP:25W:B4","radar_mode_mnemonic_combination_3":null,"radar_mode_mnemonic_combination_4":null,"radar_mode_mnemonic_combination_5":null,"radar_mode_mnemonic_combination_6":null,"radar_mode_mnemonic_combination_7":null,"radar_mode_mnemonic_combination_8":null,"radar_mode_mnemonic_combination_9":null,"date_cycle_popup":"2025-09-25 | Cycle A\n2025-10-07 | Cycle A\n2025-10-19 | Cycle A\n2025-10-31 | Cycle A\n2025-11-12 | Cycle A\n2025-11-24 | Cycle A\n2025-12-06 | Cycle A\n2025-12-18 | Cycle A\n2025-12-30 | Cycle A\n2026-01-11 | Cycle A\n2026-01-23 | Cycle A\n2026-02-04 | Cycle B\n2026-02-16 | Cycle B\n2026-02-28 | Cycle A\n2026-03-12 | Cycle A\n2026-03-24 | Cycle A\n2026-04-05 | Cycle A\n2026-04-17 | Cycle A\n2026-04-29 | Cycle A\n2026-05-11 | Cycle A\n2026-05-23 | Cycle A\n2026-06-04 | Cycle A\n2026-06-16 | Cycle A\n2026-06-28 | Cycle A\n2026-07-10 | Cycle A\n2026-07-22 | Cycle A\n2026-08-03 | Cycle B\n2026-08-15 | Cycle B\n2026-08-27 | Cycle A\n2026-09-08 | Cycle A\n2026-09-20 | Cycle A\n2026-10-02 | Cycle A\n2026-10-14 | Cycle A\n2026-10-26 | Cycle A\n2026-11-07 | Cycle A\n2026-11-19 | Cycle A\n2026-12-01 | Cycle A\n2026-12-13 | Cycle A\n2026-12-25 | Cycle A","mixed_mode":"no","l_band":"yes","ls_band":"yes","s_band":"no","SH":1,"SV":0,"DH":0,"DV":0,"QP":0,"CP":0,"QD":0,"QQ":0,"bw_40":"no","bw_20":"no","bw_77":"yes","bw_max_5":"no","visualization":"S0","Shape__Area":1470806012682.0469,"Shape__Length":4853803.5659937449,"tracks":39,"frames":127}},{"type":"Feature","id":2611,"geometry":{"type":"Polygon","coordinates":[[[-99.2491399259999,-76.600977601],[-99.6732870719999,-77.142442549],[-104.639158964,-76.8900353879999],[-106.502951163,-76.767704231],[-109.512222913,-76.536001275],[-108.730665763,-76.012799102],[-108.000308847,-75.487570328],[-107.315950778,-74.960521963],[-106.673050255,-74.431833494],[-104.039019169,-74.63787168],[-102.41765427,-74.746937105],[-98.127566283,-74.973780829],[-98.4790912139999,-75.516600399],[-98.852083717,-76.059013539],[-99.2491399259999,-76.600977601]]]},"properties":{"fid":2611,"track":40,"frame":126,"dates":"2025-09-26, 2025-10-08, 2025-10-20, 2025-11-01, 2025-11-13, 2025-11-25, 2025-12-07, 2025-12-19, 2025-12-31, 2026-01-12, 2026-01-24, 2026-02-05, 2026-02-17, 2026-03-01, 2026-03-13, 2026-03-25, 2026-04-06, 2026-04-18, 2026-04-30, 2026-05-12, 2026-05-24, 2026-06-05, 2026-06-17, 2026-06-29, 2026-07-11, 2026-07-23, 2026-08-04, 2026-08-16, 2026-08-28, 2026-09-09, 2026-09-21, 2026-10-03, 2026-10-15, 2026-10-27, 2026-11-08, 2026-11-20, 2026-12-02, 2026-12-14, 2026-12-26","acquisition_time":"00:07:40","date_mode_popup":"2025-09-26 | 150\n2025-10-08 | 150\n2025-10-20 | 150\n2025-11-01 | 150\n2025-11-13 | 150\n2025-11-25 | 150\n2025-12-07 | 150\n2025-12-19 | 150\n2025-12-31 | 150\n2026-01-12 | 150\n2026-01-24 | 150\n2026-02-05 | 150\n2026-02-17 | 150\n2026-03-01 | 150\n2026-03-13 | 150\n2026-03-25 | 150\n2026-04-06 | 150\n2026-04-18 | 150\n2026-04-30 | 150\n2026-05-12 | 150\n2026-05-24 | 150\n2026-06-05 | 150\n2026-06-17 | 150\n2026-06-29 | 150\n2026-07-11 | 150\n2026-07-23 | 150\n2026-08-04 | 150\n2026-08-16 | 150\n2026-08-28 | 150\n2026-09-09 | 150\n2026-09-21 | 150\n2026-10-03 | 150\n2026-10-15 | 150\n2026-10-27 | 150\n2026-11-08 | 150\n2026-11-20 | 150\n2026-12-02 | 150\n2026-12-14 | 150\n2026-12-26 | 150","producerifg":1,"producerunw":1,"produceroff":1,"producegunw":1,"producegoff":1,"producerslc":1,"producegslc":1,"producegcov":1,"producesmst":0,"passdirection":"Descending","unique_radar_mode_list":"150","unique_radar_mode_mnemonic_list":"L:SCI:SH:77M+---:HS:B4:D02","number_combos":1,"mode_change":"no","radar_mode_combination_1":"150","radar_mode_combination_2":null,"radar_mode_combination_3":null,"radar_mode_combination_4":null,"radar_mode_combination_5":null,"radar_mode_combination_6":null,"radar_mode_combination_7":null,"radar_mode_combination_8":null,"radar_mode_combination_9":null,"radar_mode_mnemonic_combination_1":"L:SCI:SH:77M+---:HS:B4:D02","radar_mode_mnemonic_combination_2":null,"radar_mode_mnemonic_combination_3":null,"radar_mode_mnemonic_combination_4":null,"radar_mode_mnemonic_combination_5":null,"radar_mode_mnemonic_combination_6":null,"radar_mode_mnemonic_combination_7":null,"radar_mode_mnemonic_combination_8":null,"radar_mode_mnemonic_combination_9":null,"date_cycle_popup":"2025-09-26 | Cycle A\n2025-10-08 | Cycle A\n2025-10-20 | Cycle A\n2025-11-01 | Cycle A\n2025-11-13 | Cycle A\n2025-11-25 | Cycle A\n2025-12-07 | Cycle A\n2025-12-19 | Cycle A\n2025-12-31 | Cycle A\n2026-01-12 | Cycle A\n2026-01-24 | Cycle A\n2026-02-05 | Cycle A\n2026-02-17 | Cycle A\n2026-03-01 | Cycle A\n2026-03-13 | Cycle A\n2026-03-25 | Cycle A\n2026-04-06 | Cycle A\n2026-04-18 | Cycle A\n2026-04-30 | Cycle A\n2026-05-12 | Cycle A\n2026-05-24 | Cycle A\n2026-06-05 | Cycle A\n2026-06-17 | Cycle A\n2026-06-29 | Cycle A\n2026-07-11 | Cycle A\n2026-07-23 | Cycle A\n2026-08-04 | Cycle A\n2026-08-16 | Cycle A\n2026-08-28 | Cycle A\n2026-09-09 | Cycle A\n2026-09-21 | Cycle A\n2026-10-03 | Cycle A\n2026-10-15 | Cycle A\n2026-10-27 | Cycle A\n2026-11-08 | Cycle A\n2026-11-20 | Cycle A\n2026-12-02 | Cycle A\n2026-12-14 | Cycle A\n2026-12-26 | Cycle A","mixed_mode":"no","l_band":"yes","ls_band":"no","s_band":"no","SH":1,"SV":0,"DH":0,"DV":0,"QP":0,"CP":0,"QD":0,"QQ":0,"bw_40":"no","bw_20":"no","bw_77":"yes","bw_max_5":"no","visualization":"F0","Shape__Area":1060454297690.5469,"Shape__Length":4121643.3255954897,"tracks":40,"frames":126}},{"type":"Feature","id":6690,"geometry":{"type":"Polygon","coordinates":[[[-117.583375214,-76.0589114049999],[-117.980524872,-76.600872297],[-118.404772747,-77.142333857],[-123.370085922,-76.889909946],[-125.233673113,-76.767577262],[-128.242621062,-76.535877374],[-127.461017299,-76.0126796059999],[-126.730616272,-75.487455],[-126.046216457,-74.960410608],[-125.403276395,-74.4317259319999],[-122.769514102,-74.637761155],[-121.148318362,-74.746827604],[-116.858689793,-74.973684522],[-117.210295789,-75.5165012579999],[-117.583375214,-76.0589114049999]]]},"properties":{"fid":6690,"track":84,"frame":126,"dates":"2025-09-29, 2025-10-11, 2025-10-23, 2025-11-04, 2025-11-16, 2025-11-28, 2025-12-10, 2025-12-22, 2026-01-03, 2026-01-15, 2026-01-27, 2026-02-08, 2026-02-20, 2026-03-04, 2026-03-16, 2026-03-28, 2026-04-09, 2026-04-21, 2026-05-03, 2026-05-15, 2026-05-27, 2026-06-08, 2026-06-20, 2026-07-02, 2026-07-14, 2026-07-26, 2026-08-07, 2026-08-19, 2026-08-31, 2026-09-12, 2026-09-24, 2026-10-06, 2026-10-18, 2026-10-30, 2026-11-11, 2026-11-23, 2026-12-05, 2026-12-17, 2026-12-29","acquisition_time":"01:23:04","date_mode_popup":"2025-09-29 | 150\n2025-10-11 | 150\n2025-10-23 | 150\n2025-11-04 | 150\n2025-11-16 | 150\n2025-11-28 | 150\n2025-12-10 | 150\n2025-12-22 | 150\n2026-01-03 | 150\n2026-01-15 | 150\n2026-01-27 | 150\n2026-02-08 | 150\n2026-02-20 | 150\n2026-03-04 | 150\n2026-03-16 | 150\n2026-03-28 | 150\n2026-04-09 | 150\n2026-04-21 | 150\n2026-05-03 | 150\n2026-05-15 | 150\n2026-05-27 | 150\n2026-06-08 | 150\n2026-06-20 | 150\n2026-07-02 | 150\n2026-07-14 | 150\n2026-07-26 | 150\n2026-08-07 | 150\n2026-08-19 | 150\n2026-08-31 | 150\n2026-09-12 | 150\n2026-09-24 | 150\n2026-10-06 | 150\n2026-10-18 | 150\n2026-10-30 | 150\n2026-11-11 | 150\n2026-11-23 | 150\n2026-12-05 | 150\n2026-12-17 | 150\n2026-12-29 | 150","producerifg":1,"producerunw":1,"produceroff":1,"producegunw":1,"producegoff":1,"producerslc":1,"producegslc":1,"producegcov":1,"producesmst":0,"passdirection":"Descending","unique_radar_mode_list":"150","unique_radar_mode_mnemonic_list":"L:SCI:SH:77M+---:HS:B4:D02","number_combos":1,"mode_change":"no","radar_mode_combination_1":"150","radar_mode_combination_2":null,"radar_mode_combination_3":null,"radar_mode_combination_4":null,"radar_mode_combination_5":null,"radar_mode_combination_6":null,"radar_mode_combination_7":null,"radar_mode_combination_8":null,"radar_mode_combination_9":null,"radar_mode_mnemonic_combination_1":"L:SCI:SH:77M+---:HS:B4:D02","radar_mode_mnemonic_combination_2":null,"radar_mode_mnemonic_combination_3":null,"radar_mode_mnemonic_combination_4":null,"radar_mode_mnemonic_combination_5":null,"radar_mode_mnemonic_combination_6":null,"radar_mode_mnemonic_combination_7":null,"radar_mode_mnemonic_combination_8":null,"radar_mode_mnemonic_combination_9":null,"date_cycle_popup":"2025-09-29 | Cycle A\n2025-10-11 | Cycle A\n2025-10-23 | Cycle A\n2025-11-04 | Cycle A\n2025-11-16 | Cycle A\n2025-11-28 | Cycle A\n2025-12-10 | Cycle A\n2025-12-22 | Cycle A\n2026-01-03 | Cycle A\n2026-01-15 | Cycle A\n2026-01-27 | Cycle A\n2026-02-08 | Cycle A\n2026-02-20 | Cycle A\n2026-03-04 | Cycle A\n2026-03-16 | Cycle A\n2026-03-28 | Cycle A\n2026-04-09 | Cycle A\n2026-04-21 | Cycle A\n2026-05-03 | Cycle A\n2026-05-15 | Cycle A\n2026-05-27 | Cycle A\n2026-06-08 | Cycle A\n2026-06-20 | Cycle A\n2026-07-02 | Cycle A\n2026-07-14 | Cycle A\n2026-07-26 | Cycle A\n2026-08-07 | Cycle A\n2026-08-19 | Cycle A\n2026-08-31 | Cycle A\n2026-09-12 | Cycle A\n2026-09-24 | Cycle A\n2026-10-06 | Cycle A\n2026-10-18 | Cycle A\n2026-10-30 | Cycle A\n2026-11-11 | Cycle A\n2026-11-23 | Cycle A\n2026-12-05 | Cycle A\n2026-12-17 | Cycle A\n2026-12-29 | Cycle A","mixed_mode":"no","l_band":"yes","ls_band":"no","s_band":"no","SH":1,"SV":0,"DH":0,"DV":0,"QP":0,"CP":0,"QD":0,"QQ":0,"bw_40":"no","bw_20":"no","bw_77":"yes","bw_max_5":"no","visualization":"F0","Shape__Area":1060340262630.4063,"Shape__Length":4121417.0629143212,"tracks":84,"frames":126}},{"type":"Feature","id":6688,"geometry":{"type":"Polygon","coordinates":[[[-115.725183918,-72.990300074],[-119.540698476,-72.780011632],[-120.988825904,-72.6798051499999],[-123.350387045,-72.49120532],[-122.856727243,-71.9586812159999],[-122.387193059,-71.425190252],[-121.939796588,-70.89080823],[-121.512757973,-70.35560269],[-119.391798839,-70.5297057169999],[-118.095036778,-70.6226687239999],[-114.68945093,-70.819859248],[-114.932427844,-71.362818258],[-115.185402212,-71.9055546399999],[-115.449304836,-72.448054031],[-115.725183918,-72.990300074]]]},"properties":{"fid":6688,"track":84,"frame":124,"dates":"2025-09-29, 2025-10-11, 2025-10-23, 2025-11-04, 2025-11-16, 2025-11-28, 2025-12-10, 2025-12-22, 2026-01-03, 2026-01-15, 2026-01-27, 2026-02-08, 2026-02-20, 2026-03-04, 2026-03-16, 2026-03-28, 2026-04-09, 2026-04-21, 2026-05-03, 2026-05-15, 2026-05-27, 2026-06-08, 2026-06-20, 2026-07-02, 2026-07-14, 2026-07-26, 2026-08-07, 2026-08-19, 2026-08-31, 2026-09-12, 2026-09-24, 2026-10-06, 2026-10-18, 2026-10-30, 2026-11-11, 2026-11-23, 2026-12-05, 2026-12-17, 2026-12-29","acquisition_time":"01:20:28, 01:20:24, 01:21:08, 01:20:40","date_mode_popup":"2025-09-29 | 153\n2025-10-11 | 153\n2025-10-23 | 153\n2025-11-04 | 153\n2025-11-16 | 153\n2025-11-28 | 153\n2025-12-10 | 153\n2025-12-22 | 153\n2026-01-03 | 153\n2026-01-15 | 153\n2026-01-27 | 153\n2026-02-08 | 153\n2026-02-20 | 153\n2026-03-04 | 153\n2026-03-16 | 153\n2026-03-28 | 153\n2026-04-09 | 153\n2026-04-21 | 153\n2026-05-03 | 153\n2026-05-15 | 153\n2026-05-27 | 153\n2026-06-08 | 153\n2026-06-20 | 153\n2026-07-02 | 153\n2026-07-14 | 153\n2026-07-26 | 153\n2026-08-07 | 153\n2026-08-19 | 153\n2026-08-31 | 153\n2026-09-12 | 153\n2026-09-24 | 153\n2026-10-06 | 153\n2026-10-18 | 153\n2026-10-30 | 153\n2026-11-11 | 153\n2026-11-23 | 153\n2026-12-05 | 153\n2026-12-17 | 153\n2026-12-29 | 153","producerifg":0,"producerunw":0,"produceroff":0,"producegunw":0,"producegoff":0,"producerslc":1,"producegslc":1,"producegcov":1,"producesmst":0,"passdirection":"Descending","unique_radar_mode_list":"153","unique_radar_mode_mnemonic_list":"L:SCI:SV:05W+---:FS:B4:D09","number_combos":1,"mode_change":"no","radar_mode_combination_1":"153","radar_mode_combination_2":null,"radar_mode_combination_3":null,"radar_mode_combination_4":null,"radar_mode_combination_5":null,"radar_mode_combination_6":null,"radar_mode_combination_7":null,"radar_mode_combination_8":null,"radar_mode_combination_9":null,"radar_mode_mnemonic_combination_1":"L:SCI:SV:05W+---:FS:B4:D09","radar_mode_mnemonic_combination_2":null,"radar_mode_mnemonic_combination_3":null,"radar_mode_mnemonic_combination_4":null,"radar_mode_mnemonic_combination_5":null,"radar_mode_mnemonic_combination_6":null,"radar_mode_mnemonic_combination_7":null,"radar_mode_mnemonic_combination_8":null,"radar_mode_mnemonic_combination_9":null,"date_cycle_popup":"2025-09-29 | Cycle A\n2025-10-11 | Cycle A\n2025-10-23 | Cycle A\n2025-11-04 | Cycle A\n2025-11-16 | Cycle A\n2025-11-28 | Cycle A\n2025-12-10 | Cycle A\n2025-12-22 | Cycle A\n2026-01-03 | Cycle A\n2026-01-15 | Cycle A\n2026-01-27 | Cycle A\n2026-02-08 | Cycle A\n2026-02-20 | Cycle A\n2026-03-04 | Cycle A\n2026-03-16 | Cycle A\n2026-03-28 | Cycle A\n2026-04-09 | Cycle A\n2026-04-21 | Cycle A\n2026-05-03 | Cycle A\n2026-05-15 | Cycle A\n2026-05-27 | Cycle A\n2026-06-08 | Cycle A\n2026-06-20 | Cycle A\n2026-07-02 | Cycle A\n2026-07-14 | Cycle A\n2026-07-26 | Cycle A\n2026-08-07 | Cycle A\n2026-08-19 | Cycle A\n2026-08-31 | Cycle A\n2026-09-12 | Cycle A\n2026-09-24 | Cycle A\n2026-10-06 | Cycle A\n2026-10-18 | Cycle A\n2026-10-30 | Cycle A\n2026-11-11 | Cycle A\n2026-11-23 | Cycle A\n2026-12-05 | Cycle A\n2026-12-17 | Cycle A\n2026-12-29 | Cycle A","mixed_mode":"no","l_band":"yes","ls_band":"no","s_band":"no","SH":0,"SV":1,"DH":0,"DV":0,"QP":0,"CP":0,"QD":0,"QQ":0,"bw_40":"no","bw_20":"no","bw_77":"no","bw_max_5":"yes","visualization":"F0","Shape__Area":642288153596.65625,"Shape__Length":3207296.75024705,"tracks":84,"frames":124}},{"type":"Feature","id":11359,"geometry":{"type":"Polygon","coordinates":[[[-121.67416909,-71.363382035],[-121.917086202,-70.8204075089999],[-118.51065919,-70.62317275],[-117.213592266,-70.5301855669999],[-115.092152873,-70.356034437],[-114.665096508,-70.891253265],[-114.217680282,-71.425648195],[-113.748124079,-71.9591516799999],[-113.254439692,-72.4916879089999],[-115.616577683,-72.680341405],[-117.065073351,-72.780574409],[-120.881609193,-72.990909146],[-121.157419905,-72.4486481989999],[-121.421257201,-71.906133714],[-121.67416909,-71.363382035]]]},"properties":{"fid":11359,"track":135,"frame":142,"dates":"2025-10-02, 2025-10-14, 2025-10-26, 2025-11-07, 2025-11-19, 2025-12-01, 2025-12-13, 2025-12-25, 2026-01-06, 2026-01-18, 2026-01-30, 2026-02-11, 2026-02-23, 2026-03-07, 2026-03-19, 2026-03-31, 2026-04-12, 2026-04-24, 2026-05-06, 2026-05-18, 2026-05-30, 2026-06-11, 2026-06-23, 2026-07-05, 2026-07-17, 2026-07-29, 2026-08-10, 2026-08-22, 2026-09-03, 2026-09-15, 2026-09-27, 2026-10-09, 2026-10-21, 2026-11-02, 2026-11-14, 2026-11-26, 2026-12-08, 2026-12-20","acquisition_time":"14:26:28, 14:26:36","date_mode_popup":"2025-10-02 | 153\n2025-10-14 | 153\n2025-10-26 | 153\n2025-11-07 | 153\n2025-11-19 | 153\n2025-12-01 | 153\n2025-12-13 | 153\n2025-12-25 | 153\n2026-01-06 | 153\n2026-01-18 | 153\n2026-01-30 | 153\n2026-02-11 | 153\n2026-02-23 | 153\n2026-03-07 | 153\n2026-03-19 | 153\n2026-03-31 | 153\n2026-04-12 | 153\n2026-04-24 | 153\n2026-05-06 | 153\n2026-05-18 | 153\n2026-05-30 | 153\n2026-06-11 | 153\n2026-06-23 | 153\n2026-07-05 | 153\n2026-07-17 | 153\n2026-07-29 | 153\n2026-08-10 | 153\n2026-08-22 | 153\n2026-09-03 | 153\n2026-09-15 | 153\n2026-09-27 | 153\n2026-10-09 | 153\n2026-10-21 | 153\n2026-11-02 | 153\n2026-11-14 | 153\n2026-11-26 | 153\n2026-12-08 | 153\n2026-12-20 | 153","producerifg":0,"producerunw":0,"produceroff":0,"producegunw":0,"producegoff":0,"producerslc":1,"producegslc":1,"producegcov":1,"producesmst":0,"passdirection":"Ascending","unique_radar_mode_list":"153","unique_radar_mode_mnemonic_list":"L:SCI:SV:05W+---:FS:B4:D09","number_combos":1,"mode_change":"no","radar_mode_combination_1":"153","radar_mode_combination_2":null,"radar_mode_combination_3":null,"radar_mode_combination_4":null,"radar_mode_combination_5":null,"radar_mode_combination_6":null,"radar_mode_combination_7":null,"radar_mode_combination_8":null,"radar_mode_combination_9":null,"radar_mode_mnemonic_combination_1":"L:SCI:SV:05W+---:FS:B4:D09","radar_mode_mnemonic_combination_2":null,"radar_mode_mnemonic_combination_3":null,"radar_mode_mnemonic_combination_4":null,"radar_mode_mnemonic_combination_5":null,"radar_mode_mnemonic_combination_6":null,"radar_mode_mnemonic_combination_7":null,"radar_mode_mnemonic_combination_8":null,"radar_mode_mnemonic_combination_9":null,"date_cycle_popup":"2025-10-02 | Cycle A\n2025-10-14 | Cycle A\n2025-10-26 | Cycle A\n2025-11-07 | Cycle A\n2025-11-19 | Cycle A\n2025-12-01 | Cycle A\n2025-12-13 | Cycle A\n2025-12-25 | Cycle A\n2026-01-06 | Cycle A\n2026-01-18 | Cycle A\n2026-01-30 | Cycle A\n2026-02-11 | Cycle A\n2026-02-23 | Cycle A\n2026-03-07 | Cycle A\n2026-03-19 | Cycle A\n2026-03-31 | Cycle A\n2026-04-12 | Cycle A\n2026-04-24 | Cycle A\n2026-05-06 | Cycle A\n2026-05-18 | Cycle A\n2026-05-30 | Cycle A\n2026-06-11 | Cycle A\n2026-06-23 | Cycle A\n2026-07-05 | Cycle A\n2026-07-17 | Cycle A\n2026-07-29 | Cycle A\n2026-08-10 | Cycle A\n2026-08-22 | Cycle A\n2026-09-03 | Cycle A\n2026-09-15 | Cycle A\n2026-09-27 | Cycle A\n2026-10-09 | Cycle A\n2026-10-21 | Cycle A\n2026-11-02 | Cycle A\n2026-11-14 | Cycle A\n2026-11-26 | Cycle A\n2026-12-08 | Cycle A\n2026-12-20 | Cycle A","mixed_mode":"no","l_band":"yes","ls_band":"no","s_band":"no","SH":0,"SV":1,"DH":0,"DV":0,"QP":0,"CP":0,"QD":0,"QQ":0,"bw_40":"no","bw_20":"no","bw_77":"no","bw_max_5":"yes","visualization":"F0","Shape__Area":642481076499.34375,"Shape__Length":3207786.6946169031,"tracks":135,"frames":142}},{"type":"Feature","id":9227,"geometry":{"type":"Polygon","coordinates":[[[-98.449407172,-78.129895295],[-98.982591331,-78.6805342],[-99.562414494,-79.230344293],[-105.412569263,-78.941837868],[-107.584684442,-78.801333003],[-111.058949125,-78.535151283],[-109.993728235,-78.011995429],[-109.011645788,-77.485515584],[-108.103065374,-76.956108649],[-107.259722259,-76.424111453],[-104.272967084,-76.654228453],[-102.423863991,-76.775733413],[-97.499372609,-77.026528657],[-97.9567094389999,-77.578531427],[-98.449407172,-78.129895295]]]},"properties":{"fid":9227,"track":112,"frame":127,"dates":"2025-09-30, 2025-10-12, 2025-10-24, 2025-11-05, 2025-11-17, 2025-11-29, 2025-12-11, 2025-12-23, 2026-01-04, 2026-01-16, 2026-01-28, 2026-02-09, 2026-02-21, 2026-03-05, 2026-03-17, 2026-03-29, 2026-04-10, 2026-04-22, 2026-05-04, 2026-05-16, 2026-05-28, 2026-06-09, 2026-06-21, 2026-07-03, 2026-07-15, 2026-07-27, 2026-08-08, 2026-08-20, 2026-09-01, 2026-09-13, 2026-09-25, 2026-10-07, 2026-10-19, 2026-10-31, 2026-11-12, 2026-11-24, 2026-12-06, 2026-12-18, 2026-12-30","acquisition_time":"23:59:16","date_mode_popup":"2025-09-30 | 246\n2025-10-12 | 246\n2025-10-24 | 246\n2025-11-05 | 246\n2025-11-17 | 246\n2025-11-29 | 246\n2025-12-11 | 246\n2025-12-23 | 246\n2026-01-04 | 246\n2026-01-16 | 246\n2026-01-28 | 246\n2026-02-09 | 220\n2026-02-21 | 220\n2026-03-05 | 246\n2026-03-17 | 246\n2026-03-29 | 246\n2026-04-10 | 246\n2026-04-22 | 246\n2026-05-04 | 246\n2026-05-16 | 246\n2026-05-28 | 246\n2026-06-09 | 246\n2026-06-21 | 246\n2026-07-03 | 246\n2026-07-15 | 246\n2026-07-27 | 246\n2026-08-08 | 220\n2026-08-20 | 220\n2026-09-01 | 246\n2026-09-13 | 246\n2026-09-25 | 246\n2026-10-07 | 246\n2026-10-19 | 246\n2026-10-31 | 246\n2026-11-12 | 246\n2026-11-24 | 246\n2026-12-06 | 246\n2026-12-18 | 246\n2026-12-30 | 246","producerifg":1,"producerunw":1,"produceroff":1,"producegunw":1,"producegoff":1,"producerslc":1,"producegslc":1,"producegcov":1,"producesmst":0,"passdirection":"Descending","unique_radar_mode_list":"220, 246","unique_radar_mode_mnemonic_list":"L:SCI:SH:77M+---:HS:B4:D02  S:--:SH:37W:B4, L:SCI:SH:77M+---:HS:B4:D02  S:DB:CP:25W:B4","number_combos":2,"mode_change":"yes","radar_mode_combination_1":"246","radar_mode_combination_2":"220","radar_mode_combination_3":null,"radar_mode_combination_4":null,"radar_mode_combination_5":null,"radar_mode_combination_6":null,"radar_mode_combination_7":null,"radar_mode_combination_8":null,"radar_mode_combination_9":null,"radar_mode_mnemonic_combination_1":"L:SCI:SH:77M+---:HS:B4:D02  S:--:SH:37W:B4","radar_mode_mnemonic_combination_2":"L:SCI:SH:77M+---:HS:B4:D02  S:DB:CP:25W:B4","radar_mode_mnemonic_combination_3":null,"radar_mode_mnemonic_combination_4":null,"radar_mode_mnemonic_combination_5":null,"radar_mode_mnemonic_combination_6":null,"radar_mode_mnemonic_combination_7":null,"radar_mode_mnemonic_combination_8":null,"radar_mode_mnemonic_combination_9":null,"date_cycle_popup":"2025-09-30 | Cycle A\n2025-10-12 | Cycle A\n2025-10-24 | Cycle A\n2025-11-05 | Cycle A\n2025-11-17 | Cycle A\n2025-11-29 | Cycle A\n2025-12-11 | Cycle A\n2025-12-23 | Cycle A\n2026-01-04 | Cycle A\n2026-01-16 | Cycle A\n2026-01-28 | Cycle A\n2026-02-09 | Cycle B\n2026-02-21 | Cycle B\n2026-03-05 | Cycle A\n2026-03-17 | Cycle A\n2026-03-29 | Cycle A\n2026-04-10 | Cycle A\n2026-04-22 | Cycle A\n2026-05-04 | Cycle A\n2026-05-16 | Cycle A\n2026-05-28 | Cycle A\n2026-06-09 | Cycle A\n2026-06-21 | Cycle A\n2026-07-03 | Cycle A\n2026-07-15 | Cycle A\n2026-07-27 | Cycle A\n2026-08-08 | Cycle B\n2026-08-20 | Cycle B\n2026-09-01 | Cycle A\n2026-09-13 | Cycle A\n2026-09-25 | Cycle A\n2026-10-07 | Cycle A\n2026-10-19 | Cycle A\n2026-10-31 | Cycle A\n2026-11-12 | Cycle A\n2026-11-24 | Cycle A\n2026-12-06 | Cycle A\n2026-12-18 | Cycle A\n2026-12-30 | Cycle A","mixed_mode":"no","l_band":"yes","ls_band":"yes","s_band":"no","SH":1,"SV":0,"DH":0,"DV":0,"QP":0,"CP":0,"QD":0,"QQ":0,"bw_40":"no","bw_20":"no","bw_77":"yes","bw_max_5":"no","visualization":"S0","Shape__Area":1470467704136.7969,"Shape__Length":4853247.1696910635,"tracks":112,"frames":127}},{"type":"Feature","id":8686,"geometry":{"type":"Polygon","coordinates":[[[-117.260325219,-71.906081321],[-117.513214317,-71.363331557],[-117.756109898,-70.8203590379999],[-114.349615585,-70.623138076],[-113.052522703,-70.5301555889999],[-110.931040461,-70.3560114749999],[-110.504004973,-70.891229145],[-110.056610793,-71.425623048],[-109.587077906,-71.959125647],[-109.093418219,-72.491661138],[-111.455600753,-72.680306526],[-112.904123137,-72.780534146],[-116.720727079,-72.9908532119999],[-116.996512098,-72.4485939859999],[-117.260325219,-71.906081321]]]},"properties":{"fid":8686,"track":106,"frame":142,"dates":"2025-09-30, 2025-10-12, 2025-10-24, 2025-11-05, 2025-11-17, 2025-11-29, 2025-12-11, 2025-12-23, 2026-01-04, 2026-01-16, 2026-01-28, 2026-02-09, 2026-02-21, 2026-03-05, 2026-03-17, 2026-03-29, 2026-04-10, 2026-04-22, 2026-05-04, 2026-05-16, 2026-05-28, 2026-06-09, 2026-06-21, 2026-07-03, 2026-07-15, 2026-07-27, 2026-08-08, 2026-08-20, 2026-09-01, 2026-09-13, 2026-09-25, 2026-10-07, 2026-10-19, 2026-10-31, 2026-11-12, 2026-11-24, 2026-12-06, 2026-12-18, 2026-12-30","acquisition_time":"14:09:44, 14:09:48","date_mode_popup":"2025-09-30 | 153\n2025-10-12 | 153\n2025-10-24 | 153\n2025-11-05 | 153\n2025-11-17 | 153\n2025-11-29 | 153\n2025-12-11 | 153\n2025-12-23 | 153\n2026-01-04 | 153\n2026-01-16 | 153\n2026-01-28 | 153\n2026-02-09 | 153\n2026-02-21 | 153\n2026-03-05 | 153\n2026-03-17 | 153\n2026-03-29 | 153\n2026-04-10 | 153\n2026-04-22 | 153\n2026-05-04 | 153\n2026-05-16 | 153\n2026-05-28 | 153\n2026-06-09 | 153\n2026-06-21 | 153\n2026-07-03 | 153\n2026-07-15 | 153\n2026-07-27 | 153\n2026-08-08 | 153\n2026-08-20 | 153\n2026-09-01 | 153\n2026-09-13 | 153\n2026-09-25 | 153\n2026-10-07 | 153\n2026-10-19 | 153\n2026-10-31 | 153\n2026-11-12 | 153\n2026-11-24 | 153\n2026-12-06 | 153\n2026-12-18 | 153\n2026-12-30 | 153","producerifg":0,"producerunw":0,"produceroff":0,"producegunw":0,"producegoff":0,"producerslc":1,"producegslc":1,"producegcov":1,"producesmst":0,"passdirection":"Ascending","unique_radar_mode_list":"153","unique_radar_mode_mnemonic_list":"L:SCI:SV:05W+---:FS:B4:D09","number_combos":1,"mode_change":"no","radar_mode_combination_1":"153","radar_mode_combination_2":null,"radar_mode_combination_3":null,"radar_mode_combination_4":null,"radar_mode_combination_5":null,"radar_mode_combination_6":null,"radar_mode_combination_7":null,"radar_mode_combination_8":null,"radar_mode_combination_9":null,"radar_mode_mnemonic_combination_1":"L:SCI:SV:05W+---:FS:B4:D09","radar_mode_mnemonic_combination_2":null,"radar_mode_mnemonic_combination_3":null,"radar_mode_mnemonic_combination_4":null,"radar_mode_mnemonic_combination_5":null,"radar_mode_mnemonic_combination_6":null,"radar_mode_mnemonic_combination_7":null,"radar_mode_mnemonic_combination_8":null,"radar_mode_mnemonic_combination_9":null,"date_cycle_popup":"2025-09-30 | Cycle A\n2025-10-12 | Cycle A\n2025-10-24 | Cycle A\n2025-11-05 | Cycle A\n2025-11-17 | Cycle A\n2025-11-29 | Cycle A\n2025-12-11 | Cycle A\n2025-12-23 | Cycle A\n2026-01-04 | Cycle A\n2026-01-16 | Cycle A\n2026-01-28 | Cycle A\n2026-02-09 | Cycle A\n2026-02-21 | Cycle A\n2026-03-05 | Cycle A\n2026-03-17 | Cycle A\n2026-03-29 | Cycle A\n2026-04-10 | Cycle A\n2026-04-22 | Cycle A\n2026-05-04 | Cycle A\n2026-05-16 | Cycle A\n2026-05-28 | Cycle A\n2026-06-09 | Cycle A\n2026-06-21 | Cycle A\n2026-07-03 | Cycle A\n2026-07-15 | Cycle A\n2026-07-27 | Cycle A\n2026-08-08 | Cycle A\n2026-08-20 | Cycle A\n2026-09-01 | Cycle A\n2026-09-13 | Cycle A\n2026-09-25 | Cycle A\n2026-10-07 | Cycle A\n2026-10-19 | Cycle A\n2026-10-31 | Cycle A\n2026-11-12 | Cycle A\n2026-11-24 | Cycle A\n2026-12-06 | Cycle A\n2026-12-18 | Cycle A\n2026-12-30 | Cycle A","mixed_mode":"no","l_band":"yes","ls_band":"no","s_band":"no","SH":0,"SV":1,"DH":0,"DV":0,"QP":0,"CP":0,"QD":0,"QQ":0,"bw_40":"no","bw_20":"no","bw_77":"no","bw_max_5":"yes","visualization":"F0","Shape__Area":642486579966.40625,"Shape__Length":3207801.2697135615,"tracks":106,"frames":142}},{"type":"Feature","id":13263,"geometry":{"type":"Polygon","coordinates":[[[-118.292349281,-79.2300669369999],[-124.141830081,-78.941575062],[-126.313709658,-78.80108129],[-129.787617467,-78.534923804],[-128.722442111,-78.011774875],[-127.740399028,-77.485302255],[-126.831852759,-76.955902793],[-125.988539352,-76.423913273],[-123.002072232,-76.6540103519999],[-121.153155603,-76.775506205],[-116.229187407,-77.0262892279999],[-116.686552447,-77.578282582],[-117.179279603,-78.129636988],[-117.712494378,-78.6802663889999],[-118.292349281,-79.2300669369999]]]},"properties":{"fid":13263,"track":156,"frame":127,"dates":"2025-10-04, 2025-10-16, 2025-10-28, 2025-11-09, 2025-11-21, 2025-12-03, 2025-12-15, 2025-12-27, 2026-01-08, 2026-01-20, 2026-02-01, 2026-02-13, 2026-02-25, 2026-03-09, 2026-03-21, 2026-04-02, 2026-04-14, 2026-04-26, 2026-05-08, 2026-05-20, 2026-06-01, 2026-06-13, 2026-06-25, 2026-07-07, 2026-07-19, 2026-07-31, 2026-08-12, 2026-08-24, 2026-09-05, 2026-09-17, 2026-09-29, 2026-10-11, 2026-10-23, 2026-11-04, 2026-11-16, 2026-11-28, 2026-12-10, 2026-12-22","acquisition_time":"01:14:44","date_mode_popup":"2025-10-04 | 246\n2025-10-16 | 246\n2025-10-28 | 246\n2025-11-09 | 246\n2025-11-21 | 246\n2025-12-03 | 246\n2025-12-15 | 246\n2025-12-27 | 246\n2026-01-08 | 246\n2026-01-20 | 246\n2026-02-01 | 220\n2026-02-13 | 220\n2026-02-25 | 246\n2026-03-09 | 246\n2026-03-21 | 246\n2026-04-02 | 246\n2026-04-14 | 246\n2026-04-26 | 246\n2026-05-08 | 246\n2026-05-20 | 246\n2026-06-01 | 246\n2026-06-13 | 246\n2026-06-25 | 246\n2026-07-07 | 246\n2026-07-19 | 246\n2026-07-31 | 220\n2026-08-12 | 220\n2026-08-24 | 246\n2026-09-05 | 246\n2026-09-17 | 246\n2026-09-29 | 246\n2026-10-11 | 246\n2026-10-23 | 246\n2026-11-04 | 246\n2026-11-16 | 246\n2026-11-28 | 246\n2026-12-10 | 246\n2026-12-22 | 246","producerifg":1,"producerunw":1,"produceroff":1,"producegunw":1,"producegoff":1,"producerslc":1,"producegslc":1,"producegcov":1,"producesmst":0,"passdirection":"Descending","unique_radar_mode_list":"220, 246","unique_radar_mode_mnemonic_list":"L:SCI:SH:77M+---:HS:B4:D02  S:--:SH:37W:B4, L:SCI:SH:77M+---:HS:B4:D02  S:DB:CP:25W:B4","number_combos":2,"mode_change":"yes","radar_mode_combination_1":"246","radar_mode_combination_2":"220","radar_mode_combination_3":null,"radar_mode_combination_4":null,"radar_mode_combination_5":null,"radar_mode_combination_6":null,"radar_mode_combination_7":null,"radar_mode_combination_8":null,"radar_mode_combination_9":null,"radar_mode_mnemonic_combination_1":"L:SCI:SH:77M+---:HS:B4:D02  S:--:SH:37W:B4","radar_mode_mnemonic_combination_2":"L:SCI:SH:77M+---:HS:B4:D02  S:DB:CP:25W:B4","radar_mode_mnemonic_combination_3":null,"radar_mode_mnemonic_combination_4":null,"radar_mode_mnemonic_combination_5":null,"radar_mode_mnemonic_combination_6":null,"radar_mode_mnemonic_combination_7":null,"radar_mode_mnemonic_combination_8":null,"radar_mode_mnemonic_combination_9":null,"date_cycle_popup":"2025-10-04 | Cycle A\n2025-10-16 | Cycle A\n2025-10-28 | Cycle A\n2025-11-09 | Cycle A\n2025-11-21 | Cycle A\n2025-12-03 | Cycle A\n2025-12-15 | Cycle A\n2025-12-27 | Cycle A\n2026-01-08 | Cycle A\n2026-01-20 | Cycle A\n2026-02-01 | Cycle B\n2026-02-13 | Cycle B\n2026-02-25 | Cycle A\n2026-03-09 | Cycle A\n2026-03-21 | Cycle A\n2026-04-02 | Cycle A\n2026-04-14 | Cycle A\n2026-04-26 | Cycle A\n2026-05-08 | Cycle A\n2026-05-20 | Cycle A\n2026-06-01 | Cycle A\n2026-06-13 | Cycle A\n2026-06-25 | Cycle A\n2026-07-07 | Cycle A\n2026-07-19 | Cycle A\n2026-07-31 | Cycle B\n2026-08-12 | Cycle B\n2026-08-24 | Cycle A\n2026-09-05 | Cycle A\n2026-09-17 | Cycle A\n2026-09-29 | Cycle A\n2026-10-11 | Cycle A\n2026-10-23 | Cycle A\n2026-11-04 | Cycle A\n2026-11-16 | Cycle A\n2026-11-28 | Cycle A\n2026-12-10 | Cycle A\n2026-12-22 | Cycle A","mixed_mode":"no","l_band":"yes","ls_band":"yes","s_band":"no","SH":1,"SV":0,"DH":0,"DV":0,"QP":0,"CP":0,"QD":0,"QQ":0,"bw_40":"no","bw_20":"no","bw_77":"yes","bw_max_5":"no","visualization":"S0","Shape__Area":1470262877742.5,"Shape__Length":4852906.4091087105,"tracks":156,"frames":127}},{"type":"Feature","id":13904,"geometry":{"type":"Polygon","coordinates":[[[-99.841729248,-73.42881314],[-100.134503948,-72.874214655],[-96.342357853,-72.6647263099999],[-94.902822703,-72.564947847],[-92.554861401,-72.377191959],[-92.0284972059999,-72.92121195],[-91.4724521999999,-73.4640498379999],[-90.883772229,-74.005591458],[-90.259110468,-74.545706762],[-92.9115752019999,-74.7529705319999],[-94.544739866,-74.8626621659999],[-98.867396863,-75.090687149],[-99.209894157,-74.537076957],[-99.5340596399999,-73.9831090979999],[-99.841729248,-73.42881314]]]},"properties":{"fid":13904,"track":163,"frame":141,"dates":"2025-10-04, 2025-10-16, 2025-10-28, 2025-11-09, 2025-11-21, 2025-12-03, 2025-12-15, 2025-12-27, 2026-01-08, 2026-01-20, 2026-02-01, 2026-02-13, 2026-02-25, 2026-03-09, 2026-03-21, 2026-04-02, 2026-04-14, 2026-04-26, 2026-05-08, 2026-05-20, 2026-06-01, 2026-06-13, 2026-06-25, 2026-07-07, 2026-07-19, 2026-07-31, 2026-08-12, 2026-08-24, 2026-09-05, 2026-09-17, 2026-09-29, 2026-10-11, 2026-10-23, 2026-11-04, 2026-11-16, 2026-11-28, 2026-12-10, 2026-12-22","acquisition_time":"13:00:36","date_mode_popup":"2025-10-04 | 150\n2025-10-16 | 150\n2025-10-28 | 150\n2025-11-09 | 150\n2025-11-21 | 150\n2025-12-03 | 150\n2025-12-15 | 150\n2025-12-27 | 150\n2026-01-08 | 150\n2026-01-20 | 150\n2026-02-01 | 150\n2026-02-13 | 150\n2026-02-25 | 246\n2026-03-09 | 246\n2026-03-21 | 150\n2026-04-02 | 150\n2026-04-14 | 150\n2026-04-26 | 150\n2026-05-08 | 150\n2026-05-20 | 150\n2026-06-01 | 150\n2026-06-13 | 150\n2026-06-25 | 150\n2026-07-07 | 150\n2026-07-19 | 150\n2026-07-31 | 150\n2026-08-12 | 150\n2026-08-24 | 246\n2026-09-05 | 246\n2026-09-17 | 150\n2026-09-29 | 150\n2026-10-11 | 150\n2026-10-23 | 150\n2026-11-04 | 150\n2026-11-16 | 150\n2026-11-28 | 150\n2026-12-10 | 150\n2026-12-22 | 150","producerifg":1,"producerunw":1,"produceroff":1,"producegunw":1,"producegoff":1,"producerslc":1,"producegslc":1,"producegcov":1,"producesmst":0,"passdirection":"Ascending","unique_radar_mode_list":"150, 246","unique_radar_mode_mnemonic_list":"L:SCI:SH:77M+---:HS:B4:D02, L:SCI:SH:77M+---:HS:B4:D02  S:--:SH:37W:B4","number_combos":2,"mode_change":"yes","radar_mode_combination_1":"150","radar_mode_combination_2":"246","radar_mode_combination_3":null,"radar_mode_combination_4":null,"radar_mode_combination_5":null,"radar_mode_combination_6":null,"radar_mode_combination_7":null,"radar_mode_combination_8":null,"radar_mode_combination_9":null,"radar_mode_mnemonic_combination_1":"L:SCI:SH:77M+---:HS:B4:D02","radar_mode_mnemonic_combination_2":"L:SCI:SH:77M+---:HS:B4:D02  S:--:SH:37W:B4","radar_mode_mnemonic_combination_3":null,"radar_mode_mnemonic_combination_4":null,"radar_mode_mnemonic_combination_5":null,"radar_mode_mnemonic_combination_6":null,"radar_mode_mnemonic_combination_7":null,"radar_mode_mnemonic_combination_8":null,"radar_mode_mnemonic_combination_9":null,"date_cycle_popup":"2025-10-04 | Cycle A\n2025-10-16 | Cycle A\n2025-10-28 | Cycle A\n2025-11-09 | Cycle A\n2025-11-21 | Cycle A\n2025-12-03 | Cycle A\n2025-12-15 | Cycle A\n2025-12-27 | Cycle A\n2026-01-08 | Cycle A\n2026-01-20 | Cycle A\n2026-02-01 | Cycle A\n2026-02-13 | Cycle A\n2026-02-25 | Cycle B\n2026-03-09 | Cycle B\n2026-03-21 | Cycle A\n2026-04-02 | Cycle A\n2026-04-14 | Cycle A\n2026-04-26 | Cycle A\n2026-05-08 | Cycle A\n2026-05-20 | Cycle A\n2026-06-01 | Cycle A\n2026-06-13 | Cycle A\n2026-06-25 | Cycle A\n2026-07-07 | Cycle A\n2026-07-19 | Cycle A\n2026-07-31 | Cycle A\n2026-08-12 | Cycle A\n2026-08-24 | Cycle B\n2026-09-05 | Cycle B\n2026-09-17 | Cycle A\n2026-09-29 | Cycle A\n2026-10-11 | Cycle A\n2026-10-23 | Cycle A\n2026-11-04 | Cycle A\n2026-11-16 | Cycle A\n2026-11-28 | Cycle A\n2026-12-10 | Cycle A\n2026-12-22 | Cycle A","mixed_mode":"no","l_band":"yes","ls_band":"yes","s_band":"no","SH":1,"SV":0,"DH":0,"DV":0,"QP":0,"CP":0,"QD":0,"QQ":0,"bw_40":"no","bw_20":"no","bw_77":"yes","bw_max_5":"no","visualization":"S0","Shape__Area":829556994728.85156,"Shape__Length":3644482.9230779167,"tracks":163,"frames":141}},{"type":"Feature","id":7312,"geometry":{"type":"Polygon","coordinates":[[[-102.946995989,-71.363366806],[-103.189890789,-70.8203943469999],[-99.783287872,-70.623174359],[-98.4861550269999,-70.5301913069999],[-96.3646090729999,-70.356045173],[-95.937572094,-70.891262836],[-95.4901762009999,-71.42565677],[-95.020641349,-71.959159442],[-94.526979412,-72.491695052],[-96.889228368,-72.680342501],[-98.337792576,-72.780570676],[-102.154510499,-72.990888599],[-102.430295048,-72.448629269],[-102.694107583,-71.90611656],[-102.946995989,-71.363366806]]]},"properties":{"fid":7312,"track":91,"frame":142,"dates":"2025-09-29, 2025-10-11, 2025-10-23, 2025-11-04, 2025-11-16, 2025-11-28, 2025-12-10, 2025-12-22, 2026-01-03, 2026-01-15, 2026-01-27, 2026-02-08, 2026-02-20, 2026-03-04, 2026-03-16, 2026-03-28, 2026-04-09, 2026-04-21, 2026-05-03, 2026-05-15, 2026-05-27, 2026-06-08, 2026-06-20, 2026-07-02, 2026-07-14, 2026-07-26, 2026-08-07, 2026-08-19, 2026-08-31, 2026-09-12, 2026-09-24, 2026-10-06, 2026-10-18, 2026-10-30, 2026-11-11, 2026-11-23, 2026-12-05, 2026-12-17, 2026-12-29","acquisition_time":"13:10:52","date_mode_popup":"2025-09-29 | 150,153\n2025-10-11 | 150,153\n2025-10-23 | 150,153\n2025-11-04 | 150,153\n2025-11-16 | 150,153\n2025-11-28 | 150,153\n2025-12-10 | 150,153\n2025-12-22 | 150,153\n2026-01-03 | 150,153\n2026-01-15 | 150,153\n2026-01-27 | 150,153\n2026-02-08 | 150,153\n2026-02-20 | 150,153\n2026-03-04 | 150,153\n2026-03-16 | 150,153\n2026-03-28 | 150,153\n2026-04-09 | 150,153\n2026-04-21 | 150,153\n2026-05-03 | 150,153\n2026-05-15 | 150,153\n2026-05-27 | 150,153\n2026-06-08 | 150,153\n2026-06-20 | 150,153\n2026-07-02 | 150,153\n2026-07-14 | 150,153\n2026-07-26 | 150,153\n2026-08-07 | 150,153\n2026-08-19 | 150,153\n2026-08-31 | 150,153\n2026-09-12 | 150,153\n2026-09-24 | 150,153\n2026-10-06 | 150,153\n2026-10-18 | 150,153\n2026-10-30 | 150,153\n2026-11-11 | 150,153\n2026-11-23 | 150,153\n2026-12-05 | 150,153\n2026-12-17 | 150,153\n2026-12-29 | 150,153","producerifg":1,"producerunw":1,"produceroff":1,"producegunw":1,"producegoff":1,"producerslc":1,"producegslc":1,"producegcov":1,"producesmst":0,"passdirection":"Ascending","unique_radar_mode_list":"150, 153","unique_radar_mode_mnemonic_list":"L:SCI:SH:77M+---:HS:B4:D02, L:SCI:SV:05W+---:FS:B4:D09","number_combos":1,"mode_change":"no","radar_mode_combination_1":"150,153","radar_mode_combination_2":null,"radar_mode_combination_3":null,"radar_mode_combination_4":null,"radar_mode_combination_5":null,"radar_mode_combination_6":null,"radar_mode_combination_7":null,"radar_mode_combination_8":null,"radar_mode_combination_9":null,"radar_mode_mnemonic_combination_1":"L:SCI:SH:77M+---:HS:B4:D02,L:SCI:SV:05W+---:FS:B4:D09","radar_mode_mnemonic_combination_2":null,"radar_mode_mnemonic_combination_3":null,"radar_mode_mnemonic_combination_4":null,"radar_mode_mnemonic_combination_5":null,"radar_mode_mnemonic_combination_6":null,"radar_mode_mnemonic_combination_7":null,"radar_mode_mnemonic_combination_8":null,"radar_mode_mnemonic_combination_9":null,"date_cycle_popup":"2025-09-29 | Cycle A\n2025-10-11 | Cycle A\n2025-10-23 | Cycle A\n2025-11-04 | Cycle A\n2025-11-16 | Cycle A\n2025-11-28 | Cycle A\n2025-12-10 | Cycle A\n2025-12-22 | Cycle A\n2026-01-03 | Cycle A\n2026-01-15 | Cycle A\n2026-01-27 | Cycle A\n2026-02-08 | Cycle A\n2026-02-20 | Cycle A\n2026-03-04 | Cycle A\n2026-03-16 | Cycle A\n2026-03-28 | Cycle A\n2026-04-09 | Cycle A\n2026-04-21 | Cycle A\n2026-05-03 | Cycle A\n2026-05-15 | Cycle A\n2026-05-27 | Cycle A\n2026-06-08 | Cycle A\n2026-06-20 | Cycle A\n2026-07-02 | Cycle A\n2026-07-14 | Cycle A\n2026-07-26 | Cycle A\n2026-08-07 | Cycle A\n2026-08-19 | Cycle A\n2026-08-31 | Cycle A\n2026-09-12 | Cycle A\n2026-09-24 | Cycle A\n2026-10-06 | Cycle A\n2026-10-18 | Cycle A\n2026-10-30 | Cycle A\n2026-11-11 | Cycle A\n2026-11-23 | Cycle A\n2026-12-05 | Cycle A\n2026-12-17 | Cycle A\n2026-12-29 | Cycle A","mixed_mode":"yes","l_band":"yes","ls_band":"no","s_band":"no","SH":1,"SV":1,"DH":0,"DV":0,"QP":0,"CP":0,"QD":0,"QQ":0,"bw_40":"no","bw_20":"no","bw_77":"yes","bw_max_5":"yes","visualization":"F1","Shape__Area":642506514483.9375,"Shape__Length":3207852.0158168,"tracks":91,"frames":142}},{"type":"Feature","id":5285,"geometry":{"type":"Polygon","coordinates":[[[-102.362446333,-75.0900326189999],[-106.684005936,-74.8620614989999],[-108.316779458,-74.752399841],[-110.968638313,-74.545195894],[-110.344053475,-74.0050938369999],[-109.755443268,-73.463565968],[-109.199461712,-72.9207423129999],[-108.67315536,-72.376737003],[-106.32570087,-72.564440658],[-104.886489812,-72.664192735],[-101.095244623,-72.873632395],[-101.388042956,-73.4282126209999],[-101.695736296,-73.9824904549999],[-102.019925496,-74.536440318],[-102.362446333,-75.0900326189999]]]},"properties":{"fid":5285,"track":69,"frame":125,"dates":"2025-09-28, 2025-10-10, 2025-10-22, 2025-11-03, 2025-11-15, 2025-11-27, 2025-12-09, 2025-12-21, 2026-01-02, 2026-01-14, 2026-01-26, 2026-02-07, 2026-02-19, 2026-03-03, 2026-03-15, 2026-03-27, 2026-04-08, 2026-04-20, 2026-05-02, 2026-05-14, 2026-05-26, 2026-06-07, 2026-06-19, 2026-07-01, 2026-07-13, 2026-07-25, 2026-08-06, 2026-08-18, 2026-08-30, 2026-09-11, 2026-09-23, 2026-10-05, 2026-10-17, 2026-10-29, 2026-11-10, 2026-11-22, 2026-12-04, 2026-12-16, 2026-12-28","acquisition_time":"00:24:36","date_mode_popup":"2025-09-28 | 246,76\n2025-10-10 | 246,76\n2025-10-22 | 246,76\n2025-11-03 | 246,76\n2025-11-15 | 246,76\n2025-11-27 | 246,76\n2025-12-09 | 246,76\n2025-12-21 | 246,76\n2026-01-02 | 246,76\n2026-01-14 | 246,76\n2026-01-26 | 246,76\n2026-02-07 | 220,67\n2026-02-19 | 220,67\n2026-03-03 | 246,76\n2026-03-15 | 246,76\n2026-03-27 | 246,76\n2026-04-08 | 246,76\n2026-04-20 | 246,76\n2026-05-02 | 246,76\n2026-05-14 | 246,76\n2026-05-26 | 246,76\n2026-06-07 | 246,76\n2026-06-19 | 246,76\n2026-07-01 | 246,76\n2026-07-13 | 246,76\n2026-07-25 | 246,76\n2026-08-06 | 220,67\n2026-08-18 | 220,67\n2026-08-30 | 246,76\n2026-09-11 | 246,76\n2026-09-23 | 246,76\n2026-10-05 | 246,76\n2026-10-17 | 246,76\n2026-10-29 | 246,76\n2026-11-10 | 246,76\n2026-11-22 | 246,76\n2026-12-04 | 246,76\n2026-12-16 | 246,76\n2026-12-28 | 246,76","producerifg":1,"producerunw":1,"produceroff":1,"producegunw":1,"producegoff":1,"producerslc":1,"producegslc":1,"producegcov":1,"producesmst":0,"passdirection":"Descending","unique_radar_mode_list":"220, 246, 67, 76","unique_radar_mode_mnemonic_list":"L:SCI:SH:77M+---:HS:B4:D02  S:--:SH:37W:B4, L:SCI:SH:77M+---:HS:B4:D02  S:DB:CP:25W:B4, S:DB:CP:25W:B4:D10, S:DB:SH:37W:B4:D10","number_combos":2,"mode_change":"yes","radar_mode_combination_1":"246,76","radar_mode_combination_2":"220,67","radar_mode_combination_3":null,"radar_mode_combination_4":null,"radar_mode_combination_5":null,"radar_mode_combination_6":null,"radar_mode_combination_7":null,"radar_mode_combination_8":null,"radar_mode_combination_9":null,"radar_mode_mnemonic_combination_1":"L:SCI:SH:77M+---:HS:B4:D02  S:--:SH:37W:B4,S:DB:SH:37W:B4:D10","radar_mode_mnemonic_combination_2":"L:SCI:SH:77M+---:HS:B4:D02  S:DB:CP:25W:B4,S:DB:CP:25W:B4:D10","radar_mode_mnemonic_combination_3":null,"radar_mode_mnemonic_combination_4":null,"radar_mode_mnemonic_combination_5":null,"radar_mode_mnemonic_combination_6":null,"radar_mode_mnemonic_combination_7":null,"radar_mode_mnemonic_combination_8":null,"radar_mode_mnemonic_combination_9":null,"date_cycle_popup":"2025-09-28 | Cycle A\n2025-10-10 | Cycle A\n2025-10-22 | Cycle A\n2025-11-03 | Cycle A\n2025-11-15 | Cycle A\n2025-11-27 | Cycle A\n2025-12-09 | Cycle A\n2025-12-21 | Cycle A\n2026-01-02 | Cycle A\n2026-01-14 | Cycle A\n2026-01-26 | Cycle A\n2026-02-07 | Cycle B\n2026-02-19 | Cycle B\n2026-03-03 | Cycle A\n2026-03-15 | Cycle A\n2026-03-27 | Cycle A\n2026-04-08 | Cycle A\n2026-04-20 | Cycle A\n2026-05-02 | Cycle A\n2026-05-14 | Cycle A\n2026-05-26 | Cycle A\n2026-06-07 | Cycle A\n2026-06-19 | Cycle A\n2026-07-01 | Cycle A\n2026-07-13 | Cycle A\n2026-07-25 | Cycle A\n2026-08-06 | Cycle B\n2026-08-18 | Cycle B\n2026-08-30 | Cycle A\n2026-09-11 | Cycle A\n2026-09-23 | Cycle A\n2026-10-05 | Cycle A\n2026-10-17 | Cycle A\n2026-10-29 | Cycle A\n2026-11-10 | Cycle A\n2026-11-22 | Cycle A\n2026-12-04 | Cycle A\n2026-12-16 | Cycle A\n2026-12-28 | Cycle A","mixed_mode":"yes","l_band":"yes","ls_band":"yes","s_band":"no","SH":1,"SV":0,"DH":0,"DV":0,"QP":0,"CP":0,"QD":0,"QQ":0,"bw_40":"no","bw_20":"no","bw_77":"yes","bw_max_5":"no","visualization":"S1","Shape__Area":829305627494.16406,"Shape__Length":3643925.9596047183,"tracks":69,"frames":125}},{"type":"Feature","id":12662,"geometry":{"type":"Polygon","coordinates":[[[-108.992014909,-75.517185046],[-109.343563423,-74.974341726],[-105.052750331,-74.747438861],[-103.431130281,-74.6383446899999],[-100.796708023,-74.432252428],[-100.153701623,-74.960959239],[-99.469227229,-75.488025218],[-98.738742143,-76.013270801],[-97.95704335,-76.53648889],[-100.966801501,-76.768255976],[-102.830916345,-76.890621079],[-107.797721028,-77.1430969739999],[-108.221906194,-76.601609025],[-108.618994785,-76.0596216989999],[-108.992014909,-75.517185046]]]},"properties":{"fid":12662,"track":149,"frame":140,"dates":"2025-10-03, 2025-10-15, 2025-10-27, 2025-11-08, 2025-11-20, 2025-12-02, 2025-12-14, 2025-12-26, 2026-01-07, 2026-01-19, 2026-01-31, 2026-02-12, 2026-02-24, 2026-03-08, 2026-03-20, 2026-04-01, 2026-04-13, 2026-04-25, 2026-05-07, 2026-05-19, 2026-05-31, 2026-06-12, 2026-06-24, 2026-07-06, 2026-07-18, 2026-07-30, 2026-08-11, 2026-08-23, 2026-09-04, 2026-09-16, 2026-09-28, 2026-10-10, 2026-10-22, 2026-11-03, 2026-11-15, 2026-11-27, 2026-12-09, 2026-12-21","acquisition_time":"13:43:28","date_mode_popup":"2025-10-03 | 151,150\n2025-10-15 | 151,150\n2025-10-27 | 151,150\n2025-11-08 | 151,150\n2025-11-20 | 151,150\n2025-12-02 | 151,150\n2025-12-14 | 151,150\n2025-12-26 | 151,150\n2026-01-07 | 151,150\n2026-01-19 | 151,150\n2026-01-31 | 151,150\n2026-02-12 | 151,150\n2026-02-24 | 151,150\n2026-03-08 | 151,150\n2026-03-20 | 151,150\n2026-04-01 | 151,150\n2026-04-13 | 151,150\n2026-04-25 | 151,150\n2026-05-07 | 151,150\n2026-05-19 | 151,150\n2026-05-31 | 151,150\n2026-06-12 | 151,150\n2026-06-24 | 151,150\n2026-07-06 | 151,150\n2026-07-18 | 151,150\n2026-07-30 | 151,150\n2026-08-11 | 151,150\n2026-08-23 | 151,150\n2026-09-04 | 151,150\n2026-09-16 | 151,150\n2026-09-28 | 151,150\n2026-10-10 | 151,150\n2026-10-22 | 151,150\n2026-11-03 | 151,150\n2026-11-15 | 151,150\n2026-11-27 | 151,150\n2026-12-09 | 151,150\n2026-12-21 | 151,150","producerifg":1,"producerunw":1,"produceroff":1,"producegunw":1,"producegoff":1,"producerslc":1,"producegslc":1,"producegcov":1,"producesmst":0,"passdirection":"Ascending","unique_radar_mode_list":"150, 151","unique_radar_mode_mnemonic_list":"L:SCI:SH:40M+05N:FS:B4:D02, L:SCI:SH:77M+---:HS:B4:D02","number_combos":1,"mode_change":"no","radar_mode_combination_1":"151,150","radar_mode_combination_2":null,"radar_mode_combination_3":null,"radar_mode_combination_4":null,"radar_mode_combination_5":null,"radar_mode_combination_6":null,"radar_mode_combination_7":null,"radar_mode_combination_8":null,"radar_mode_combination_9":null,"radar_mode_mnemonic_combination_1":"L:SCI:SH:40M+05N:FS:B4:D02,L:SCI:SH:77M+---:HS:B4:D02","radar_mode_mnemonic_combination_2":null,"radar_mode_mnemonic_combination_3":null,"radar_mode_mnemonic_combination_4":null,"radar_mode_mnemonic_combination_5":null,"radar_mode_mnemonic_combination_6":null,"radar_mode_mnemonic_combination_7":null,"radar_mode_mnemonic_combination_8":null,"radar_mode_mnemonic_combination_9":null,"date_cycle_popup":"2025-10-03 | Cycle A\n2025-10-15 | Cycle A\n2025-10-27 | Cycle A\n2025-11-08 | Cycle A\n2025-11-20 | Cycle A\n2025-12-02 | Cycle A\n2025-12-14 | Cycle A\n2025-12-26 | Cycle A\n2026-01-07 | Cycle A\n2026-01-19 | Cycle A\n2026-01-31 | Cycle A\n2026-02-12 | Cycle A\n2026-02-24 | Cycle A\n2026-03-08 | Cycle A\n2026-03-20 | Cycle A\n2026-04-01 | Cycle A\n2026-04-13 | Cycle A\n2026-04-25 | Cycle A\n2026-05-07 | Cycle A\n2026-05-19 | Cycle A\n2026-05-31 | Cycle A\n2026-06-12 | Cycle A\n2026-06-24 | Cycle A\n2026-07-06 | Cycle A\n2026-07-18 | Cycle A\n2026-07-30 | Cycle A\n2026-08-11 | Cycle A\n2026-08-23 | Cycle A\n2026-09-04 | Cycle A\n2026-09-16 | Cycle A\n2026-09-28 | Cycle A\n2026-10-10 | Cycle A\n2026-10-22 | Cycle A\n2026-11-03 | Cycle A\n2026-11-15 | Cycle A\n2026-11-27 | Cycle A\n2026-12-09 | Cycle A\n2026-12-21 | Cycle A","mixed_mode":"yes","l_band":"yes","ls_band":"no","s_band":"no","SH":1,"SV":0,"DH":0,"DV":0,"QP":0,"CP":0,"QD":0,"QQ":0,"bw_40":"yes","bw_20":"no","bw_77":"yes","bw_max_5":"no","visualization":"F1","Shape__Area":1060728544864.9375,"Shape__Length":4122181.5837473231,"tracks":149,"frames":140}},{"type":"Feature","id":15813,"geometry":{"type":"Polygon","coordinates":[[[-94.6907821069999,-76.0591688439999],[-95.087873955,-76.601139569],[-95.512060327,-77.142611081],[-100.47810262,-76.890181937],[-102.34195185,-76.7678410249999],[-105.351307179,-76.536120614],[-104.569694363,-76.012914002],[-103.83928652,-75.487680497],[-103.15488172,-74.9606271439999],[-102.511938189,-74.431933457],[-99.8778372039999,-74.63798646],[-98.2564257829999,-74.747060152],[-93.966202373,-74.973922549],[-94.3177570889999,-75.516748951],[-94.6907821069999,-76.0591688439999]]]},"properties":{"fid":15813,"track":11,"frame":126,"dates":"2025-10-05, 2025-10-17, 2025-10-29, 2025-11-10, 2025-11-22, 2025-12-04, 2025-12-16, 2025-12-28, 2026-01-09, 2026-01-21, 2026-02-02, 2026-02-14, 2026-02-26, 2026-03-10, 2026-03-22, 2026-04-03, 2026-04-15, 2026-04-27, 2026-05-09, 2026-05-21, 2026-06-02, 2026-06-14, 2026-06-26, 2026-07-08, 2026-07-20, 2026-08-01, 2026-08-13, 2026-08-25, 2026-09-06, 2026-09-18, 2026-09-30, 2026-10-12, 2026-10-24, 2026-11-05, 2026-11-17, 2026-11-29, 2026-12-11, 2026-12-23","acquisition_time":"23:51:00","date_mode_popup":"2025-10-05 | 150,151\n2025-10-17 | 150,151\n2025-10-29 | 150,151\n2025-11-10 | 150,151\n2025-11-22 | 150,151\n2025-12-04 | 150,151\n2025-12-16 | 150,151\n2025-12-28 | 150,151\n2026-01-09 | 150,151\n2026-01-21 | 150,151\n2026-02-02 | 150,151\n2026-02-14 | 150,151\n2026-02-26 | 150,151\n2026-03-10 | 150,151\n2026-03-22 | 150,151\n2026-04-03 | 150,151\n2026-04-15 | 150,151\n2026-04-27 | 150,151\n2026-05-09 | 150,151\n2026-05-21 | 150,151\n2026-06-02 | 150,151\n2026-06-14 | 150,151\n2026-06-26 | 150,151\n2026-07-08 | 150,151\n2026-07-20 | 150,151\n2026-08-01 | 150,151\n2026-08-13 | 150,151\n2026-08-25 | 150,151\n2026-09-06 | 150,151\n2026-09-18 | 150,151\n2026-09-30 | 150,151\n2026-10-12 | 150,151\n2026-10-24 | 150,151\n2026-11-05 | 150,151\n2026-11-17 | 150,151\n2026-11-29 | 150,151\n2026-12-11 | 150,151\n2026-12-23 | 150,151","producerifg":1,"producerunw":1,"produceroff":1,"producegunw":1,"producegoff":1,"producerslc":1,"producegslc":1,"producegcov":1,"producesmst":0,"passdirection":"Descending","unique_radar_mode_list":"150, 151","unique_radar_mode_mnemonic_list":"L:SCI:SH:40M+05N:FS:B4:D02, L:SCI:SH:77M+---:HS:B4:D02","number_combos":1,"mode_change":"no","radar_mode_combination_1":"150,151","radar_mode_combination_2":null,"radar_mode_combination_3":null,"radar_mode_combination_4":null,"radar_mode_combination_5":null,"radar_mode_combination_6":null,"radar_mode_combination_7":null,"radar_mode_combination_8":null,"radar_mode_combination_9":null,"radar_mode_mnemonic_combination_1":"L:SCI:SH:77M+---:HS:B4:D02,L:SCI:SH:40M+05N:FS:B4:D02","radar_mode_mnemonic_combination_2":null,"radar_mode_mnemonic_combination_3":null,"radar_mode_mnemonic_combination_4":null,"radar_mode_mnemonic_combination_5":null,"radar_mode_mnemonic_combination_6":null,"radar_mode_mnemonic_combination_7":null,"radar_mode_mnemonic_combination_8":null,"radar_mode_mnemonic_combination_9":null,"date_cycle_popup":"2025-10-05 | Cycle A\n2025-10-17 | Cycle A\n2025-10-29 | Cycle A\n2025-11-10 | Cycle A\n2025-11-22 | Cycle A\n2025-12-04 | Cycle A\n2025-12-16 | Cycle A\n2025-12-28 | Cycle A\n2026-01-09 | Cycle A\n2026-01-21 | Cycle A\n2026-02-02 | Cycle A\n2026-02-14 | Cycle A\n2026-02-26 | Cycle A\n2026-03-10 | Cycle A\n2026-03-22 | Cycle A\n2026-04-03 | Cycle A\n2026-04-15 | Cycle A\n2026-04-27 | Cycle A\n2026-05-09 | Cycle A\n2026-05-21 | Cycle A\n2026-06-02 | Cycle A\n2026-06-14 | Cycle A\n2026-06-26 | Cycle A\n2026-07-08 | Cycle A\n2026-07-20 | Cycle A\n2026-08-01 | Cycle A\n2026-08-13 | Cycle A\n2026-08-25 | Cycle A\n2026-09-06 | Cycle A\n2026-09-18 | Cycle A\n2026-09-30 | Cycle A\n2026-10-12 | Cycle A\n2026-10-24 | Cycle A\n2026-11-05 | Cycle A\n2026-11-17 | Cycle A\n2026-11-29 | Cycle A\n2026-12-11 | Cycle A\n2026-12-23 | Cycle A","mixed_mode":"yes","l_band":"yes","ls_band":"no","s_band":"no","SH":1,"SV":0,"DH":0,"DV":0,"QP":0,"CP":0,"QD":0,"QQ":0,"bw_40":"yes","bw_20":"no","bw_77":"yes","bw_max_5":"no","visualization":"F1","Shape__Area":1060515746137.6797,"Shape__Length":4121763.3136058785,"tracks":11,"frames":126}},{"type":"Feature","id":9321,"geometry":{"type":"Polygon","coordinates":[[[-120.428795004,-73.982577338],[-120.753139496,-74.5365317759999],[-121.09582704,-75.09012831],[-125.416879772,-74.862102986],[-127.049460733,-74.7524251469999],[-129.701006523,-74.545199983],[-129.076295777,-74.005097782],[-128.487567707,-73.463569184],[-127.931475607,-72.920744267],[-127.405065403,-72.376737227],[-125.057878189,-72.5644585759999],[-123.618831787,-72.66422418],[-119.828022529,-72.8737092379999],[-120.120956631,-73.428294617],[-120.428795004,-73.982577338]]]},"properties":{"fid":9321,"track":113,"frame":125,"dates":"2025-10-01, 2025-10-13, 2025-10-25, 2025-11-06, 2025-11-18, 2025-11-30, 2025-12-12, 2025-12-24, 2026-01-05, 2026-01-17, 2026-01-29, 2026-02-10, 2026-02-22, 2026-03-06, 2026-03-18, 2026-03-30, 2026-04-11, 2026-04-23, 2026-05-05, 2026-05-17, 2026-05-29, 2026-06-10, 2026-06-22, 2026-07-04, 2026-07-16, 2026-07-28, 2026-08-09, 2026-08-21, 2026-09-02, 2026-09-14, 2026-09-26, 2026-10-08, 2026-10-20, 2026-11-01, 2026-11-13, 2026-11-25, 2026-12-07, 2026-12-19, 2026-12-31","acquisition_time":"01:36:56, 01:37:40, 01:37:16","date_mode_popup":"2025-10-01 | 153,150\n2025-10-13 | 153,150\n2025-10-25 | 153,150\n2025-11-06 | 153,150\n2025-11-18 | 153,150\n2025-11-30 | 153,150\n2025-12-12 | 153,150\n2025-12-24 | 153,150\n2026-01-05 | 153,150\n2026-01-17 | 153,150\n2026-01-29 | 153,150\n2026-02-10 | 153,150\n2026-02-22 | 153,150\n2026-03-06 | 153,150\n2026-03-18 | 153,150\n2026-03-30 | 153,150\n2026-04-11 | 153,150\n2026-04-23 | 153,150\n2026-05-05 | 153,150\n2026-05-17 | 153,150\n2026-05-29 | 153,150\n2026-06-10 | 153,150\n2026-06-22 | 153,150\n2026-07-04 | 153,150\n2026-07-16 | 153,150\n2026-07-28 | 153,150\n2026-08-09 | 153,150\n2026-08-21 | 153,150\n2026-09-02 | 153,150\n2026-09-14 | 153,150\n2026-09-26 | 153,150\n2026-10-08 | 153,150\n2026-10-20 | 153,150\n2026-11-01 | 153,150\n2026-11-13 | 153,150\n2026-11-25 | 153,150\n2026-12-07 | 153,150\n2026-12-19 | 153,150\n2026-12-31 | 153,150","producerifg":1,"producerunw":1,"produceroff":1,"producegunw":1,"producegoff":1,"producerslc":1,"producegslc":1,"producegcov":1,"producesmst":0,"passdirection":"Descending","unique_radar_mode_list":"150, 153","unique_radar_mode_mnemonic_list":"L:SCI:SH:77M+---:HS:B4:D02, L:SCI:SV:05W+---:FS:B4:D09","number_combos":1,"mode_change":"no","radar_mode_combination_1":"153,150","radar_mode_combination_2":null,"radar_mode_combination_3":null,"radar_mode_combination_4":null,"radar_mode_combination_5":null,"radar_mode_combination_6":null,"radar_mode_combination_7":null,"radar_mode_combination_8":null,"radar_mode_combination_9":null,"radar_mode_mnemonic_combination_1":"L:SCI:SV:05W+---:FS:B4:D09,L:SCI:SH:77M+---:HS:B4:D02","radar_mode_mnemonic_combination_2":null,"radar_mode_mnemonic_combination_3":null,"radar_mode_mnemonic_combination_4":null,"radar_mode_mnemonic_combination_5":null,"radar_mode_mnemonic_combination_6":null,"radar_mode_mnemonic_combination_7":null,"radar_mode_mnemonic_combination_8":null,"radar_mode_mnemonic_combination_9":null,"date_cycle_popup":"2025-10-01 | Cycle A\n2025-10-13 | Cycle A\n2025-10-25 | Cycle A\n2025-11-06 | Cycle A\n2025-11-18 | Cycle A\n2025-11-30 | Cycle A\n2025-12-12 | Cycle A\n2025-12-24 | Cycle A\n2026-01-05 | Cycle A\n2026-01-17 | Cycle A\n2026-01-29 | Cycle A\n2026-02-10 | Cycle A\n2026-02-22 | Cycle A\n2026-03-06 | Cycle A\n2026-03-18 | Cycle A\n2026-03-30 | Cycle A\n2026-04-11 | Cycle A\n2026-04-23 | Cycle A\n2026-05-05 | Cycle A\n2026-05-17 | Cycle A\n2026-05-29 | Cycle A\n2026-06-10 | Cycle A\n2026-06-22 | Cycle A\n2026-07-04 | Cycle A\n2026-07-16 | Cycle A\n2026-07-28 | Cycle A\n2026-08-09 | Cycle A\n2026-08-21 | Cycle A\n2026-09-02 | Cycle A\n2026-09-14 | Cycle A\n2026-09-26 | Cycle A\n2026-10-08 | Cycle A\n2026-10-20 | Cycle A\n2026-11-01 | Cycle A\n2026-11-13 | Cycle A\n2026-11-25 | Cycle A\n2026-12-07 | Cycle A\n2026-12-19 | Cycle A\n2026-12-31 | Cycle A","mixed_mode":"yes","l_band":"yes","ls_band":"no","s_band":"no","SH":1,"SV":1,"DH":0,"DV":0,"QP":0,"CP":0,"QD":0,"QQ":0,"bw_40":"no","bw_20":"no","bw_77":"yes","bw_max_5":"yes","visualization":"F1","Shape__Area":829238815816.90625,"Shape__Length":3643776.1079610651,"tracks":113,"frames":125}},{"type":"Feature","id":3911,"geometry":{"type":"Polygon","coordinates":[[[-86.314102931,-72.4483747739999],[-86.58994497,-72.990626722],[-90.4061324199999,-72.78032227],[-91.85450414,-72.680103839],[-94.2164500489999,-72.491477678],[-93.722780234,-71.958948415],[-93.2532371299999,-71.425452231],[-92.8058326839999,-70.891064923],[-92.378786915,-70.355854028],[-90.257491881,-70.529981366],[-88.960517621,-70.622955626],[-85.5543498499999,-70.820162444],[-85.797294762,-71.36312729],[-86.050235556,-71.9058695149999],[-86.314102931,-72.4483747739999]]]},"properties":{"fid":3911,"track":54,"frame":124,"dates":"2025-09-26, 2025-10-08, 2025-10-20, 2025-11-01, 2025-11-13, 2025-11-25, 2025-12-07, 2025-12-19, 2025-12-31, 2026-01-12, 2026-01-24, 2026-02-05, 2026-02-17, 2026-03-01, 2026-03-13, 2026-03-25, 2026-04-06, 2026-04-18, 2026-04-30, 2026-05-12, 2026-05-24, 2026-06-05, 2026-06-17, 2026-06-29, 2026-07-11, 2026-07-23, 2026-08-04, 2026-08-16, 2026-08-28, 2026-09-09, 2026-09-21, 2026-10-03, 2026-10-15, 2026-10-27, 2026-11-08, 2026-11-20, 2026-12-02, 2026-12-14, 2026-12-26","acquisition_time":"23:23:48, 23:23:52, 23:24:48","date_mode_popup":"2025-09-26 | 153,150\n2025-10-08 | 153,150\n2025-10-20 | 153,150\n2025-11-01 | 153,150\n2025-11-13 | 153,150\n2025-11-25 | 153,150\n2025-12-07 | 153,150\n2025-12-19 | 153,150\n2025-12-31 | 153,150\n2026-01-12 | 153,150\n2026-01-24 | 153,150\n2026-02-05 | 153,150\n2026-02-17 | 153,150\n2026-03-01 | 153,150\n2026-03-13 | 153,150\n2026-03-25 | 153,150\n2026-04-06 | 153,150\n2026-04-18 | 153,150\n2026-04-30 | 153,150\n2026-05-12 | 153,150\n2026-05-24 | 153,150\n2026-06-05 | 153,150\n2026-06-17 | 153,150\n2026-06-29 | 153,150\n2026-07-11 | 153,150\n2026-07-23 | 153,150\n2026-08-04 | 153,150\n2026-08-16 | 153,150\n2026-08-28 | 153,150\n2026-09-09 | 153,150\n2026-09-21 | 153,150\n2026-10-03 | 153,150\n2026-10-15 | 153,150\n2026-10-27 | 153,150\n2026-11-08 | 153,150\n2026-11-20 | 153,150\n2026-12-02 | 153,150\n2026-12-14 | 153,150\n2026-12-26 | 153,150","producerifg":1,"producerunw":1,"produceroff":1,"producegunw":1,"producegoff":1,"producerslc":1,"producegslc":1,"producegcov":1,"producesmst":0,"passdirection":"Descending","unique_radar_mode_list":"150, 153","unique_radar_mode_mnemonic_list":"L:SCI:SH:77M+---:HS:B4:D02, L:SCI:SV:05W+---:FS:B4:D09","number_combos":1,"mode_change":"no","radar_mode_combination_1":"153,150","radar_mode_combination_2":null,"radar_mode_combination_3":null,"radar_mode_combination_4":null,"radar_mode_combination_5":null,"radar_mode_combination_6":null,"radar_mode_combination_7":null,"radar_mode_combination_8":null,"radar_mode_combination_9":null,"radar_mode_mnemonic_combination_1":"L:SCI:SV:05W+---:FS:B4:D09,L:SCI:SH:77M+---:HS:B4:D02","radar_mode_mnemonic_combination_2":null,"radar_mode_mnemonic_combination_3":null,"radar_mode_mnemonic_combination_4":null,"radar_mode_mnemonic_combination_5":null,"radar_mode_mnemonic_combination_6":null,"radar_mode_mnemonic_combination_7":null,"radar_mode_mnemonic_combination_8":null,"radar_mode_mnemonic_combination_9":null,"date_cycle_popup":"2025-09-26 | Cycle A\n2025-10-08 | Cycle A\n2025-10-20 | Cycle A\n2025-11-01 | Cycle A\n2025-11-13 | Cycle A\n2025-11-25 | Cycle A\n2025-12-07 | Cycle A\n2025-12-19 | Cycle A\n2025-12-31 | Cycle A\n2026-01-12 | Cycle A\n2026-01-24 | Cycle A\n2026-02-05 | Cycle A\n2026-02-17 | Cycle A\n2026-03-01 | Cycle A\n2026-03-13 | Cycle A\n2026-03-25 | Cycle A\n2026-04-06 | Cycle A\n2026-04-18 | Cycle A\n2026-04-30 | Cycle A\n2026-05-12 | Cycle A\n2026-05-24 | Cycle A\n2026-06-05 | Cycle A\n2026-06-17 | Cycle A\n2026-06-29 | Cycle A\n2026-07-11 | Cycle A\n2026-07-23 | Cycle A\n2026-08-04 | Cycle A\n2026-08-16 | Cycle A\n2026-08-28 | Cycle A\n2026-09-09 | Cycle A\n2026-09-21 | Cycle A\n2026-10-03 | Cycle A\n2026-10-15 | Cycle A\n2026-10-27 | Cycle A\n2026-11-08 | Cycle A\n2026-11-20 | Cycle A\n2026-12-02 | Cycle A\n2026-12-14 | Cycle A\n2026-12-26 | Cycle A","mixed_mode":"yes","l_band":"yes","ls_band":"no","s_band":"no","SH":1,"SV":1,"DH":0,"DV":0,"QP":0,"CP":0,"QD":0,"QQ":0,"bw_40":"no","bw_20":"no","bw_77":"yes","bw_max_5":"yes","visualization":"F1","Shape__Area":642410531311.50781,"Shape__Length":3207607.9391200827,"tracks":54,"frames":124}},{"type":"Feature","id":2145,"geometry":{"type":"Polygon","coordinates":[[[-140.719418958,-77.579684889],[-141.177220551,-77.027623552],[-136.252432231,-76.776628333],[-134.403261755,-76.65504534],[-131.416449382,-76.424799191],[-130.572569747,-76.956834579],[-129.663400015,-77.486276076],[-128.680668126,-78.012786379],[-127.614729173,-78.535968001],[-131.08908445,-78.802308994],[-133.261313302,-78.942910188],[-139.111987638,-79.231662557],[-139.692450643,-78.681799588],[-140.226206893,-78.131105657],[-140.719418958,-77.579684889]]]},"properties":{"fid":2145,"track":35,"frame":139,"dates":"2025-09-25, 2025-10-07, 2025-10-19, 2025-10-31, 2025-11-12, 2025-11-24, 2025-12-06, 2025-12-18, 2025-12-30, 2026-01-11, 2026-01-23, 2026-02-04, 2026-02-16, 2026-02-28, 2026-03-12, 2026-03-24, 2026-04-05, 2026-04-17, 2026-04-29, 2026-05-11, 2026-05-23, 2026-06-04, 2026-06-16, 2026-06-28, 2026-07-10, 2026-07-22, 2026-08-03, 2026-08-15, 2026-08-27, 2026-09-08, 2026-09-20, 2026-10-02, 2026-10-14, 2026-10-26, 2026-11-07, 2026-11-19, 2026-12-01, 2026-12-13, 2026-12-25","acquisition_time":"15:55:56","date_mode_popup":"2025-09-25 | 150\n2025-10-07 | 150\n2025-10-19 | 150\n2025-10-31 | 150\n2025-11-12 | 150\n2025-11-24 | 150\n2025-12-06 | 150\n2025-12-18 | 150\n2025-12-30 | 150\n2026-01-11 | 150\n2026-01-23 | 150\n2026-02-04 | 150\n2026-02-16 | 150\n2026-02-28 | 150\n2026-03-12 | 150\n2026-03-24 | 150\n2026-04-05 | 150\n2026-04-17 | 150\n2026-04-29 | 150\n2026-05-11 | 150\n2026-05-23 | 150\n2026-06-04 | 150\n2026-06-16 | 150\n2026-06-28 | 150\n2026-07-10 | 150\n2026-07-22 | 150\n2026-08-03 | 150\n2026-08-15 | 150\n2026-08-27 | 150\n2026-09-08 | 150\n2026-09-20 | 150\n2026-10-02 | 150\n2026-10-14 | 150\n2026-10-26 | 150\n2026-11-07 | 150\n2026-11-19 | 150\n2026-12-01 | 150\n2026-12-13 | 150\n2026-12-25 | 150","producerifg":1,"producerunw":1,"produceroff":1,"producegunw":1,"producegoff":1,"producerslc":1,"producegslc":1,"producegcov":1,"producesmst":0,"passdirection":"Ascending","unique_radar_mode_list":"150","unique_radar_mode_mnemonic_list":"L:SCI:SH:77M+---:HS:B4:D02","number_combos":1,"mode_change":"no","radar_mode_combination_1":"150","radar_mode_combination_2":null,"radar_mode_combination_3":null,"radar_mode_combination_4":null,"radar_mode_combination_5":null,"radar_mode_combination_6":null,"radar_mode_combination_7":null,"radar_mode_combination_8":null,"radar_mode_combination_9":null,"radar_mode_mnemonic_combination_1":"L:SCI:SH:77M+---:HS:B4:D02","radar_mode_mnemonic_combination_2":null,"radar_mode_mnemonic_combination_3":null,"radar_mode_mnemonic_combination_4":null,"radar_mode_mnemonic_combination_5":null,"radar_mode_mnemonic_combination_6":null,"radar_mode_mnemonic_combination_7":null,"radar_mode_mnemonic_combination_8":null,"radar_mode_mnemonic_combination_9":null,"date_cycle_popup":"2025-09-25 | Cycle A\n2025-10-07 | Cycle A\n2025-10-19 | Cycle A\n2025-10-31 | Cycle A\n2025-11-12 | Cycle A\n2025-11-24 | Cycle A\n2025-12-06 | Cycle A\n2025-12-18 | Cycle A\n2025-12-30 | Cycle A\n2026-01-11 | Cycle A\n2026-01-23 | Cycle A\n2026-02-04 | Cycle A\n2026-02-16 | Cycle A\n2026-02-28 | Cycle A\n2026-03-12 | Cycle A\n2026-03-24 | Cycle A\n2026-04-05 | Cycle A\n2026-04-17 | Cycle A\n2026-04-29 | Cycle A\n2026-05-11 | Cycle A\n2026-05-23 | Cycle A\n2026-06-04 | Cycle A\n2026-06-16 | Cycle A\n2026-06-28 | Cycle A\n2026-07-10 | Cycle A\n2026-07-22 | Cycle A\n2026-08-03 | Cycle A\n2026-08-15 | Cycle A\n2026-08-27 | Cycle A\n2026-09-08 | Cycle A\n2026-09-20 | Cycle A\n2026-10-02 | Cycle A\n2026-10-14 | Cycle A\n2026-10-26 | Cycle A\n2026-11-07 | Cycle A\n2026-11-19 | Cycle A\n2026-12-01 | Cycle A\n2026-12-13 | Cycle A\n2026-12-25 | Cycle A","mixed_mode":"no","l_band":"yes","ls_band":"no","s_band":"no","SH":1,"SV":0,"DH":0,"DV":0,"QP":0,"CP":0,"QD":0,"QQ":0,"bw_40":"no","bw_20":"no","bw_77":"yes","bw_max_5":"no","visualization":"F0","Shape__Area":1470944495295.4063,"Shape__Length":4854031.9978473065,"tracks":35,"frames":139}},{"type":"Feature","id":3359,"geometry":{"type":"Polygon","coordinates":[[[-107.855674679,-73.983165297],[-108.163411783,-73.428865683],[-108.456249666,-72.874263387],[-104.664325316,-72.664750585],[-103.224874072,-72.5649647229999],[-100.877049151,-72.3771989909999],[-100.35063393,-72.921221022],[-99.794534592,-73.464060689],[-99.205796661,-74.005603794],[-98.581072953,-74.545720257],[-101.233383355,-74.752995828],[-102.866453338,-74.862696257],[-107.188862002,-75.0907500979999],[-107.531436913,-74.5371366319999],[-107.855674679,-73.983165297]]]},"properties":{"fid":3359,"track":48,"frame":141,"dates":"2025-09-26, 2025-10-08, 2025-10-20, 2025-11-01, 2025-11-13, 2025-11-25, 2025-12-07, 2025-12-19, 2025-12-31, 2026-01-12, 2026-01-24, 2026-02-05, 2026-02-17, 2026-03-01, 2026-03-13, 2026-03-25, 2026-04-06, 2026-04-18, 2026-04-30, 2026-05-12, 2026-05-24, 2026-06-05, 2026-06-17, 2026-06-29, 2026-07-11, 2026-07-23, 2026-08-04, 2026-08-16, 2026-08-28, 2026-09-09, 2026-09-21, 2026-10-03, 2026-10-15, 2026-10-27, 2026-11-08, 2026-11-20, 2026-12-02, 2026-12-14, 2026-12-26","acquisition_time":"13:35:20","date_mode_popup":"2025-09-26 | 150\n2025-10-08 | 150\n2025-10-20 | 150\n2025-11-01 | 150\n2025-11-13 | 150\n2025-11-25 | 150\n2025-12-07 | 150\n2025-12-19 | 150\n2025-12-31 | 150\n2026-01-12 | 150\n2026-01-24 | 150\n2026-02-05 | 150\n2026-02-17 | 150\n2026-03-01 | 150\n2026-03-13 | 150\n2026-03-25 | 150\n2026-04-06 | 150\n2026-04-18 | 150\n2026-04-30 | 150\n2026-05-12 | 150\n2026-05-24 | 150\n2026-06-05 | 150\n2026-06-17 | 150\n2026-06-29 | 150\n2026-07-11 | 150\n2026-07-23 | 150\n2026-08-04 | 150\n2026-08-16 | 150\n2026-08-28 | 150\n2026-09-09 | 150\n2026-09-21 | 150\n2026-10-03 | 150\n2026-10-15 | 150\n2026-10-27 | 150\n2026-11-08 | 150\n2026-11-20 | 150\n2026-12-02 | 150\n2026-12-14 | 150\n2026-12-26 | 150","producerifg":1,"producerunw":1,"produceroff":1,"producegunw":1,"producegoff":1,"producerslc":1,"producegslc":1,"producegcov":1,"producesmst":0,"passdirection":"Ascending","unique_radar_mode_list":"150","unique_radar_mode_mnemonic_list":"L:SCI:SH:77M+---:HS:B4:D02","number_combos":1,"mode_change":"no","radar_mode_combination_1":"150","radar_mode_combination_2":null,"radar_mode_combination_3":null,"radar_mode_combination_4":null,"radar_mode_combination_5":null,"radar_mode_combination_6":null,"radar_mode_combination_7":null,"radar_mode_combination_8":null,"radar_mode_combination_9":null,"radar_mode_mnemonic_combination_1":"L:SCI:SH:77M+---:HS:B4:D02","radar_mode_mnemonic_combination_2":null,"radar_mode_mnemonic_combination_3":null,"radar_mode_mnemonic_combination_4":null,"radar_mode_mnemonic_combination_5":null,"radar_mode_mnemonic_combination_6":null,"radar_mode_mnemonic_combination_7":null,"radar_mode_mnemonic_combination_8":null,"radar_mode_mnemonic_combination_9":null,"date_cycle_popup":"2025-09-26 | Cycle A\n2025-10-08 | Cycle A\n2025-10-20 | Cycle A\n2025-11-01 | Cycle A\n2025-11-13 | Cycle A\n2025-11-25 | Cycle A\n2025-12-07 | Cycle A\n2025-12-19 | Cycle A\n2025-12-31 | Cycle A\n2026-01-12 | Cycle A\n2026-01-24 | Cycle A\n2026-02-05 | Cycle A\n2026-02-17 | Cycle A\n2026-03-01 | Cycle A\n2026-03-13 | Cycle A\n2026-03-25 | Cycle A\n2026-04-06 | Cycle A\n2026-04-18 | Cycle A\n2026-04-30 | Cycle A\n2026-05-12 | Cycle A\n2026-05-24 | Cycle A\n2026-06-05 | Cycle A\n2026-06-17 | Cycle A\n2026-06-29 | Cycle A\n2026-07-11 | Cycle A\n2026-07-23 | Cycle A\n2026-08-04 | Cycle A\n2026-08-16 | Cycle A\n2026-08-28 | Cycle A\n2026-09-09 | Cycle A\n2026-09-21 | Cycle A\n2026-10-03 | Cycle A\n2026-10-15 | Cycle A\n2026-10-27 | Cycle A\n2026-11-08 | Cycle A\n2026-11-20 | Cycle A\n2026-12-02 | Cycle A\n2026-12-14 | Cycle A\n2026-12-26 | Cycle A","mixed_mode":"no","l_band":"yes","ls_band":"no","s_band":"no","SH":1,"SV":0,"DH":0,"DV":0,"QP":0,"CP":0,"QD":0,"QQ":0,"bw_40":"no","bw_20":"no","bw_77":"yes","bw_max_5":"no","visualization":"F0","Shape__Area":829525876512.10156,"Shape__Length":3644413.0474418672,"tracks":48,"frames":141}},{"type":"Feature","id":10515,"geometry":{"type":"Polygon","coordinates":[[[-86.764129365,-76.601336493],[-87.188335276,-77.142813843],[-92.15469675,-76.8903657819999],[-94.018657318,-76.7680149939999],[-97.028181664,-76.536275453],[-96.246521732,-76.013064966],[-95.5160710119999,-75.487827357],[-94.831627057,-74.960769693],[-94.188647676,-74.432071526],[-91.554402475,-74.638140944],[-89.9328976209999,-74.747223096],[-85.6424108849999,-74.974101764],[-85.993979563,-75.516934092],[-86.3670201309999,-76.059359894],[-86.764129365,-76.601336493]]]},"properties":{"fid":10515,"track":126,"frame":126,"dates":"2025-10-01, 2025-10-13, 2025-10-25, 2025-11-06, 2025-11-18, 2025-11-30, 2025-12-12, 2025-12-24, 2026-01-05, 2026-01-17, 2026-01-29, 2026-02-10, 2026-02-22, 2026-03-06, 2026-03-18, 2026-03-30, 2026-04-11, 2026-04-23, 2026-05-05, 2026-05-17, 2026-05-29, 2026-06-10, 2026-06-22, 2026-07-04, 2026-07-16, 2026-07-28, 2026-08-09, 2026-08-21, 2026-09-02, 2026-09-14, 2026-09-26, 2026-10-08, 2026-10-20, 2026-11-01, 2026-11-13, 2026-11-25, 2026-12-07, 2026-12-19","acquisition_time":"23:17:52","date_mode_popup":"2025-10-01 | 246\n2025-10-13 | 246\n2025-10-25 | 246\n2025-11-06 | 246\n2025-11-18 | 246\n2025-11-30 | 246\n2025-12-12 | 246\n2025-12-24 | 246\n2026-01-05 | 246\n2026-01-17 | 246\n2026-01-29 | 220\n2026-02-10 | 220\n2026-02-22 | 246\n2026-03-06 | 246\n2026-03-18 | 246\n2026-03-30 | 246\n2026-04-11 | 246\n2026-04-23 | 246\n2026-05-05 | 246\n2026-05-17 | 246\n2026-05-29 | 246\n2026-06-10 | 246\n2026-06-22 | 246\n2026-07-04 | 246\n2026-07-16 | 246\n2026-07-28 | 220\n2026-08-09 | 220\n2026-08-21 | 246\n2026-09-02 | 246\n2026-09-14 | 246\n2026-09-26 | 246\n2026-10-08 | 246\n2026-10-20 | 246\n2026-11-01 | 246\n2026-11-13 | 246\n2026-11-25 | 246\n2026-12-07 | 246\n2026-12-19 | 246","producerifg":1,"producerunw":1,"produceroff":1,"producegunw":1,"producegoff":1,"producerslc":1,"producegslc":1,"producegcov":1,"producesmst":0,"passdirection":"Descending","unique_radar_mode_list":"220, 246","unique_radar_mode_mnemonic_list":"L:SCI:SH:77M+---:HS:B4:D02  S:--:SH:37W:B4, L:SCI:SH:77M+---:HS:B4:D02  S:DB:CP:25W:B4","number_combos":2,"mode_change":"yes","radar_mode_combination_1":"246","radar_mode_combination_2":"220","radar_mode_combination_3":null,"radar_mode_combination_4":null,"radar_mode_combination_5":null,"radar_mode_combination_6":null,"radar_mode_combination_7":null,"radar_mode_combination_8":null,"radar_mode_combination_9":null,"radar_mode_mnemonic_combination_1":"L:SCI:SH:77M+---:HS:B4:D02  S:--:SH:37W:B4","radar_mode_mnemonic_combination_2":"L:SCI:SH:77M+---:HS:B4:D02  S:DB:CP:25W:B4","radar_mode_mnemonic_combination_3":null,"radar_mode_mnemonic_combination_4":null,"radar_mode_mnemonic_combination_5":null,"radar_mode_mnemonic_combination_6":null,"radar_mode_mnemonic_combination_7":null,"radar_mode_mnemonic_combination_8":null,"radar_mode_mnemonic_combination_9":null,"date_cycle_popup":"2025-10-01 | Cycle A\n2025-10-13 | Cycle A\n2025-10-25 | Cycle A\n2025-11-06 | Cycle A\n2025-11-18 | Cycle A\n2025-11-30 | Cycle A\n2025-12-12 | Cycle A\n2025-12-24 | Cycle A\n2026-01-05 | Cycle A\n2026-01-17 | Cycle A\n2026-01-29 | Cycle B\n2026-02-10 | Cycle B\n2026-02-22 | Cycle A\n2026-03-06 | Cycle A\n2026-03-18 | Cycle A\n2026-03-30 | Cycle A\n2026-04-11 | Cycle A\n2026-04-23 | Cycle A\n2026-05-05 | Cycle A\n2026-05-17 | Cycle A\n2026-05-29 | Cycle A\n2026-06-10 | Cycle A\n2026-06-22 | Cycle A\n2026-07-04 | Cycle A\n2026-07-16 | Cycle A\n2026-07-28 | Cycle B\n2026-08-09 | Cycle B\n2026-08-21 | Cycle A\n2026-09-02 | Cycle A\n2026-09-14 | Cycle A\n2026-09-26 | Cycle A\n2026-10-08 | Cycle A\n2026-10-20 | Cycle A\n2026-11-01 | Cycle A\n2026-11-13 | Cycle A\n2026-11-25 | Cycle A\n2026-12-07 | Cycle A\n2026-12-19 | Cycle A","mixed_mode":"no","l_band":"yes","ls_band":"yes","s_band":"no","SH":1,"SV":0,"DH":0,"DV":0,"QP":0,"CP":0,"QD":0,"QQ":0,"bw_40":"no","bw_20":"no","bw_77":"yes","bw_max_5":"no","visualization":"S0","Shape__Area":1060606307448.6875,"Shape__Length":4121941.201580869,"tracks":126,"frames":126}},{"type":"Feature","id":1338,"geometry":{"type":"Polygon","coordinates":[[[-106.858418648,-71.905500183],[-107.122222688,-72.447996111],[-107.397997014,-72.990238877],[-111.213887822,-72.779988137],[-112.662157218,-72.6797927589999],[-115.023948611,-72.491207262],[-114.530368058,-71.95868382],[-114.060908691,-71.425193838],[-113.613582948,-70.890813076],[-113.1866113,-70.3556090559999],[-111.065450833,-70.5297000309999],[-109.768564511,-70.622653651],[-106.362648113,-70.81981217],[-106.60553723,-71.362767419],[-106.858418648,-71.905500183]]]},"properties":{"fid":1338,"track":26,"frame":124,"dates":"2025-09-25, 2025-10-07, 2025-10-19, 2025-10-31, 2025-11-12, 2025-11-24, 2025-12-06, 2025-12-18, 2025-12-30, 2026-01-11, 2026-01-23, 2026-02-04, 2026-02-16, 2026-02-28, 2026-03-12, 2026-03-24, 2026-04-05, 2026-04-17, 2026-04-29, 2026-05-11, 2026-05-23, 2026-06-04, 2026-06-16, 2026-06-28, 2026-07-10, 2026-07-22, 2026-08-03, 2026-08-15, 2026-08-27, 2026-09-08, 2026-09-20, 2026-10-02, 2026-10-14, 2026-10-26, 2026-11-07, 2026-11-19, 2026-12-01, 2026-12-13, 2026-12-25","acquisition_time":"00:47:12, 00:47:08, 00:47:56, 00:47:28","date_mode_popup":"2025-09-25 | 153\n2025-10-07 | 153\n2025-10-19 | 153\n2025-10-31 | 153\n2025-11-12 | 153\n2025-11-24 | 153\n2025-12-06 | 153\n2025-12-18 | 153\n2025-12-30 | 153\n2026-01-11 | 153\n2026-01-23 | 153\n2026-02-04 | 153\n2026-02-16 | 153\n2026-02-28 | 153\n2026-03-12 | 153\n2026-03-24 | 153\n2026-04-05 | 153\n2026-04-17 | 153\n2026-04-29 | 153\n2026-05-11 | 153\n2026-05-23 | 153\n2026-06-04 | 153\n2026-06-16 | 153\n2026-06-28 | 153\n2026-07-10 | 153\n2026-07-22 | 153\n2026-08-03 | 153\n2026-08-15 | 153\n2026-08-27 | 153\n2026-09-08 | 153\n2026-09-20 | 153\n2026-10-02 | 153\n2026-10-14 | 153\n2026-10-26 | 153\n2026-11-07 | 153\n2026-11-19 | 153\n2026-12-01 | 153\n2026-12-13 | 153\n2026-12-25 | 153","producerifg":0,"producerunw":0,"produceroff":0,"producegunw":0,"producegoff":0,"producerslc":1,"producegslc":1,"producegcov":1,"producesmst":0,"passdirection":"Descending","unique_radar_mode_list":"153","unique_radar_mode_mnemonic_list":"L:SCI:SV:05W+---:FS:B4:D09","number_combos":1,"mode_change":"no","radar_mode_combination_1":"153","radar_mode_combination_2":null,"radar_mode_combination_3":null,"radar_mode_combination_4":null,"radar_mode_combination_5":null,"radar_mode_combination_6":null,"radar_mode_combination_7":null,"radar_mode_combination_8":null,"radar_mode_combination_9":null,"radar_mode_mnemonic_combination_1":"L:SCI:SV:05W+---:FS:B4:D09","radar_mode_mnemonic_combination_2":null,"radar_mode_mnemonic_combination_3":null,"radar_mode_mnemonic_combination_4":null,"radar_mode_mnemonic_combination_5":null,"radar_mode_mnemonic_combination_6":null,"radar_mode_mnemonic_combination_7":null,"radar_mode_mnemonic_combination_8":null,"radar_mode_mnemonic_combination_9":null,"date_cycle_popup":"2025-09-25 | Cycle A\n2025-10-07 | Cycle A\n2025-10-19 | Cycle A\n2025-10-31 | Cycle A\n2025-11-12 | Cycle A\n2025-11-24 | Cycle A\n2025-12-06 | Cycle A\n2025-12-18 | Cycle A\n2025-12-30 | Cycle A\n2026-01-11 | Cycle A\n2026-01-23 | Cycle A\n2026-02-04 | Cycle A\n2026-02-16 | Cycle A\n2026-02-28 | Cycle A\n2026-03-12 | Cycle A\n2026-03-24 | Cycle A\n2026-04-05 | Cycle A\n2026-04-17 | Cycle A\n2026-04-29 | Cycle A\n2026-05-11 | Cycle A\n2026-05-23 | Cycle A\n2026-06-04 | Cycle A\n2026-06-16 | Cycle A\n2026-06-28 | Cycle A\n2026-07-10 | Cycle A\n2026-07-22 | Cycle A\n2026-08-03 | Cycle A\n2026-08-15 | Cycle A\n2026-08-27 | Cycle A\n2026-09-08 | Cycle A\n2026-09-20 | Cycle A\n2026-10-02 | Cycle A\n2026-10-14 | Cycle A\n2026-10-26 | Cycle A\n2026-11-07 | Cycle A\n2026-11-19 | Cycle A\n2026-12-01 | Cycle A\n2026-12-13 | Cycle A\n2026-12-25 | Cycle A","mixed_mode":"no","l_band":"yes","ls_band":"no","s_band":"no","SH":0,"SV":1,"DH":0,"DV":0,"QP":0,"CP":0,"QD":0,"QQ":0,"bw_40":"no","bw_20":"no","bw_77":"no","bw_max_5":"yes","visualization":"F0","Shape__Area":642334970581.03125,"Shape__Length":3207417.6690187897,"tracks":26,"frames":124}},{"type":"Feature","id":797,"geometry":{"type":"Polygon","coordinates":[[[-127.343091117,-76.059851575],[-127.716273513,-75.517402819],[-128.067972312,-74.974546909],[-123.777482652,-74.74758078],[-122.155989682,-74.638465391],[-119.521778975,-74.43234186],[-118.878635038,-74.96105637],[-118.194012762,-75.48812921],[-117.46336831,-76.013380722],[-116.681497348,-76.536603713],[-119.691018303,-76.7684082179999],[-121.554992766,-76.890798595],[-126.521450487,-77.1433493659999],[-126.945826746,-76.601850456],[-127.343091117,-76.059851575]]]},"properties":{"fid":797,"track":20,"frame":140,"dates":"2025-09-24, 2025-10-06, 2025-10-18, 2025-10-30, 2025-11-11, 2025-11-23, 2025-12-05, 2025-12-17, 2025-12-29, 2026-01-10, 2026-01-22, 2026-02-03, 2026-02-15, 2026-02-27, 2026-03-11, 2026-03-23, 2026-04-04, 2026-04-16, 2026-04-28, 2026-05-10, 2026-05-22, 2026-06-03, 2026-06-15, 2026-06-27, 2026-07-09, 2026-07-21, 2026-08-02, 2026-08-14, 2026-08-26, 2026-09-07, 2026-09-19, 2026-10-01, 2026-10-13, 2026-10-25, 2026-11-06, 2026-11-18, 2026-11-30, 2026-12-12, 2026-12-24","acquisition_time":"14:57:56, 14:57:52","date_mode_popup":"2025-09-24 | 150\n2025-10-06 | 150\n2025-10-18 | 150\n2025-10-30 | 150\n2025-11-11 | 150\n2025-11-23 | 150\n2025-12-05 | 150\n2025-12-17 | 150\n2025-12-29 | 150\n2026-01-10 | 150\n2026-01-22 | 150\n2026-02-03 | 150\n2026-02-15 | 150\n2026-02-27 | 246\n2026-03-11 | 246\n2026-03-23 | 150\n2026-04-04 | 150\n2026-04-16 | 150\n2026-04-28 | 150\n2026-05-10 | 150\n2026-05-22 | 150\n2026-06-03 | 150\n2026-06-15 | 150\n2026-06-27 | 150\n2026-07-09 | 150\n2026-07-21 | 150\n2026-08-02 | 150\n2026-08-14 | 150\n2026-08-26 | 246\n2026-09-07 | 246\n2026-09-19 | 150\n2026-10-01 | 150\n2026-10-13 | 150\n2026-10-25 | 150\n2026-11-06 | 150\n2026-11-18 | 150\n2026-11-30 | 150\n2026-12-12 | 150\n2026-12-24 | 150","producerifg":1,"producerunw":1,"produceroff":1,"producegunw":1,"producegoff":1,"producerslc":1,"producegslc":1,"producegcov":1,"producesmst":0,"passdirection":"Ascending","unique_radar_mode_list":"150, 246","unique_radar_mode_mnemonic_list":"L:SCI:SH:77M+---:HS:B4:D02, L:SCI:SH:77M+---:HS:B4:D02  S:--:SH:37W:B4","number_combos":2,"mode_change":"yes","radar_mode_combination_1":"150","radar_mode_combination_2":"246","radar_mode_combination_3":null,"radar_mode_combination_4":null,"radar_mode_combination_5":null,"radar_mode_combination_6":null,"radar_mode_combination_7":null,"radar_mode_combination_8":null,"radar_mode_combination_9":null,"radar_mode_mnemonic_combination_1":"L:SCI:SH:77M+---:HS:B4:D02","radar_mode_mnemonic_combination_2":"L:SCI:SH:77M+---:HS:B4:D02  S:--:SH:37W:B4","radar_mode_mnemonic_combination_3":null,"radar_mode_mnemonic_combination_4":null,"radar_mode_mnemonic_combination_5":null,"radar_mode_mnemonic_combination_6":null,"radar_mode_mnemonic_combination_7":null,"radar_mode_mnemonic_combination_8":null,"radar_mode_mnemonic_combination_9":null,"date_cycle_popup":"2025-09-24 | Cycle A\n2025-10-06 | Cycle A\n2025-10-18 | Cycle A\n2025-10-30 | Cycle A\n2025-11-11 | Cycle A\n2025-11-23 | Cycle A\n2025-12-05 | Cycle A\n2025-12-17 | Cycle A\n2025-12-29 | Cycle A\n2026-01-10 | Cycle A\n2026-01-22 | Cycle A\n2026-02-03 | Cycle A\n2026-02-15 | Cycle A\n2026-02-27 | Cycle B\n2026-03-11 | Cycle B\n2026-03-23 | Cycle A\n2026-04-04 | Cycle A\n2026-04-16 | Cycle A\n2026-04-28 | Cycle A\n2026-05-10 | Cycle A\n2026-05-22 | Cycle A\n2026-06-03 | Cycle A\n2026-06-15 | Cycle A\n2026-06-27 | Cycle A\n2026-07-09 | Cycle A\n2026-07-21 | Cycle A\n2026-08-02 | Cycle A\n2026-08-14 | Cycle A\n2026-08-26 | Cycle B\n2026-09-07 | Cycle B\n2026-09-19 | Cycle A\n2026-10-01 | Cycle A\n2026-10-13 | Cycle A\n2026-10-25 | Cycle A\n2026-11-06 | Cycle A\n2026-11-18 | Cycle A\n2026-11-30 | Cycle A\n2026-12-12 | Cycle A\n2026-12-24 | Cycle A","mixed_mode":"no","l_band":"yes","ls_band":"yes","s_band":"no","SH":1,"SV":0,"DH":0,"DV":0,"QP":0,"CP":0,"QD":0,"QQ":0,"bw_40":"no","bw_20":"no","bw_77":"yes","bw_max_5":"no","visualization":"S0","Shape__Area":1060715469209.6406,"Shape__Length":4122151.5689067743,"tracks":20,"frames":140}},{"type":"Feature","id":3994,"geometry":{"type":"Polygon","coordinates":[[[-115.096860245,-78.1296048469999],[-115.630001698,-78.6802330099999],[-116.209775665,-79.230032559],[-122.059450927,-78.941560345],[-124.23140539,-78.801072291],[-127.705434929,-78.5349220909999],[-126.64031758,-78.0117724039999],[-125.658327778,-77.485299395],[-124.749830566,-76.955899874],[-123.906562443,-76.423910592],[-120.919997938,-76.654001765],[-119.071021339,-76.775492996],[-114.146895771,-77.026260177],[-114.60419982,-77.578251891],[-115.096860245,-78.1296048469999]]]},"properties":{"fid":3994,"track":55,"frame":127,"dates":"2025-09-27, 2025-10-09, 2025-10-21, 2025-11-02, 2025-11-14, 2025-11-26, 2025-12-08, 2025-12-20, 2026-01-01, 2026-01-13, 2026-01-25, 2026-02-06, 2026-02-18, 2026-03-02, 2026-03-14, 2026-03-26, 2026-04-07, 2026-04-19, 2026-05-01, 2026-05-13, 2026-05-25, 2026-06-06, 2026-06-18, 2026-06-30, 2026-07-12, 2026-07-24, 2026-08-05, 2026-08-17, 2026-08-29, 2026-09-10, 2026-09-22, 2026-10-04, 2026-10-16, 2026-10-28, 2026-11-09, 2026-11-21, 2026-12-03, 2026-12-15, 2026-12-27","acquisition_time":"01:06:28","date_mode_popup":"2025-09-27 | 150\n2025-10-09 | 150\n2025-10-21 | 150\n2025-11-02 | 150\n2025-11-14 | 150\n2025-11-26 | 150\n2025-12-08 | 150\n2025-12-20 | 150\n2026-01-01 | 150\n2026-01-13 | 150\n2026-01-25 | 150\n2026-02-06 | 150\n2026-02-18 | 150\n2026-03-02 | 150\n2026-03-14 | 150\n2026-03-26 | 150\n2026-04-07 | 150\n2026-04-19 | 150\n2026-05-01 | 150\n2026-05-13 | 150\n2026-05-25 | 150\n2026-06-06 | 150\n2026-06-18 | 150\n2026-06-30 | 150\n2026-07-12 | 150\n2026-07-24 | 150\n2026-08-05 | 150\n2026-08-17 | 150\n2026-08-29 | 150\n2026-09-10 | 150\n2026-09-22 | 150\n2026-10-04 | 150\n2026-10-16 | 150\n2026-10-28 | 150\n2026-11-09 | 150\n2026-11-21 | 150\n2026-12-03 | 150\n2026-12-15 | 150\n2026-12-27 | 150","producerifg":1,"producerunw":1,"produceroff":1,"producegunw":1,"producegoff":1,"producerslc":1,"producegslc":1,"producegcov":1,"producesmst":0,"passdirection":"Descending","unique_radar_mode_list":"150","unique_radar_mode_mnemonic_list":"L:SCI:SH:77M+---:HS:B4:D02","number_combos":1,"mode_change":"no","radar_mode_combination_1":"150","radar_mode_combination_2":null,"radar_mode_combination_3":null,"radar_mode_combination_4":null,"radar_mode_combination_5":null,"radar_mode_combination_6":null,"radar_mode_combination_7":null,"radar_mode_combination_8":null,"radar_mode_combination_9":null,"radar_mode_mnemonic_combination_1":"L:SCI:SH:77M+---:HS:B4:D02","radar_mode_mnemonic_combination_2":null,"radar_mode_mnemonic_combination_3":null,"radar_mode_mnemonic_combination_4":null,"radar_mode_mnemonic_combination_5":null,"radar_mode_mnemonic_combination_6":null,"radar_mode_mnemonic_combination_7":null,"radar_mode_mnemonic_combination_8":null,"radar_mode_mnemonic_combination_9":null,"date_cycle_popup":"2025-09-27 | Cycle A\n2025-10-09 | Cycle A\n2025-10-21 | Cycle A\n2025-11-02 | Cycle A\n2025-11-14 | Cycle A\n2025-11-26 | Cycle A\n2025-12-08 | Cycle A\n2025-12-20 | Cycle A\n2026-01-01 | Cycle A\n2026-01-13 | Cycle A\n2026-01-25 | Cycle A\n2026-02-06 | Cycle A\n2026-02-18 | Cycle A\n2026-03-02 | Cycle A\n2026-03-14 | Cycle A\n2026-03-26 | Cycle A\n2026-04-07 | Cycle A\n2026-04-19 | Cycle A\n2026-05-01 | Cycle A\n2026-05-13 | Cycle A\n2026-05-25 | Cycle A\n2026-06-06 | Cycle A\n2026-06-18 | Cycle A\n2026-06-30 | Cycle A\n2026-07-12 | Cycle A\n2026-07-24 | Cycle A\n2026-08-05 | Cycle A\n2026-08-17 | Cycle A\n2026-08-29 | Cycle A\n2026-09-10 | Cycle A\n2026-09-22 | Cycle A\n2026-10-04 | Cycle A\n2026-10-16 | Cycle A\n2026-10-28 | Cycle A\n2026-11-09 | Cycle A\n2026-11-21 | Cycle A\n2026-12-03 | Cycle A\n2026-12-15 | Cycle A\n2026-12-27 | Cycle A","mixed_mode":"no","l_band":"yes","ls_band":"no","s_band":"no","SH":1,"SV":0,"DH":0,"DV":0,"QP":0,"CP":0,"QD":0,"QQ":0,"bw_40":"no","bw_20":"no","bw_77":"yes","bw_max_5":"no","visualization":"F0","Shape__Area":1470290299505.7031,"Shape__Length":4852952.87210948,"tracks":55,"frames":127}},{"type":"Feature","id":7389,"geometry":{"type":"Polygon","coordinates":[[[-123.584753477,-78.130727258],[-124.077649215,-77.579324796],[-124.535162823,-77.027282591],[-119.610084466,-76.776375715],[-117.760791681,-76.654823573],[-114.773767256,-76.4246244409999],[-113.9301471,-76.9566492449999],[-113.021260483,-77.486081764],[-112.038838386,-78.01258493],[-110.973239403,-78.5357615309999],[-114.44786891,-78.802044796],[-116.620251942,-78.9426078819999],[-122.471270379,-79.231250612],[-123.051346283,-78.68140385],[-123.584753477,-78.130727258]]]},"properties":{"fid":7389,"track":92,"frame":139,"dates":"2025-09-29, 2025-10-11, 2025-10-23, 2025-11-04, 2025-11-16, 2025-11-28, 2025-12-10, 2025-12-22, 2026-01-03, 2026-01-15, 2026-01-27, 2026-02-08, 2026-02-20, 2026-03-04, 2026-03-16, 2026-03-28, 2026-04-09, 2026-04-21, 2026-05-03, 2026-05-15, 2026-05-27, 2026-06-08, 2026-06-20, 2026-07-02, 2026-07-14, 2026-07-26, 2026-08-07, 2026-08-19, 2026-08-31, 2026-09-12, 2026-09-24, 2026-10-06, 2026-10-18, 2026-10-30, 2026-11-11, 2026-11-23, 2026-12-05, 2026-12-17, 2026-12-29","acquisition_time":"14:49:48","date_mode_popup":"2025-09-29 | 150\n2025-10-11 | 150\n2025-10-23 | 150\n2025-11-04 | 150\n2025-11-16 | 150\n2025-11-28 | 150\n2025-12-10 | 150\n2025-12-22 | 150\n2026-01-03 | 150\n2026-01-15 | 150\n2026-01-27 | 150\n2026-02-08 | 150\n2026-02-20 | 150\n2026-03-04 | 150\n2026-03-16 | 150\n2026-03-28 | 150\n2026-04-09 | 150\n2026-04-21 | 150\n2026-05-03 | 150\n2026-05-15 | 150\n2026-05-27 | 150\n2026-06-08 | 150\n2026-06-20 | 150\n2026-07-02 | 150\n2026-07-14 | 150\n2026-07-26 | 150\n2026-08-07 | 150\n2026-08-19 | 150\n2026-08-31 | 150\n2026-09-12 | 150\n2026-09-24 | 150\n2026-10-06 | 150\n2026-10-18 | 150\n2026-10-30 | 150\n2026-11-11 | 150\n2026-11-23 | 150\n2026-12-05 | 150\n2026-12-17 | 150\n2026-12-29 | 150","producerifg":1,"producerunw":1,"produceroff":1,"producegunw":1,"producegoff":1,"producerslc":1,"producegslc":1,"producegcov":1,"producesmst":0,"passdirection":"Ascending","unique_radar_mode_list":"150","unique_radar_mode_mnemonic_list":"L:SCI:SH:77M+---:HS:B4:D02","number_combos":1,"mode_change":"no","radar_mode_combination_1":"150","radar_mode_combination_2":null,"radar_mode_combination_3":null,"radar_mode_combination_4":null,"radar_mode_combination_5":null,"radar_mode_combination_6":null,"radar_mode_combination_7":null,"radar_mode_combination_8":null,"radar_mode_combination_9":null,"radar_mode_mnemonic_combination_1":"L:SCI:SH:77M+---:HS:B4:D02","radar_mode_mnemonic_combination_2":null,"radar_mode_mnemonic_combination_3":null,"radar_mode_mnemonic_combination_4":null,"radar_mode_mnemonic_combination_5":null,"radar_mode_mnemonic_combination_6":null,"radar_mode_mnemonic_combination_7":null,"radar_mode_mnemonic_combination_8":null,"radar_mode_mnemonic_combination_9":null,"date_cycle_popup":"2025-09-29 | Cycle A\n2025-10-11 | Cycle A\n2025-10-23 | Cycle A\n2025-11-04 | Cycle A\n2025-11-16 | Cycle A\n2025-11-28 | Cycle A\n2025-12-10 | Cycle A\n2025-12-22 | Cycle A\n2026-01-03 | Cycle A\n2026-01-15 | Cycle A\n2026-01-27 | Cycle A\n2026-02-08 | Cycle A\n2026-02-20 | Cycle A\n2026-03-04 | Cycle A\n2026-03-16 | Cycle A\n2026-03-28 | Cycle A\n2026-04-09 | Cycle A\n2026-04-21 | Cycle A\n2026-05-03 | Cycle A\n2026-05-15 | Cycle A\n2026-05-27 | Cycle A\n2026-06-08 | Cycle A\n2026-06-20 | Cycle A\n2026-07-02 | Cycle A\n2026-07-14 | Cycle A\n2026-07-26 | Cycle A\n2026-08-07 | Cycle A\n2026-08-19 | Cycle A\n2026-08-31 | Cycle A\n2026-09-12 | Cycle A\n2026-09-24 | Cycle A\n2026-10-06 | Cycle A\n2026-10-18 | Cycle A\n2026-10-30 | Cycle A\n2026-11-11 | Cycle A\n2026-11-23 | Cycle A\n2026-12-05 | Cycle A\n2026-12-17 | Cycle A\n2026-12-29 | Cycle A","mixed_mode":"no","l_band":"yes","ls_band":"no","s_band":"no","SH":1,"SV":0,"DH":0,"DV":0,"QP":0,"CP":0,"QD":0,"QQ":0,"bw_40":"no","bw_20":"no","bw_77":"yes","bw_max_5":"no","visualization":"F0","Shape__Area":1470885505249.4219,"Shape__Length":4853938.3882138152,"tracks":92,"frames":139}},{"type":"Feature","id":13981,"geometry":{"type":"Polygon","coordinates":[[[-125.834400339,-71.363437641],[-126.07736486,-70.820460584],[-122.671104421,-70.623204071],[-121.374100623,-70.530210006],[-119.252764123,-70.356049276],[-118.825668384,-70.891269211],[-118.37821059,-71.425665051],[-117.90861043,-71.95916924],[-117.414879483,-72.4917059589999],[-119.776902821,-72.680370667],[-121.225328369,-72.780611672],[-125.041680443,-72.990971579],[-125.317547731,-72.448708486],[-125.581438261,-71.906191725],[-125.834400339,-71.363437641]]]},"properties":{"fid":13981,"track":164,"frame":142,"dates":"2025-10-04, 2025-10-16, 2025-10-28, 2025-11-09, 2025-11-21, 2025-12-03, 2025-12-15, 2025-12-27, 2026-01-08, 2026-01-20, 2026-02-01, 2026-02-13, 2026-02-25, 2026-03-09, 2026-03-21, 2026-04-02, 2026-04-14, 2026-04-26, 2026-05-08, 2026-05-20, 2026-06-01, 2026-06-13, 2026-06-25, 2026-07-07, 2026-07-19, 2026-07-31, 2026-08-12, 2026-08-24, 2026-09-05, 2026-09-17, 2026-09-29, 2026-10-11, 2026-10-23, 2026-11-04, 2026-11-16, 2026-11-28, 2026-12-10, 2026-12-22","acquisition_time":"14:43:08","date_mode_popup":"2025-10-04 | 153\n2025-10-16 | 153\n2025-10-28 | 153\n2025-11-09 | 153\n2025-11-21 | 153\n2025-12-03 | 153\n2025-12-15 | 153\n2025-12-27 | 153\n2026-01-08 | 153\n2026-01-20 | 153\n2026-02-01 | 153\n2026-02-13 | 153\n2026-02-25 | 153\n2026-03-09 | 153\n2026-03-21 | 153\n2026-04-02 | 153\n2026-04-14 | 153\n2026-04-26 | 153\n2026-05-08 | 153\n2026-05-20 | 153\n2026-06-01 | 153\n2026-06-13 | 153\n2026-06-25 | 153\n2026-07-07 | 153\n2026-07-19 | 153\n2026-07-31 | 153\n2026-08-12 | 153\n2026-08-24 | 153\n2026-09-05 | 153\n2026-09-17 | 153\n2026-09-29 | 153\n2026-10-11 | 153\n2026-10-23 | 153\n2026-11-04 | 153\n2026-11-16 | 153\n2026-11-28 | 153\n2026-12-10 | 153\n2026-12-22 | 153","producerifg":0,"producerunw":0,"produceroff":0,"producegunw":0,"producegoff":0,"producerslc":1,"producegslc":1,"producegcov":1,"producesmst":0,"passdirection":"Ascending","unique_radar_mode_list":"153","unique_radar_mode_mnemonic_list":"L:SCI:SV:05W+---:FS:B4:D09","number_combos":1,"mode_change":"no","radar_mode_combination_1":"153","radar_mode_combination_2":null,"radar_mode_combination_3":null,"radar_mode_combination_4":null,"radar_mode_combination_5":null,"radar_mode_combination_6":null,"radar_mode_combination_7":null,"radar_mode_combination_8":null,"radar_mode_combination_9":null,"radar_mode_mnemonic_combination_1":"L:SCI:SV:05W+---:FS:B4:D09","radar_mode_mnemonic_combination_2":null,"radar_mode_mnemonic_combination_3":null,"radar_mode_mnemonic_combination_4":null,"radar_mode_mnemonic_combination_5":null,"radar_mode_mnemonic_combination_6":null,"radar_mode_mnemonic_combination_7":null,"radar_mode_mnemonic_combination_8":null,"radar_mode_mnemonic_combination_9":null,"date_cycle_popup":"2025-10-04 | Cycle A\n2025-10-16 | Cycle A\n2025-10-28 | Cycle A\n2025-11-09 | Cycle A\n2025-11-21 | Cycle A\n2025-12-03 | Cycle A\n2025-12-15 | Cycle A\n2025-12-27 | Cycle A\n2026-01-08 | Cycle A\n2026-01-20 | Cycle A\n2026-02-01 | Cycle A\n2026-02-13 | Cycle A\n2026-02-25 | Cycle A\n2026-03-09 | Cycle A\n2026-03-21 | Cycle A\n2026-04-02 | Cycle A\n2026-04-14 | Cycle A\n2026-04-26 | Cycle A\n2026-05-08 | Cycle A\n2026-05-20 | Cycle A\n2026-06-01 | Cycle A\n2026-06-13 | Cycle A\n2026-06-25 | Cycle A\n2026-07-07 | Cycle A\n2026-07-19 | Cycle A\n2026-07-31 | Cycle A\n2026-08-12 | Cycle A\n2026-08-24 | Cycle A\n2026-09-05 | Cycle A\n2026-09-17 | Cycle A\n2026-09-29 | Cycle A\n2026-10-11 | Cycle A\n2026-10-23 | Cycle A\n2026-11-04 | Cycle A\n2026-11-16 | Cycle A\n2026-11-28 | Cycle A\n2026-12-10 | Cycle A\n2026-12-22 | Cycle A","mixed_mode":"no","l_band":"yes","ls_band":"no","s_band":"no","SH":0,"SV":1,"DH":0,"DV":0,"QP":0,"CP":0,"QD":0,"QQ":0,"bw_40":"no","bw_20":"no","bw_77":"no","bw_max_5":"yes","visualization":"F0","Shape__Area":642460136206.9375,"Shape__Length":3207732.3888161341,"tracks":164,"frames":142}},{"type":"Feature","id":87,"geometry":{"type":"Polygon","coordinates":[[[-128.306267019,-78.9416422629999],[-130.47805069,-78.801136194],[-133.951798157,-78.534961299],[-132.886509325,-78.0118114649999],[-131.904362516,-77.485337198],[-130.995721189,-76.955935444],[-130.152320446,-76.423943069],[-127.165982715,-76.654054252],[-125.317144254,-76.77556005],[-120.393375526,-77.026373956],[-120.850845528,-77.578373025],[-121.343687803,-78.129732824],[-121.877029393,-78.680367241],[-122.45702466,-79.230172365],[-128.306267019,-78.9416422629999]]]},"properties":{"fid":87,"track":12,"frame":127,"dates":"2025-09-24, 2025-10-06, 2025-10-18, 2025-10-30, 2025-11-11, 2025-11-23, 2025-12-05, 2025-12-17, 2025-12-29, 2026-01-10, 2026-01-22, 2026-02-03, 2026-02-15, 2026-02-27, 2026-03-11, 2026-03-23, 2026-04-04, 2026-04-16, 2026-04-28, 2026-05-10, 2026-05-22, 2026-06-03, 2026-06-15, 2026-06-27, 2026-07-09, 2026-07-21, 2026-08-02, 2026-08-14, 2026-08-26, 2026-09-07, 2026-09-19, 2026-10-01, 2026-10-13, 2026-10-25, 2026-11-06, 2026-11-18, 2026-11-30, 2026-12-12, 2026-12-24","acquisition_time":"01:31:20","date_mode_popup":"2025-09-24 | 246\n2025-10-06 | 246\n2025-10-18 | 246\n2025-10-30 | 246\n2025-11-11 | 246\n2025-11-23 | 246\n2025-12-05 | 246\n2025-12-17 | 246\n2025-12-29 | 246\n2026-01-10 | 246\n2026-01-22 | 246\n2026-02-03 | 220\n2026-02-15 | 220\n2026-02-27 | 246\n2026-03-11 | 246\n2026-03-23 | 246\n2026-04-04 | 246\n2026-04-16 | 246\n2026-04-28 | 246\n2026-05-10 | 246\n2026-05-22 | 246\n2026-06-03 | 246\n2026-06-15 | 246\n2026-06-27 | 246\n2026-07-09 | 246\n2026-07-21 | 246\n2026-08-02 | 220\n2026-08-14 | 220\n2026-08-26 | 246\n2026-09-07 | 246\n2026-09-19 | 246\n2026-10-01 | 246\n2026-10-13 | 246\n2026-10-25 | 246\n2026-11-06 | 246\n2026-11-18 | 246\n2026-11-30 | 246\n2026-12-12 | 246\n2026-12-24 | 246","producerifg":1,"producerunw":1,"produceroff":1,"producegunw":1,"producegoff":1,"producerslc":1,"producegslc":1,"producegcov":1,"producesmst":0,"passdirection":"Descending","unique_radar_mode_list":"220, 246","unique_radar_mode_mnemonic_list":"L:SCI:SH:77M+---:HS:B4:D02  S:--:SH:37W:B4, L:SCI:SH:77M+---:HS:B4:D02  S:DB:CP:25W:B4","number_combos":2,"mode_change":"yes","radar_mode_combination_1":"246","radar_mode_combination_2":"220","radar_mode_combination_3":null,"radar_mode_combination_4":null,"radar_mode_combination_5":null,"radar_mode_combination_6":null,"radar_mode_combination_7":null,"radar_mode_combination_8":null,"radar_mode_combination_9":null,"radar_mode_mnemonic_combination_1":"L:SCI:SH:77M+---:HS:B4:D02  S:--:SH:37W:B4","radar_mode_mnemonic_combination_2":"L:SCI:SH:77M+---:HS:B4:D02  S:DB:CP:25W:B4","radar_mode_mnemonic_combination_3":null,"radar_mode_mnemonic_combination_4":null,"radar_mode_mnemonic_combination_5":null,"radar_mode_mnemonic_combination_6":null,"radar_mode_mnemonic_combination_7":null,"radar_mode_mnemonic_combination_8":null,"radar_mode_mnemonic_combination_9":null,"date_cycle_popup":"2025-09-24 | Cycle A\n2025-10-06 | Cycle A\n2025-10-18 | Cycle A\n2025-10-30 | Cycle A\n2025-11-11 | Cycle A\n2025-11-23 | Cycle A\n2025-12-05 | Cycle A\n2025-12-17 | Cycle A\n2025-12-29 | Cycle A\n2026-01-10 | Cycle A\n2026-01-22 | Cycle A\n2026-02-03 | Cycle B\n2026-02-15 | Cycle B\n2026-02-27 | Cycle A\n2026-03-11 | Cycle A\n2026-03-23 | Cycle A\n2026-04-04 | Cycle A\n2026-04-16 | Cycle A\n2026-04-28 | Cycle A\n2026-05-10 | Cycle A\n2026-05-22 | Cycle A\n2026-06-03 | Cycle A\n2026-06-15 | Cycle A\n2026-06-27 | Cycle A\n2026-07-09 | Cycle A\n2026-07-21 | Cycle A\n2026-08-02 | Cycle B\n2026-08-14 | Cycle B\n2026-08-26 | Cycle A\n2026-09-07 | Cycle A\n2026-09-19 | Cycle A\n2026-10-01 | Cycle A\n2026-10-13 | Cycle A\n2026-10-25 | Cycle A\n2026-11-06 | Cycle A\n2026-11-18 | Cycle A\n2026-11-30 | Cycle A\n2026-12-12 | Cycle A\n2026-12-24 | Cycle A","mixed_mode":"no","l_band":"yes","ls_band":"yes","s_band":"no","SH":1,"SV":0,"DH":0,"DV":0,"QP":0,"CP":0,"QD":0,"QQ":0,"bw_40":"no","bw_20":"no","bw_77":"yes","bw_max_5":"no","visualization":"S0","Shape__Area":1470249620182.9375,"Shape__Length":4852882.7742280113,"tracks":12,"frames":127}},{"type":"Feature","id":15284,"geometry":{"type":"Polygon","coordinates":[[[-111.104187246,-78.1304659859999],[-111.596851867,-77.5790760849999],[-112.054154897,-77.027047189],[-107.128728327,-76.776212106],[-105.27929552,-76.654684076],[-102.292035374,-76.424520484],[-101.448603766,-76.956538482],[-100.53992243,-77.485965497],[-99.5577244899999,-78.012464603],[-98.492370918,-78.535638803],[-101.96728346,-78.8018784289999],[-104.139831266,-78.942411936],[-109.991241352,-79.230966827],[-110.57103489,-78.681130841],[-111.104187246,-78.1304659859999]]]},"properties":{"fid":15284,"track":5,"frame":139,"dates":"2025-10-05, 2025-10-17, 2025-10-29, 2025-11-10, 2025-11-22, 2025-12-04, 2025-12-16, 2025-12-28, 2026-01-09, 2026-01-21, 2026-02-02, 2026-02-14, 2026-02-26, 2026-03-10, 2026-03-22, 2026-04-03, 2026-04-15, 2026-04-27, 2026-05-09, 2026-05-21, 2026-06-02, 2026-06-14, 2026-06-26, 2026-07-08, 2026-07-20, 2026-08-01, 2026-08-13, 2026-08-25, 2026-09-06, 2026-09-18, 2026-09-30, 2026-10-12, 2026-10-24, 2026-11-05, 2026-11-17, 2026-11-29, 2026-12-11, 2026-12-23","acquisition_time":"14:00:00","date_mode_popup":"2025-10-05 | 151\n2025-10-17 | 151\n2025-10-29 | 151\n2025-11-10 | 151\n2025-11-22 | 151\n2025-12-04 | 151\n2025-12-16 | 151\n2025-12-28 | 151\n2026-01-09 | 151\n2026-01-21 | 151\n2026-02-02 | 151\n2026-02-14 | 151\n2026-02-26 | 151\n2026-03-10 | 151\n2026-03-22 | 151\n2026-04-03 | 151\n2026-04-15 | 151\n2026-04-27 | 151\n2026-05-09 | 151\n2026-05-21 | 151\n2026-06-02 | 151\n2026-06-14 | 151\n2026-06-26 | 151\n2026-07-08 | 151\n2026-07-20 | 151\n2026-08-01 | 151\n2026-08-13 | 151\n2026-08-25 | 151\n2026-09-06 | 151\n2026-09-18 | 151\n2026-09-30 | 151\n2026-10-12 | 151\n2026-10-24 | 151\n2026-11-05 | 151\n2026-11-17 | 151\n2026-11-29 | 151\n2026-12-11 | 151\n2026-12-23 | 151","producerifg":1,"producerunw":1,"produceroff":1,"producegunw":1,"producegoff":1,"producerslc":1,"producegslc":1,"producegcov":1,"producesmst":0,"passdirection":"Ascending","unique_radar_mode_list":"151","unique_radar_mode_mnemonic_list":"L:SCI:SH:40M+05N:FS:B4:D02","number_combos":1,"mode_change":"no","radar_mode_combination_1":"151","radar_mode_combination_2":null,"radar_mode_combination_3":null,"radar_mode_combination_4":null,"radar_mode_combination_5":null,"radar_mode_combination_6":null,"radar_mode_combination_7":null,"radar_mode_combination_8":null,"radar_mode_combination_9":null,"radar_mode_mnemonic_combination_1":"L:SCI:SH:40M+05N:FS:B4:D02","radar_mode_mnemonic_combination_2":null,"radar_mode_mnemonic_combination_3":null,"radar_mode_mnemonic_combination_4":null,"radar_mode_mnemonic_combination_5":null,"radar_mode_mnemonic_combination_6":null,"radar_mode_mnemonic_combination_7":null,"radar_mode_mnemonic_combination_8":null,"radar_mode_mnemonic_combination_9":null,"date_cycle_popup":"2025-10-05 | Cycle A\n2025-10-17 | Cycle A\n2025-10-29 | Cycle A\n2025-11-10 | Cycle A\n2025-11-22 | Cycle A\n2025-12-04 | Cycle A\n2025-12-16 | Cycle A\n2025-12-28 | Cycle A\n2026-01-09 | Cycle A\n2026-01-21 | Cycle A\n2026-02-02 | Cycle A\n2026-02-14 | Cycle A\n2026-02-26 | Cycle A\n2026-03-10 | Cycle A\n2026-03-22 | Cycle A\n2026-04-03 | Cycle A\n2026-04-15 | Cycle A\n2026-04-27 | Cycle A\n2026-05-09 | Cycle A\n2026-05-21 | Cycle A\n2026-06-02 | Cycle A\n2026-06-14 | Cycle A\n2026-06-26 | Cycle A\n2026-07-08 | Cycle A\n2026-07-20 | Cycle A\n2026-08-01 | Cycle A\n2026-08-13 | Cycle A\n2026-08-25 | Cycle A\n2026-09-06 | Cycle A\n2026-09-18 | Cycle A\n2026-09-30 | Cycle A\n2026-10-12 | Cycle A\n2026-10-24 | Cycle A\n2026-11-05 | Cycle A\n2026-11-17 | Cycle A\n2026-11-29 | Cycle A\n2026-12-11 | Cycle A\n2026-12-23 | Cycle A","mixed_mode":"no","l_band":"yes","ls_band":"no","s_band":"no","SH":1,"SV":0,"DH":0,"DV":0,"QP":0,"CP":0,"QD":0,"QQ":0,"bw_40":"yes","bw_20":"no","bw_77":"no","bw_max_5":"no","visualization":"F0","Shape__Area":1470880584747.875,"Shape__Length":4853933.3384004533,"tracks":5,"frames":139}},{"type":"Feature","id":12742,"geometry":{"type":"Polygon","coordinates":[[[-133.956728136,-75.5175146679999],[-134.30852632,-74.97465662],[-130.018220206,-74.7476569199999],[-128.396799001,-74.63853038],[-125.76270737,-74.432390561],[-125.119482485,-74.961104564],[-124.434773441,-75.488176486],[-123.704035767,-76.013426637],[-122.922064473,-76.536647748],[-125.931436884,-76.768471508],[-127.795322393,-76.890875161],[-132.761556231,-77.1434661869999],[-133.186058278,-76.601965894],[-133.583438574,-76.0599653359999],[-133.956728136,-75.5175146679999]]]},"properties":{"fid":12742,"track":150,"frame":140,"dates":"2025-10-03, 2025-10-15, 2025-10-27, 2025-11-08, 2025-11-20, 2025-12-02, 2025-12-14, 2025-12-26, 2026-01-07, 2026-01-19, 2026-01-31, 2026-02-12, 2026-02-24, 2026-03-08, 2026-03-20, 2026-04-01, 2026-04-13, 2026-04-25, 2026-05-07, 2026-05-19, 2026-05-31, 2026-06-12, 2026-06-24, 2026-07-06, 2026-07-18, 2026-07-30, 2026-08-11, 2026-08-23, 2026-09-04, 2026-09-16, 2026-09-28, 2026-10-10, 2026-10-22, 2026-11-03, 2026-11-15, 2026-11-27, 2026-12-09, 2026-12-21","acquisition_time":"15:22:44","date_mode_popup":"2025-10-03 | 150\n2025-10-15 | 150\n2025-10-27 | 150\n2025-11-08 | 150\n2025-11-20 | 150\n2025-12-02 | 150\n2025-12-14 | 150\n2025-12-26 | 150\n2026-01-07 | 150\n2026-01-19 | 150\n2026-01-31 | 150\n2026-02-12 | 150\n2026-02-24 | 246\n2026-03-08 | 246\n2026-03-20 | 150\n2026-04-01 | 150\n2026-04-13 | 150\n2026-04-25 | 150\n2026-05-07 | 150\n2026-05-19 | 150\n2026-05-31 | 150\n2026-06-12 | 150\n2026-06-24 | 150\n2026-07-06 | 150\n2026-07-18 | 150\n2026-07-30 | 150\n2026-08-11 | 150\n2026-08-23 | 246\n2026-09-04 | 246\n2026-09-16 | 150\n2026-09-28 | 150\n2026-10-10 | 150\n2026-10-22 | 150\n2026-11-03 | 150\n2026-11-15 | 150\n2026-11-27 | 150\n2026-12-09 | 150\n2026-12-21 | 150","producerifg":1,"producerunw":1,"produceroff":1,"producegunw":1,"producegoff":1,"producerslc":1,"producegslc":1,"producegcov":1,"producesmst":0,"passdirection":"Ascending","unique_radar_mode_list":"150, 246","unique_radar_mode_mnemonic_list":"L:SCI:SH:77M+---:HS:B4:D02, L:SCI:SH:77M+---:HS:B4:D02  S:--:SH:37W:B4","number_combos":2,"mode_change":"yes","radar_mode_combination_1":"150","radar_mode_combination_2":"246","radar_mode_combination_3":null,"radar_mode_combination_4":null,"radar_mode_combination_5":null,"radar_mode_combination_6":null,"radar_mode_combination_7":null,"radar_mode_combination_8":null,"radar_mode_combination_9":null,"radar_mode_mnemonic_combination_1":"L:SCI:SH:77M+---:HS:B4:D02","radar_mode_mnemonic_combination_2":"L:SCI:SH:77M+---:HS:B4:D02  S:--:SH:37W:B4","radar_mode_mnemonic_combination_3":null,"radar_mode_mnemonic_combination_4":null,"radar_mode_mnemonic_combination_5":null,"radar_mode_mnemonic_combination_6":null,"radar_mode_mnemonic_combination_7":null,"radar_mode_mnemonic_combination_8":null,"radar_mode_mnemonic_combination_9":null,"date_cycle_popup":"2025-10-03 | Cycle A\n2025-10-15 | Cycle A\n2025-10-27 | Cycle A\n2025-11-08 | Cycle A\n2025-11-20 | Cycle A\n2025-12-02 | Cycle A\n2025-12-14 | Cycle A\n2025-12-26 | Cycle A\n2026-01-07 | Cycle A\n2026-01-19 | Cycle A\n2026-01-31 | Cycle A\n2026-02-12 | Cycle A\n2026-02-24 | Cycle B\n2026-03-08 | Cycle B\n2026-03-20 | Cycle A\n2026-04-01 | Cycle A\n2026-04-13 | Cycle A\n2026-04-25 | Cycle A\n2026-05-07 | Cycle A\n2026-05-19 | Cycle A\n2026-05-31 | Cycle A\n2026-06-12 | Cycle A\n2026-06-24 | Cycle A\n2026-07-06 | Cycle A\n2026-07-18 | Cycle A\n2026-07-30 | Cycle A\n2026-08-11 | Cycle A\n2026-08-23 | Cycle B\n2026-09-04 | Cycle B\n2026-09-16 | Cycle A\n2026-09-28 | Cycle A\n2026-10-10 | Cycle A\n2026-10-22 | Cycle A\n2026-11-03 | Cycle A\n2026-11-15 | Cycle A\n2026-11-27 | Cycle A\n2026-12-09 | Cycle A\n2026-12-21 | Cycle A","mixed_mode":"no","l_band":"yes","ls_band":"yes","s_band":"no","SH":1,"SV":0,"DH":0,"DV":0,"QP":0,"CP":0,"QD":0,"QQ":0,"bw_40":"no","bw_20":"no","bw_77":"yes","bw_max_5":"no","visualization":"S0","Shape__Area":1060695713258.8906,"Shape__Length":4122110.6267445851,"tracks":150,"frames":140}},{"type":"Feature","id":1973,"geometry":{"type":"Polygon","coordinates":[[[-91.975095198,-76.059468936],[-92.348002202,-75.517040131],[-92.699445935,-74.974205024],[-88.408355364,-74.747348775],[-86.786627423,-74.638269899],[-84.152026838,-74.4321997289999],[-83.50911572,-74.960901862],[-82.824743696,-75.487963768],[-82.094368839,-76.013205954],[-81.31278901,-76.536421396],[-84.322744272,-76.768161966],[-86.186976912,-76.890508859],[-91.154077138,-77.142929785],[-91.578129131,-76.601448821],[-91.975095198,-76.059468936]]]},"properties":{"fid":1973,"track":33,"frame":140,"dates":"2025-09-25, 2025-10-07, 2025-10-19, 2025-10-31, 2025-11-12, 2025-11-24, 2025-12-06, 2025-12-18, 2025-12-30, 2026-01-11, 2026-01-23, 2026-02-04, 2026-02-16, 2026-02-28, 2026-03-12, 2026-03-24, 2026-04-05, 2026-04-17, 2026-04-29, 2026-05-11, 2026-05-23, 2026-06-04, 2026-06-16, 2026-06-28, 2026-07-10, 2026-07-22, 2026-08-03, 2026-08-15, 2026-08-27, 2026-09-08, 2026-09-20, 2026-10-02, 2026-10-14, 2026-10-26, 2026-11-07, 2026-11-19, 2026-12-01, 2026-12-13, 2026-12-25","acquisition_time":"12:35:36","date_mode_popup":"2025-09-25 | 150\n2025-10-07 | 150\n2025-10-19 | 150\n2025-10-31 | 150\n2025-11-12 | 150\n2025-11-24 | 150\n2025-12-06 | 150\n2025-12-18 | 150\n2025-12-30 | 150\n2026-01-11 | 150\n2026-01-23 | 150\n2026-02-04 | 150\n2026-02-16 | 150\n2026-02-28 | 246\n2026-03-12 | 246\n2026-03-24 | 150\n2026-04-05 | 150\n2026-04-17 | 150\n2026-04-29 | 150\n2026-05-11 | 150\n2026-05-23 | 150\n2026-06-04 | 150\n2026-06-16 | 150\n2026-06-28 | 150\n2026-07-10 | 150\n2026-07-22 | 150\n2026-08-03 | 150\n2026-08-15 | 150\n2026-08-27 | 246\n2026-09-08 | 246\n2026-09-20 | 150\n2026-10-02 | 150\n2026-10-14 | 150\n2026-10-26 | 150\n2026-11-07 | 150\n2026-11-19 | 150\n2026-12-01 | 150\n2026-12-13 | 150\n2026-12-25 | 150","producerifg":1,"producerunw":1,"produceroff":1,"producegunw":1,"producegoff":1,"producerslc":1,"producegslc":1,"producegcov":1,"producesmst":0,"passdirection":"Ascending","unique_radar_mode_list":"150, 246","unique_radar_mode_mnemonic_list":"L:SCI:SH:77M+---:HS:B4:D02, L:SCI:SH:77M+---:HS:B4:D02  S:--:SH:37W:B4","number_combos":2,"mode_change":"yes","radar_mode_combination_1":"150","radar_mode_combination_2":"246","radar_mode_combination_3":null,"radar_mode_combination_4":null,"radar_mode_combination_5":null,"radar_mode_combination_6":null,"radar_mode_combination_7":null,"radar_mode_combination_8":null,"radar_mode_combination_9":null,"radar_mode_mnemonic_combination_1":"L:SCI:SH:77M+---:HS:B4:D02","radar_mode_mnemonic_combination_2":"L:SCI:SH:77M+---:HS:B4:D02  S:--:SH:37W:B4","radar_mode_mnemonic_combination_3":null,"radar_mode_mnemonic_combination_4":null,"radar_mode_mnemonic_combination_5":null,"radar_mode_mnemonic_combination_6":null,"radar_mode_mnemonic_combination_7":null,"radar_mode_mnemonic_combination_8":null,"radar_mode_mnemonic_combination_9":null,"date_cycle_popup":"2025-09-25 | Cycle A\n2025-10-07 | Cycle A\n2025-10-19 | Cycle A\n2025-10-31 | Cycle A\n2025-11-12 | Cycle A\n2025-11-24 | Cycle A\n2025-12-06 | Cycle A\n2025-12-18 | Cycle A\n2025-12-30 | Cycle A\n2026-01-11 | Cycle A\n2026-01-23 | Cycle A\n2026-02-04 | Cycle A\n2026-02-16 | Cycle A\n2026-02-28 | Cycle B\n2026-03-12 | Cycle B\n2026-03-24 | Cycle A\n2026-04-05 | Cycle A\n2026-04-17 | Cycle A\n2026-04-29 | Cycle A\n2026-05-11 | Cycle A\n2026-05-23 | Cycle A\n2026-06-04 | Cycle A\n2026-06-16 | Cycle A\n2026-06-28 | Cycle A\n2026-07-10 | Cycle A\n2026-07-22 | Cycle A\n2026-08-03 | Cycle A\n2026-08-15 | Cycle A\n2026-08-27 | Cycle B\n2026-09-08 | Cycle B\n2026-09-20 | Cycle A\n2026-10-02 | Cycle A\n2026-10-14 | Cycle A\n2026-10-26 | Cycle A\n2026-11-07 | Cycle A\n2026-11-19 | Cycle A\n2026-12-01 | Cycle A\n2026-12-13 | Cycle A\n2026-12-25 | Cycle A","mixed_mode":"no","l_band":"yes","ls_band":"yes","s_band":"no","SH":1,"SV":0,"DH":0,"DV":0,"QP":0,"CP":0,"QD":0,"QQ":0,"bw_40":"no","bw_20":"no","bw_77":"yes","bw_max_5":"no","visualization":"S0","Shape__Area":1060750547775.7344,"Shape__Length":4122227.884924903,"tracks":33,"frames":140}},{"type":"Feature","id":6044,"geometry":{"type":"Polygon","coordinates":[[[-111.073457802,-75.517160133],[-111.424985204,-74.974318555],[-107.134143118,-74.747422838],[-105.512511453,-74.638331133],[-102.878069613,-74.4322425939999],[-102.235081697,-74.9609482659999],[-101.550627225,-75.488013201],[-100.820163647,-76.0132578549999],[-100.038488153,-76.5364751289999],[-103.048270464,-76.768237762],[-104.912399451,-76.890599901],[-109.879238472,-77.143067164],[-110.30339668,-76.601580788],[-110.700460509,-76.059595093],[-111.073457802,-75.517160133]]]},"properties":{"fid":6044,"track":77,"frame":140,"dates":"2025-09-28, 2025-10-10, 2025-10-22, 2025-11-03, 2025-11-15, 2025-11-27, 2025-12-09, 2025-12-21, 2026-01-02, 2026-01-14, 2026-01-26, 2026-02-07, 2026-02-19, 2026-03-03, 2026-03-15, 2026-03-27, 2026-04-08, 2026-04-20, 2026-05-02, 2026-05-14, 2026-05-26, 2026-06-07, 2026-06-19, 2026-07-01, 2026-07-13, 2026-07-25, 2026-08-06, 2026-08-18, 2026-08-30, 2026-09-11, 2026-09-23, 2026-10-05, 2026-10-17, 2026-10-29, 2026-11-10, 2026-11-22, 2026-12-04, 2026-12-16, 2026-12-28","acquisition_time":"13:51:56","date_mode_popup":"2025-09-28 | 150\n2025-10-10 | 150\n2025-10-22 | 150\n2025-11-03 | 150\n2025-11-15 | 150\n2025-11-27 | 150\n2025-12-09 | 150\n2025-12-21 | 150\n2026-01-02 | 150\n2026-01-14 | 150\n2026-01-26 | 150\n2026-02-07 | 150\n2026-02-19 | 150\n2026-03-03 | 246\n2026-03-15 | 246\n2026-03-27 | 150\n2026-04-08 | 150\n2026-04-20 | 150\n2026-05-02 | 150\n2026-05-14 | 150\n2026-05-26 | 150\n2026-06-07 | 150\n2026-06-19 | 150\n2026-07-01 | 150\n2026-07-13 | 150\n2026-07-25 | 150\n2026-08-06 | 150\n2026-08-18 | 150\n2026-08-30 | 246\n2026-09-11 | 246\n2026-09-23 | 150\n2026-10-05 | 150\n2026-10-17 | 150\n2026-10-29 | 150\n2026-11-10 | 150\n2026-11-22 | 150\n2026-12-04 | 150\n2026-12-16 | 150\n2026-12-28 | 150","producerifg":1,"producerunw":1,"produceroff":1,"producegunw":1,"producegoff":1,"producerslc":1,"producegslc":1,"producegcov":1,"producesmst":0,"passdirection":"Ascending","unique_radar_mode_list":"150, 246","unique_radar_mode_mnemonic_list":"L:SCI:SH:77M+---:HS:B4:D02, L:SCI:SH:77M+---:HS:B4:D02  S:--:SH:37W:B4","number_combos":2,"mode_change":"yes","radar_mode_combination_1":"150","radar_mode_combination_2":"246","radar_mode_combination_3":null,"radar_mode_combination_4":null,"radar_mode_combination_5":null,"radar_mode_combination_6":null,"radar_mode_combination_7":null,"radar_mode_combination_8":null,"radar_mode_combination_9":null,"radar_mode_mnemonic_combination_1":"L:SCI:SH:77M+---:HS:B4:D02","radar_mode_mnemonic_combination_2":"L:SCI:SH:77M+---:HS:B4:D02  S:--:SH:37W:B4","radar_mode_mnemonic_combination_3":null,"radar_mode_mnemonic_combination_4":null,"radar_mode_mnemonic_combination_5":null,"radar_mode_mnemonic_combination_6":null,"radar_mode_mnemonic_combination_7":null,"radar_mode_mnemonic_combination_8":null,"radar_mode_mnemonic_combination_9":null,"date_cycle_popup":"2025-09-28 | Cycle A\n2025-10-10 | Cycle A\n2025-10-22 | Cycle A\n2025-11-03 | Cycle A\n2025-11-15 | Cycle A\n2025-11-27 | Cycle A\n2025-12-09 | Cycle A\n2025-12-21 | Cycle A\n2026-01-02 | Cycle A\n2026-01-14 | Cycle A\n2026-01-26 | Cycle A\n2026-02-07 | Cycle A\n2026-02-19 | Cycle A\n2026-03-03 | Cycle B\n2026-03-15 | Cycle B\n2026-03-27 | Cycle A\n2026-04-08 | Cycle A\n2026-04-20 | Cycle A\n2026-05-02 | Cycle A\n2026-05-14 | Cycle A\n2026-05-26 | Cycle A\n2026-06-07 | Cycle A\n2026-06-19 | Cycle A\n2026-07-01 | Cycle A\n2026-07-13 | Cycle A\n2026-07-25 | Cycle A\n2026-08-06 | Cycle A\n2026-08-18 | Cycle A\n2026-08-30 | Cycle B\n2026-09-11 | Cycle B\n2026-09-23 | Cycle A\n2026-10-05 | Cycle A\n2026-10-17 | Cycle A\n2026-10-29 | Cycle A\n2026-11-10 | Cycle A\n2026-11-22 | Cycle A\n2026-12-04 | Cycle A\n2026-12-16 | Cycle A\n2026-12-28 | Cycle A","mixed_mode":"no","l_band":"yes","ls_band":"yes","s_band":"no","SH":1,"SV":0,"DH":0,"DV":0,"QP":0,"CP":0,"QD":0,"QQ":0,"bw_40":"no","bw_20":"no","bw_77":"yes","bw_max_5":"no","visualization":"S0","Shape__Area":1060727631154.5938,"Shape__Length":4122180.3580709118,"tracks":77,"frames":140}},{"type":"Feature","id":5368,"geometry":{"type":"Polygon","coordinates":[[[-126.996997113,-74.536634627],[-127.339724212,-75.0902339909999],[-131.660796909,-74.8621887429999],[-133.293382135,-74.752503165],[-135.944930989,-74.545265208],[-135.320178897,-74.005161712],[-134.73141234,-73.463631632],[-134.175284327,-72.9208050559999],[-133.648840533,-72.376796191],[-131.301650564,-72.5645285969999],[-129.862600909,-72.6643008789999],[-126.071777423,-72.873803126],[-126.364743396,-73.428391571],[-126.672615921,-73.98267728],[-126.996997113,-74.536634627]]]},"properties":{"fid":5368,"track":70,"frame":125,"dates":"2025-09-28, 2025-10-10, 2025-10-22, 2025-11-03, 2025-11-15, 2025-11-27, 2025-12-09, 2025-12-21, 2026-01-02, 2026-01-14, 2026-01-26, 2026-02-07, 2026-02-19, 2026-03-03, 2026-03-15, 2026-03-27, 2026-04-08, 2026-04-20, 2026-05-02, 2026-05-14, 2026-05-26, 2026-06-07, 2026-06-19, 2026-07-01, 2026-07-13, 2026-07-25, 2026-08-06, 2026-08-18, 2026-08-30, 2026-09-11, 2026-09-23, 2026-10-05, 2026-10-17, 2026-10-29, 2026-11-10, 2026-11-22, 2026-12-04, 2026-12-16, 2026-12-28","acquisition_time":"02:01:48, 02:01:40, 02:02:32, 02:02:04","date_mode_popup":"2025-09-28 | 153,150\n2025-10-10 | 153,150\n2025-10-22 | 153,150\n2025-11-03 | 153,150\n2025-11-15 | 153,150\n2025-11-27 | 153,150\n2025-12-09 | 153,150\n2025-12-21 | 153,150\n2026-01-02 | 153,150\n2026-01-14 | 153,150\n2026-01-26 | 153,150\n2026-02-07 | 153,150\n2026-02-19 | 153,150\n2026-03-03 | 153,150\n2026-03-15 | 153,150\n2026-03-27 | 153,150\n2026-04-08 | 153,150\n2026-04-20 | 153,150\n2026-05-02 | 153,150\n2026-05-14 | 153,150\n2026-05-26 | 153,150\n2026-06-07 | 153,150\n2026-06-19 | 153,150\n2026-07-01 | 153,150\n2026-07-13 | 153,150\n2026-07-25 | 153,150\n2026-08-06 | 153,150\n2026-08-18 | 153,150\n2026-08-30 | 153,150\n2026-09-11 | 153,150\n2026-09-23 | 153,150\n2026-10-05 | 153,150\n2026-10-17 | 153,150\n2026-10-29 | 153,150\n2026-11-10 | 153,150\n2026-11-22 | 153,150\n2026-12-04 | 153,150\n2026-12-16 | 153,150\n2026-12-28 | 153,150","producerifg":1,"producerunw":1,"produceroff":1,"producegunw":1,"producegoff":1,"producerslc":1,"producegslc":1,"producegcov":1,"producesmst":0,"passdirection":"Descending","unique_radar_mode_list":"150, 153","unique_radar_mode_mnemonic_list":"L:SCI:SH:77M+---:HS:B4:D02, L:SCI:SV:05W+---:FS:B4:D09","number_combos":1,"mode_change":"no","radar_mode_combination_1":"153,150","radar_mode_combination_2":null,"radar_mode_combination_3":null,"radar_mode_combination_4":null,"radar_mode_combination_5":null,"radar_mode_combination_6":null,"radar_mode_combination_7":null,"radar_mode_combination_8":null,"radar_mode_combination_9":null,"radar_mode_mnemonic_combination_1":"L:SCI:SV:05W+---:FS:B4:D09,L:SCI:SH:77M+---:HS:B4:D02","radar_mode_mnemonic_combination_2":null,"radar_mode_mnemonic_combination_3":null,"radar_mode_mnemonic_combination_4":null,"radar_mode_mnemonic_combination_5":null,"radar_mode_mnemonic_combination_6":null,"radar_mode_mnemonic_combination_7":null,"radar_mode_mnemonic_combination_8":null,"radar_mode_mnemonic_combination_9":null,"date_cycle_popup":"2025-09-28 | Cycle A\n2025-10-10 | Cycle A\n2025-10-22 | Cycle A\n2025-11-03 | Cycle A\n2025-11-15 | Cycle A\n2025-11-27 | Cycle A\n2025-12-09 | Cycle A\n2025-12-21 | Cycle A\n2026-01-02 | Cycle A\n2026-01-14 | Cycle A\n2026-01-26 | Cycle A\n2026-02-07 | Cycle A\n2026-02-19 | Cycle A\n2026-03-03 | Cycle A\n2026-03-15 | Cycle A\n2026-03-27 | Cycle A\n2026-04-08 | Cycle A\n2026-04-20 | Cycle A\n2026-05-02 | Cycle A\n2026-05-14 | Cycle A\n2026-05-26 | Cycle A\n2026-06-07 | Cycle A\n2026-06-19 | Cycle A\n2026-07-01 | Cycle A\n2026-07-13 | Cycle A\n2026-07-25 | Cycle A\n2026-08-06 | Cycle A\n2026-08-18 | Cycle A\n2026-08-30 | Cycle A\n2026-09-11 | Cycle A\n2026-09-23 | Cycle A\n2026-10-05 | Cycle A\n2026-10-17 | Cycle A\n2026-10-29 | Cycle A\n2026-11-10 | Cycle A\n2026-11-22 | Cycle A\n2026-12-04 | Cycle A\n2026-12-16 | Cycle A\n2026-12-28 | Cycle A","mixed_mode":"yes","l_band":"yes","ls_band":"no","s_band":"no","SH":1,"SV":1,"DH":0,"DV":0,"QP":0,"CP":0,"QD":0,"QQ":0,"bw_40":"no","bw_20":"no","bw_77":"yes","bw_max_5":"yes","visualization":"F1","Shape__Area":829254880903.96875,"Shape__Length":3643811.2848217022,"tracks":70,"frames":125}},{"type":"Feature","id":5958,"geometry":{"type":"Polygon","coordinates":[[[-88.380444058,-71.363232173],[-88.623377413,-70.820264171],[-85.216992886,-70.623053372],[-83.9199393979999,-70.530075719],[-81.798518716,-70.355940635],[-81.371471128,-70.8911541049999],[-80.924064105,-71.425543982],[-80.4545175919999,-71.959042711],[-79.96084344,-72.491574496],[-82.322931448,-72.680209647],[-83.771393287,-72.780432046],[-87.5878286029999,-72.990741259],[-87.8636590519999,-72.448486066],[-88.127514838,-71.905977592],[-88.380444058,-71.363232173]]]},"properties":{"fid":5958,"track":76,"frame":142,"dates":"2025-09-28, 2025-10-10, 2025-10-22, 2025-11-03, 2025-11-15, 2025-11-27, 2025-12-09, 2025-12-21, 2026-01-02, 2026-01-14, 2026-01-26, 2026-02-07, 2026-02-19, 2026-03-03, 2026-03-15, 2026-03-27, 2026-04-08, 2026-04-20, 2026-05-02, 2026-05-14, 2026-05-26, 2026-06-07, 2026-06-19, 2026-07-01, 2026-07-13, 2026-07-25, 2026-08-06, 2026-08-18, 2026-08-30, 2026-09-11, 2026-09-23, 2026-10-05, 2026-10-17, 2026-10-29, 2026-11-10, 2026-11-22, 2026-12-04, 2026-12-16, 2026-12-28","acquisition_time":"12:06:36","date_mode_popup":"2025-09-28 | 150,153\n2025-10-10 | 150,153\n2025-10-22 | 150,153\n2025-11-03 | 150,153\n2025-11-15 | 150,153\n2025-11-27 | 150,153\n2025-12-09 | 150,153\n2025-12-21 | 150,153\n2026-01-02 | 150,153\n2026-01-14 | 150,153\n2026-01-26 | 150,153\n2026-02-07 | 150,153\n2026-02-19 | 150,153\n2026-03-03 | 150,153\n2026-03-15 | 150,153\n2026-03-27 | 150,153\n2026-04-08 | 150,153\n2026-04-20 | 150,153\n2026-05-02 | 150,153\n2026-05-14 | 150,153\n2026-05-26 | 150,153\n2026-06-07 | 150,153\n2026-06-19 | 150,153\n2026-07-01 | 150,153\n2026-07-13 | 150,153\n2026-07-25 | 150,153\n2026-08-06 | 150,153\n2026-08-18 | 150,153\n2026-08-30 | 150,153\n2026-09-11 | 150,153\n2026-09-23 | 150,153\n2026-10-05 | 150,153\n2026-10-17 | 150,153\n2026-10-29 | 150,153\n2026-11-10 | 150,153\n2026-11-22 | 150,153\n2026-12-04 | 150,153\n2026-12-16 | 150,153\n2026-12-28 | 150,153","producerifg":1,"producerunw":1,"produceroff":1,"producegunw":1,"producegoff":1,"producerslc":1,"producegslc":1,"producegcov":1,"producesmst":0,"passdirection":"Ascending","unique_radar_mode_list":"150, 153","unique_radar_mode_mnemonic_list":"L:SCI:SH:77M+---:HS:B4:D02, L:SCI:SV:05W+---:FS:B4:D09","number_combos":1,"mode_change":"no","radar_mode_combination_1":"150,153","radar_mode_combination_2":null,"radar_mode_combination_3":null,"radar_mode_combination_4":null,"radar_mode_combination_5":null,"radar_mode_combination_6":null,"radar_mode_combination_7":null,"radar_mode_combination_8":null,"radar_mode_combination_9":null,"radar_mode_mnemonic_combination_1":"L:SCI:SH:77M+---:HS:B4:D02,L:SCI:SV:05W+---:FS:B4:D09","radar_mode_mnemonic_combination_2":null,"radar_mode_mnemonic_combination_3":null,"radar_mode_mnemonic_combination_4":null,"radar_mode_mnemonic_combination_5":null,"radar_mode_mnemonic_combination_6":null,"radar_mode_mnemonic_combination_7":null,"radar_mode_mnemonic_combination_8":null,"radar_mode_mnemonic_combination_9":null,"date_cycle_popup":"2025-09-28 | Cycle A\n2025-10-10 | Cycle A\n2025-10-22 | Cycle A\n2025-11-03 | Cycle A\n2025-11-15 | Cycle A\n2025-11-27 | Cycle A\n2025-12-09 | Cycle A\n2025-12-21 | Cycle A\n2026-01-02 | Cycle A\n2026-01-14 | Cycle A\n2026-01-26 | Cycle A\n2026-02-07 | Cycle A\n2026-02-19 | Cycle A\n2026-03-03 | Cycle A\n2026-03-15 | Cycle A\n2026-03-27 | Cycle A\n2026-04-08 | Cycle A\n2026-04-20 | Cycle A\n2026-05-02 | Cycle A\n2026-05-14 | Cycle A\n2026-05-26 | Cycle A\n2026-06-07 | Cycle A\n2026-06-19 | Cycle A\n2026-07-01 | Cycle A\n2026-07-13 | Cycle A\n2026-07-25 | Cycle A\n2026-08-06 | Cycle A\n2026-08-18 | Cycle A\n2026-08-30 | Cycle A\n2026-09-11 | Cycle A\n2026-09-23 | Cycle A\n2026-10-05 | Cycle A\n2026-10-17 | Cycle A\n2026-10-29 | Cycle A\n2026-11-10 | Cycle A\n2026-11-22 | Cycle A\n2026-12-04 | Cycle A\n2026-12-16 | Cycle A\n2026-12-28 | Cycle A","mixed_mode":"yes","l_band":"yes","ls_band":"no","s_band":"no","SH":1,"SV":1,"DH":0,"DV":0,"QP":0,"CP":0,"QD":0,"QQ":0,"bw_40":"no","bw_20":"no","bw_77":"yes","bw_max_5":"yes","visualization":"F1","Shape__Area":642456462770.28125,"Shape__Length":3207724.6146808797,"tracks":76,"frames":142}},{"type":"Feature","id":12003,"geometry":{"type":"Polygon","coordinates":[[[-125.258550556,-75.09017905],[-129.579564195,-74.862140901],[-131.212129005,-74.7524585319999],[-133.863647018,-74.5452263919999],[-133.23890824,-74.005123517],[-132.650154038,-73.463594128],[-132.094037514,-72.920768302],[-131.56760442,-72.376760232],[-129.22044096,-72.564487541],[-127.781408583,-72.664257009],[-123.990634265,-72.873752994],[-124.283593469,-73.428340212],[-124.591458697,-73.982624704],[-124.915832003,-74.536580854],[-125.258550556,-75.09017905]]]},"properties":{"fid":12003,"track":142,"frame":125,"dates":"2025-10-03, 2025-10-15, 2025-10-27, 2025-11-08, 2025-11-20, 2025-12-02, 2025-12-14, 2025-12-26, 2026-01-07, 2026-01-19, 2026-01-31, 2026-02-12, 2026-02-24, 2026-03-08, 2026-03-20, 2026-04-01, 2026-04-13, 2026-04-25, 2026-05-07, 2026-05-19, 2026-05-31, 2026-06-12, 2026-06-24, 2026-07-06, 2026-07-18, 2026-07-30, 2026-08-11, 2026-08-23, 2026-09-04, 2026-09-16, 2026-09-28, 2026-10-10, 2026-10-22, 2026-11-03, 2026-11-15, 2026-11-27, 2026-12-09, 2026-12-21","acquisition_time":"01:56:12","date_mode_popup":"2025-10-03 | 76,246\n2025-10-15 | 76,246\n2025-10-27 | 76,246\n2025-11-08 | 76,246\n2025-11-20 | 76,246\n2025-12-02 | 76,246\n2025-12-14 | 76,246\n2025-12-26 | 76,246\n2026-01-07 | 76,246\n2026-01-19 | 76,246\n2026-01-31 | 67,220\n2026-02-12 | 67,220\n2026-02-24 | 76,246\n2026-03-08 | 76,246\n2026-03-20 | 76,246\n2026-04-01 | 76,246\n2026-04-13 | 76,246\n2026-04-25 | 76,246\n2026-05-07 | 76,246\n2026-05-19 | 76,246\n2026-05-31 | 76,246\n2026-06-12 | 76,246\n2026-06-24 | 76,246\n2026-07-06 | 76,246\n2026-07-18 | 76,246\n2026-07-30 | 67,220\n2026-08-11 | 67,220\n2026-08-23 | 76,246\n2026-09-04 | 76,246\n2026-09-16 | 76,246\n2026-09-28 | 76,246\n2026-10-10 | 76,246\n2026-10-22 | 76,246\n2026-11-03 | 76,246\n2026-11-15 | 76,246\n2026-11-27 | 76,246\n2026-12-09 | 76,246\n2026-12-21 | 76,246","producerifg":1,"producerunw":1,"produceroff":1,"producegunw":1,"producegoff":1,"producerslc":1,"producegslc":1,"producegcov":1,"producesmst":0,"passdirection":"Descending","unique_radar_mode_list":"220, 246, 67, 76","unique_radar_mode_mnemonic_list":"L:SCI:SH:77M+---:HS:B4:D02  S:--:SH:37W:B4, L:SCI:SH:77M+---:HS:B4:D02  S:DB:CP:25W:B4, S:DB:CP:25W:B4:D10, S:DB:SH:37W:B4:D10","number_combos":2,"mode_change":"yes","radar_mode_combination_1":"76,246","radar_mode_combination_2":"67,220","radar_mode_combination_3":null,"radar_mode_combination_4":null,"radar_mode_combination_5":null,"radar_mode_combination_6":null,"radar_mode_combination_7":null,"radar_mode_combination_8":null,"radar_mode_combination_9":null,"radar_mode_mnemonic_combination_1":"S:DB:SH:37W:B4:D10,L:SCI:SH:77M+---:HS:B4:D02  S:--:SH:37W:B4","radar_mode_mnemonic_combination_2":"S:DB:CP:25W:B4:D10,L:SCI:SH:77M+---:HS:B4:D02  S:DB:CP:25W:B4","radar_mode_mnemonic_combination_3":null,"radar_mode_mnemonic_combination_4":null,"radar_mode_mnemonic_combination_5":null,"radar_mode_mnemonic_combination_6":null,"radar_mode_mnemonic_combination_7":null,"radar_mode_mnemonic_combination_8":null,"radar_mode_mnemonic_combination_9":null,"date_cycle_popup":"2025-10-03 | Cycle A\n2025-10-15 | Cycle A\n2025-10-27 | Cycle A\n2025-11-08 | Cycle A\n2025-11-20 | Cycle A\n2025-12-02 | Cycle A\n2025-12-14 | Cycle A\n2025-12-26 | Cycle A\n2026-01-07 | Cycle A\n2026-01-19 | Cycle A\n2026-01-31 | Cycle B\n2026-02-12 | Cycle B\n2026-02-24 | Cycle A\n2026-03-08 | Cycle A\n2026-03-20 | Cycle A\n2026-04-01 | Cycle A\n2026-04-13 | Cycle A\n2026-04-25 | Cycle A\n2026-05-07 | Cycle A\n2026-05-19 | Cycle A\n2026-05-31 | Cycle A\n2026-06-12 | Cycle A\n2026-06-24 | Cycle A\n2026-07-06 | Cycle A\n2026-07-18 | Cycle A\n2026-07-30 | Cycle B\n2026-08-11 | Cycle B\n2026-08-23 | Cycle A\n2026-09-04 | Cycle A\n2026-09-16 | Cycle A\n2026-09-28 | Cycle A\n2026-10-10 | Cycle A\n2026-10-22 | Cycle A\n2026-11-03 | Cycle A\n2026-11-15 | Cycle A\n2026-11-27 | Cycle A\n2026-12-09 | Cycle A\n2026-12-21 | Cycle A","mixed_mode":"yes","l_band":"yes","ls_band":"yes","s_band":"no","SH":1,"SV":0,"DH":0,"DV":0,"QP":0,"CP":0,"QD":0,"QQ":0,"bw_40":"no","bw_20":"no","bw_77":"yes","bw_max_5":"no","visualization":"S1","Shape__Area":829239145806.875,"Shape__Length":3643776.4966026917,"tracks":142,"frames":125}},{"type":"Feature","id":10621,"geometry":{"type":"Polygon","coordinates":[[[-112.158138937,-77.1422646079999],[-117.123887541,-76.889886113],[-118.987641068,-76.767566839],[-121.996859503,-76.535884328],[-121.215367267,-76.012684429],[-120.485070077,-75.487458311],[-119.80076709,-74.960412935],[-119.157917505,-74.431727759],[-116.523930169,-74.637748528],[-114.902595856,-74.746803831],[-110.612601874,-74.97362305],[-110.964086663,-75.516437358],[-111.337035499,-76.058845375],[-111.734044032,-76.6008044599999],[-112.158138937,-77.1422646079999]]]},"properties":{"fid":10621,"track":127,"frame":126,"dates":"2025-10-02, 2025-10-14, 2025-10-26, 2025-11-07, 2025-11-19, 2025-12-01, 2025-12-13, 2025-12-25, 2026-01-06, 2026-01-18, 2026-01-30, 2026-02-11, 2026-02-23, 2026-03-07, 2026-03-19, 2026-03-31, 2026-04-12, 2026-04-24, 2026-05-06, 2026-05-18, 2026-05-30, 2026-06-11, 2026-06-23, 2026-07-05, 2026-07-17, 2026-07-29, 2026-08-10, 2026-08-22, 2026-09-03, 2026-09-15, 2026-09-27, 2026-10-09, 2026-10-21, 2026-11-02, 2026-11-14, 2026-11-26, 2026-12-08, 2026-12-20","acquisition_time":"00:58:08","date_mode_popup":"2025-10-02 | 150\n2025-10-14 | 150\n2025-10-26 | 150\n2025-11-07 | 150\n2025-11-19 | 150\n2025-12-01 | 150\n2025-12-13 | 150\n2025-12-25 | 150\n2026-01-06 | 150\n2026-01-18 | 150\n2026-01-30 | 150\n2026-02-11 | 150\n2026-02-23 | 150\n2026-03-07 | 150\n2026-03-19 | 150\n2026-03-31 | 150\n2026-04-12 | 150\n2026-04-24 | 150\n2026-05-06 | 150\n2026-05-18 | 150\n2026-05-30 | 150\n2026-06-11 | 150\n2026-06-23 | 150\n2026-07-05 | 150\n2026-07-17 | 150\n2026-07-29 | 150\n2026-08-10 | 150\n2026-08-22 | 150\n2026-09-03 | 150\n2026-09-15 | 150\n2026-09-27 | 150\n2026-10-09 | 150\n2026-10-21 | 150\n2026-11-02 | 150\n2026-11-14 | 150\n2026-11-26 | 150\n2026-12-08 | 150\n2026-12-20 | 150","producerifg":1,"producerunw":1,"produceroff":1,"producegunw":1,"producegoff":1,"producerslc":1,"producegslc":1,"producegcov":1,"producesmst":0,"passdirection":"Descending","unique_radar_mode_list":"150","unique_radar_mode_mnemonic_list":"L:SCI:SH:77M+---:HS:B4:D02","number_combos":1,"mode_change":"no","radar_mode_combination_1":"150","radar_mode_combination_2":null,"radar_mode_combination_3":null,"radar_mode_combination_4":null,"radar_mode_combination_5":null,"radar_mode_combination_6":null,"radar_mode_combination_7":null,"radar_mode_combination_8":null,"radar_mode_combination_9":null,"radar_mode_mnemonic_combination_1":"L:SCI:SH:77M+---:HS:B4:D02","radar_mode_mnemonic_combination_2":null,"radar_mode_mnemonic_combination_3":null,"radar_mode_mnemonic_combination_4":null,"radar_mode_mnemonic_combination_5":null,"radar_mode_mnemonic_combination_6":null,"radar_mode_mnemonic_combination_7":null,"radar_mode_mnemonic_combination_8":null,"radar_mode_mnemonic_combination_9":null,"date_cycle_popup":"2025-10-02 | Cycle A\n2025-10-14 | Cycle A\n2025-10-26 | Cycle A\n2025-11-07 | Cycle A\n2025-11-19 | Cycle A\n2025-12-01 | Cycle A\n2025-12-13 | Cycle A\n2025-12-25 | Cycle A\n2026-01-06 | Cycle A\n2026-01-18 | Cycle A\n2026-01-30 | Cycle A\n2026-02-11 | Cycle A\n2026-02-23 | Cycle A\n2026-03-07 | Cycle A\n2026-03-19 | Cycle A\n2026-03-31 | Cycle A\n2026-04-12 | Cycle A\n2026-04-24 | Cycle A\n2026-05-06 | Cycle A\n2026-05-18 | Cycle A\n2026-05-30 | Cycle A\n2026-06-11 | Cycle A\n2026-06-23 | Cycle A\n2026-07-05 | Cycle A\n2026-07-17 | Cycle A\n2026-07-29 | Cycle A\n2026-08-10 | Cycle A\n2026-08-22 | Cycle A\n2026-09-03 | Cycle A\n2026-09-15 | Cycle A\n2026-09-27 | Cycle A\n2026-10-09 | Cycle A\n2026-10-21 | Cycle A\n2026-11-02 | Cycle A\n2026-11-14 | Cycle A\n2026-11-26 | Cycle A\n2026-12-08 | Cycle A\n2026-12-20 | Cycle A","mixed_mode":"no","l_band":"yes","ls_band":"no","s_band":"no","SH":1,"SV":0,"DH":0,"DV":0,"QP":0,"CP":0,"QD":0,"QQ":0,"bw_40":"no","bw_20":"no","bw_77":"yes","bw_max_5":"no","visualization":"F0","Shape__Area":1060403108404.2813,"Shape__Length":4121543.5409725816,"tracks":127,"frames":126}},{"type":"Feature","id":2065,"geometry":{"type":"Polygon","coordinates":[[[-119.593877114,-71.363350943],[-119.83677762,-70.8203777909999],[-116.430295853,-70.62315206],[-115.133208011,-70.530167855],[-113.011734324,-70.356021053],[-112.584692973,-70.891239083],[-112.137292616,-71.425633292],[-111.667753211,-71.959136139],[-111.174086617,-72.4916718389999],[-113.536261511,-72.680320304],[-114.984779549,-72.780549868],[-118.801373299,-72.990874259],[-119.077164178,-72.44861451],[-119.340982812,-71.906101297],[-119.593877114,-71.363350943]]]},"properties":{"fid":2065,"track":34,"frame":142,"dates":"2025-09-25, 2025-10-07, 2025-10-19, 2025-10-31, 2025-11-12, 2025-11-24, 2025-12-06, 2025-12-18, 2025-12-30, 2026-01-11, 2026-01-23, 2026-02-04, 2026-02-16, 2026-02-28, 2026-03-12, 2026-03-24, 2026-04-05, 2026-04-17, 2026-04-29, 2026-05-11, 2026-05-23, 2026-06-04, 2026-06-16, 2026-06-28, 2026-07-10, 2026-07-22, 2026-08-03, 2026-08-15, 2026-08-27, 2026-09-08, 2026-09-20, 2026-10-02, 2026-10-14, 2026-10-26, 2026-11-07, 2026-11-19, 2026-12-01, 2026-12-13, 2026-12-25","acquisition_time":"14:18:04","date_mode_popup":"2025-09-25 | 153\n2025-10-07 | 153\n2025-10-19 | 153\n2025-10-31 | 153\n2025-11-12 | 153\n2025-11-24 | 153\n2025-12-06 | 153\n2025-12-18 | 153\n2025-12-30 | 153\n2026-01-11 | 153\n2026-01-23 | 153\n2026-02-04 | 153\n2026-02-16 | 153\n2026-02-28 | 153\n2026-03-12 | 153\n2026-03-24 | 153\n2026-04-05 | 153\n2026-04-17 | 153\n2026-04-29 | 153\n2026-05-11 | 153\n2026-05-23 | 153\n2026-06-04 | 153\n2026-06-16 | 153\n2026-06-28 | 153\n2026-07-10 | 153\n2026-07-22 | 153\n2026-08-03 | 153\n2026-08-15 | 153\n2026-08-27 | 153\n2026-09-08 | 153\n2026-09-20 | 153\n2026-10-02 | 153\n2026-10-14 | 153\n2026-10-26 | 153\n2026-11-07 | 153\n2026-11-19 | 153\n2026-12-01 | 153\n2026-12-13 | 153\n2026-12-25 | 153","producerifg":0,"producerunw":0,"produceroff":0,"producegunw":0,"producegoff":0,"producerslc":1,"producegslc":1,"producegcov":1,"producesmst":0,"passdirection":"Ascending","unique_radar_mode_list":"153","unique_radar_mode_mnemonic_list":"L:SCI:SV:05W+---:FS:B4:D09","number_combos":1,"mode_change":"no","radar_mode_combination_1":"153","radar_mode_combination_2":null,"radar_mode_combination_3":null,"radar_mode_combination_4":null,"radar_mode_combination_5":null,"radar_mode_combination_6":null,"radar_mode_combination_7":null,"radar_mode_combination_8":null,"radar_mode_combination_9":null,"radar_mode_mnemonic_combination_1":"L:SCI:SV:05W+---:FS:B4:D09","radar_mode_mnemonic_combination_2":null,"radar_mode_mnemonic_combination_3":null,"radar_mode_mnemonic_combination_4":null,"radar_mode_mnemonic_combination_5":null,"radar_mode_mnemonic_combination_6":null,"radar_mode_mnemonic_combination_7":null,"radar_mode_mnemonic_combination_8":null,"radar_mode_mnemonic_combination_9":null,"date_cycle_popup":"2025-09-25 | Cycle A\n2025-10-07 | Cycle A\n2025-10-19 | Cycle A\n2025-10-31 | Cycle A\n2025-11-12 | Cycle A\n2025-11-24 | Cycle A\n2025-12-06 | Cycle A\n2025-12-18 | Cycle A\n2025-12-30 | Cycle A\n2026-01-11 | Cycle A\n2026-01-23 | Cycle A\n2026-02-04 | Cycle A\n2026-02-16 | Cycle A\n2026-02-28 | Cycle A\n2026-03-12 | Cycle A\n2026-03-24 | Cycle A\n2026-04-05 | Cycle A\n2026-04-17 | Cycle A\n2026-04-29 | Cycle A\n2026-05-11 | Cycle A\n2026-05-23 | Cycle A\n2026-06-04 | Cycle A\n2026-06-16 | Cycle A\n2026-06-28 | Cycle A\n2026-07-10 | Cycle A\n2026-07-22 | Cycle A\n2026-08-03 | Cycle A\n2026-08-15 | Cycle A\n2026-08-27 | Cycle A\n2026-09-08 | Cycle A\n2026-09-20 | Cycle A\n2026-10-02 | Cycle A\n2026-10-14 | Cycle A\n2026-10-26 | Cycle A\n2026-11-07 | Cycle A\n2026-11-19 | Cycle A\n2026-12-01 | Cycle A\n2026-12-13 | Cycle A\n2026-12-25 | Cycle A","mixed_mode":"no","l_band":"yes","ls_band":"no","s_band":"no","SH":0,"SV":1,"DH":0,"DV":0,"QP":0,"CP":0,"QD":0,"QQ":0,"bw_40":"no","bw_20":"no","bw_77":"no","bw_max_5":"yes","visualization":"F0","Shape__Area":642486533952.01563,"Shape__Length":3207801.0086214682,"tracks":34,"frames":142}},{"type":"Feature","id":2609,"geometry":{"type":"Polygon","coordinates":[[[-96.718497293,-72.4481412109999],[-96.994315506,-72.990388066],[-100.810224016,-72.78011007],[-102.25849675,-72.679904147],[-104.620289577,-72.491301246],[-104.12666199,-71.9587754569999],[-103.657158409,-71.4252829129999],[-103.209791034,-70.8908993969999],[-102.782780104,-70.3556924339999],[-100.661620183,-70.529798781],[-99.364732512,-70.6227617219999],[-95.9588065,-70.819944397],[-96.201732024,-71.362904035],[-96.454652104,-71.905641088],[-96.718497293,-72.4481412109999]]]},"properties":{"fid":2609,"track":40,"frame":124,"dates":"2025-09-26, 2025-10-08, 2025-10-20, 2025-11-01, 2025-11-13, 2025-11-25, 2025-12-07, 2025-12-19, 2025-12-31, 2026-01-12, 2026-01-24, 2026-02-05, 2026-02-17, 2026-03-01, 2026-03-13, 2026-03-25, 2026-04-06, 2026-04-18, 2026-04-30, 2026-05-12, 2026-05-24, 2026-06-05, 2026-06-17, 2026-06-29, 2026-07-11, 2026-07-23, 2026-08-04, 2026-08-16, 2026-08-28, 2026-09-09, 2026-09-21, 2026-10-03, 2026-10-15, 2026-10-27, 2026-11-08, 2026-11-20, 2026-12-02, 2026-12-14, 2026-12-26","acquisition_time":"00:05:36, 00:05:32, 00:06:40, 00:05:40","date_mode_popup":"2025-09-26 | 153,150\n2025-10-08 | 153,150\n2025-10-20 | 153,150\n2025-11-01 | 153,150\n2025-11-13 | 153,150\n2025-11-25 | 153,150\n2025-12-07 | 153,150\n2025-12-19 | 153,150\n2025-12-31 | 153,150\n2026-01-12 | 153,150\n2026-01-24 | 153,150\n2026-02-05 | 153,150\n2026-02-17 | 153,150\n2026-03-01 | 153,150\n2026-03-13 | 153,150\n2026-03-25 | 153,150\n2026-04-06 | 153,150\n2026-04-18 | 153,150\n2026-04-30 | 153,150\n2026-05-12 | 153,150\n2026-05-24 | 153,150\n2026-06-05 | 153,150\n2026-06-17 | 153,150\n2026-06-29 | 153,150\n2026-07-11 | 153,150\n2026-07-23 | 153,150\n2026-08-04 | 153,150\n2026-08-16 | 153,150\n2026-08-28 | 153,150\n2026-09-09 | 153,150\n2026-09-21 | 153,150\n2026-10-03 | 153,150\n2026-10-15 | 153,150\n2026-10-27 | 153,150\n2026-11-08 | 153,150\n2026-11-20 | 153,150\n2026-12-02 | 153,150\n2026-12-14 | 153,150\n2026-12-26 | 153,150","producerifg":1,"producerunw":1,"produceroff":1,"producegunw":1,"producegoff":1,"producerslc":1,"producegslc":1,"producegcov":1,"producesmst":0,"passdirection":"Descending","unique_radar_mode_list":"150, 153","unique_radar_mode_mnemonic_list":"L:SCI:SH:77M+---:HS:B4:D02, L:SCI:SV:05W+---:FS:B4:D09","number_combos":1,"mode_change":"no","radar_mode_combination_1":"153,150","radar_mode_combination_2":null,"radar_mode_combination_3":null,"radar_mode_combination_4":null,"radar_mode_combination_5":null,"radar_mode_combination_6":null,"radar_mode_combination_7":null,"radar_mode_combination_8":null,"radar_mode_combination_9":null,"radar_mode_mnemonic_combination_1":"L:SCI:SV:05W+---:FS:B4:D09,L:SCI:SH:77M+---:HS:B4:D02","radar_mode_mnemonic_combination_2":null,"radar_mode_mnemonic_combination_3":null,"radar_mode_mnemonic_combination_4":null,"radar_mode_mnemonic_combination_5":null,"radar_mode_mnemonic_combination_6":null,"radar_mode_mnemonic_combination_7":null,"radar_mode_mnemonic_combination_8":null,"radar_mode_mnemonic_combination_9":null,"date_cycle_popup":"2025-09-26 | Cycle A\n2025-10-08 | Cycle A\n2025-10-20 | Cycle A\n2025-11-01 | Cycle A\n2025-11-13 | Cycle A\n2025-11-25 | Cycle A\n2025-12-07 | Cycle A\n2025-12-19 | Cycle A\n2025-12-31 | Cycle A\n2026-01-12 | Cycle A\n2026-01-24 | Cycle A\n2026-02-05 | Cycle A\n2026-02-17 | Cycle A\n2026-03-01 | Cycle A\n2026-03-13 | Cycle A\n2026-03-25 | Cycle A\n2026-04-06 | Cycle A\n2026-04-18 | Cycle A\n2026-04-30 | Cycle A\n2026-05-12 | Cycle A\n2026-05-24 | Cycle A\n2026-06-05 | Cycle A\n2026-06-17 | Cycle A\n2026-06-29 | Cycle A\n2026-07-11 | Cycle A\n2026-07-23 | Cycle A\n2026-08-04 | Cycle A\n2026-08-16 | Cycle A\n2026-08-28 | Cycle A\n2026-09-09 | Cycle A\n2026-09-21 | Cycle A\n2026-10-03 | Cycle A\n2026-10-15 | Cycle A\n2026-10-27 | Cycle A\n2026-11-08 | Cycle A\n2026-11-20 | Cycle A\n2026-12-02 | Cycle A\n2026-12-14 | Cycle A\n2026-12-26 | Cycle A","mixed_mode":"yes","l_band":"yes","ls_band":"no","s_band":"no","SH":1,"SV":1,"DH":0,"DV":0,"QP":0,"CP":0,"QD":0,"QQ":0,"bw_40":"no","bw_20":"no","bw_77":"yes","bw_max_5":"yes","visualization":"F1","Shape__Area":642350411287.17188,"Shape__Length":3207455.873057025,"tracks":40,"frames":124}},{"type":"Feature","id":6593,"geometry":{"type":"Polygon","coordinates":[[[-91.616410295,-74.536746825],[-91.958996121,-75.0903474629999],[-96.2808284719999,-74.8623332019999],[-97.913694737,-74.7526528],[-100.565691692,-74.545415614],[-99.941019748,-74.005308559],[-99.3523287629999,-73.463775288],[-98.796272093,-72.920945849],[-98.26989573,-72.376934409],[-95.9223224519999,-72.56466711],[-94.483033109,-72.664435566],[-90.691562221,-72.8739130439999],[-90.9844121829999,-73.428502028],[-91.292161098,-73.982788485],[-91.616410295,-74.536746825]]]},"properties":{"fid":6593,"track":83,"frame":125,"dates":"2025-09-28, 2025-10-10, 2025-10-22, 2025-11-03, 2025-11-15, 2025-11-27, 2025-12-09, 2025-12-21, 2026-01-02, 2026-01-14, 2026-01-26, 2026-02-07, 2026-02-19, 2026-03-03, 2026-03-15, 2026-03-27, 2026-04-08, 2026-04-20, 2026-05-02, 2026-05-14, 2026-05-26, 2026-06-07, 2026-06-19, 2026-07-01, 2026-07-13, 2026-07-25, 2026-08-06, 2026-08-18, 2026-08-30, 2026-09-11, 2026-09-23, 2026-10-05, 2026-10-17, 2026-10-29, 2026-11-10, 2026-11-22, 2026-12-04, 2026-12-16, 2026-12-28","acquisition_time":"23:42:40","date_mode_popup":"2025-09-28 | 246\n2025-10-10 | 246\n2025-10-22 | 246\n2025-11-03 | 246\n2025-11-15 | 246\n2025-11-27 | 246\n2025-12-09 | 246\n2025-12-21 | 246\n2026-01-02 | 246\n2026-01-14 | 246\n2026-01-26 | 246\n2026-02-07 | 220\n2026-02-19 | 220\n2026-03-03 | 246\n2026-03-15 | 246\n2026-03-27 | 246\n2026-04-08 | 246\n2026-04-20 | 246\n2026-05-02 | 246\n2026-05-14 | 246\n2026-05-26 | 246\n2026-06-07 | 246\n2026-06-19 | 246\n2026-07-01 | 246\n2026-07-13 | 246\n2026-07-25 | 246\n2026-08-06 | 220\n2026-08-18 | 220\n2026-08-30 | 246\n2026-09-11 | 246\n2026-09-23 | 246\n2026-10-05 | 246\n2026-10-17 | 246\n2026-10-29 | 246\n2026-11-10 | 246\n2026-11-22 | 246\n2026-12-04 | 246\n2026-12-16 | 246\n2026-12-28 | 246","producerifg":1,"producerunw":1,"produceroff":1,"producegunw":1,"producegoff":1,"producerslc":1,"producegslc":1,"producegcov":1,"producesmst":0,"passdirection":"Descending","unique_radar_mode_list":"220, 246","unique_radar_mode_mnemonic_list":"L:SCI:SH:77M+---:HS:B4:D02  S:--:SH:37W:B4, L:SCI:SH:77M+---:HS:B4:D02  S:DB:CP:25W:B4","number_combos":2,"mode_change":"yes","radar_mode_combination_1":"246","radar_mode_combination_2":"220","radar_mode_combination_3":null,"radar_mode_combination_4":null,"radar_mode_combination_5":null,"radar_mode_combination_6":null,"radar_mode_combination_7":null,"radar_mode_combination_8":null,"radar_mode_combination_9":null,"radar_mode_mnemonic_combination_1":"L:SCI:SH:77M+---:HS:B4:D02  S:--:SH:37W:B4","radar_mode_mnemonic_combination_2":"L:SCI:SH:77M+---:HS:B4:D02  S:DB:CP:25W:B4","radar_mode_mnemonic_combination_3":null,"radar_mode_mnemonic_combination_4":null,"radar_mode_mnemonic_combination_5":null,"radar_mode_mnemonic_combination_6":null,"radar_mode_mnemonic_combination_7":null,"radar_mode_mnemonic_combination_8":null,"radar_mode_mnemonic_combination_9":null,"date_cycle_popup":"2025-09-28 | Cycle A\n2025-10-10 | Cycle A\n2025-10-22 | Cycle A\n2025-11-03 | Cycle A\n2025-11-15 | Cycle A\n2025-11-27 | Cycle A\n2025-12-09 | Cycle A\n2025-12-21 | Cycle A\n2026-01-02 | Cycle A\n2026-01-14 | Cycle A\n2026-01-26 | Cycle A\n2026-02-07 | Cycle B\n2026-02-19 | Cycle B\n2026-03-03 | Cycle A\n2026-03-15 | Cycle A\n2026-03-27 | Cycle A\n2026-04-08 | Cycle A\n2026-04-20 | Cycle A\n2026-05-02 | Cycle A\n2026-05-14 | Cycle A\n2026-05-26 | Cycle A\n2026-06-07 | Cycle A\n2026-06-19 | Cycle A\n2026-07-01 | Cycle A\n2026-07-13 | Cycle A\n2026-07-25 | Cycle A\n2026-08-06 | Cycle B\n2026-08-18 | Cycle B\n2026-08-30 | Cycle A\n2026-09-11 | Cycle A\n2026-09-23 | Cycle A\n2026-10-05 | Cycle A\n2026-10-17 | Cycle A\n2026-10-29 | Cycle A\n2026-11-10 | Cycle A\n2026-11-22 | Cycle A\n2026-12-04 | Cycle A\n2026-12-16 | Cycle A\n2026-12-28 | Cycle A","mixed_mode":"no","l_band":"yes","ls_band":"yes","s_band":"no","SH":1,"SV":0,"DH":0,"DV":0,"QP":0,"CP":0,"QD":0,"QQ":0,"bw_40":"no","bw_20":"no","bw_77":"yes","bw_max_5":"no","visualization":"S0","Shape__Area":829387442032.39063,"Shape__Length":3644106.4877153845,"tracks":83,"frames":125}},{"type":"Feature","id":3914,"geometry":{"type":"Polygon","coordinates":[[[-90.125941011,-78.130118109],[-90.659168644,-78.680764983],[-91.239041365,-79.2305829329999],[-97.089577971,-78.94204953],[-99.261821212,-78.80153136],[-102.736273376,-78.535324648],[-101.670965415,-78.012164469],[-100.68880493,-77.485679808],[-99.780154285,-76.956267622],[-98.9367477069999,-76.424264786],[-95.94983461,-76.654402331],[-94.100626962,-76.7759181379999],[-89.175833929,-77.026735232],[-89.6332048829999,-77.578746172],[-90.125941011,-78.130118109]]]},"properties":{"fid":3914,"track":54,"frame":127,"dates":"2025-09-26, 2025-10-08, 2025-10-20, 2025-11-01, 2025-11-13, 2025-11-25, 2025-12-07, 2025-12-19, 2025-12-31, 2026-01-12, 2026-01-24, 2026-02-05, 2026-02-17, 2026-03-01, 2026-03-13, 2026-03-25, 2026-04-06, 2026-04-18, 2026-04-30, 2026-05-12, 2026-05-24, 2026-06-05, 2026-06-17, 2026-06-29, 2026-07-11, 2026-07-23, 2026-08-04, 2026-08-16, 2026-08-28, 2026-09-09, 2026-09-21, 2026-10-03, 2026-10-15, 2026-10-27, 2026-11-08, 2026-11-20, 2026-12-02, 2026-12-14, 2026-12-26","acquisition_time":"23:27:20","date_mode_popup":"2025-09-26 | 151\n2025-10-08 | 151\n2025-10-20 | 151\n2025-11-01 | 151\n2025-11-13 | 151\n2025-11-25 | 151\n2025-12-07 | 151\n2025-12-19 | 151\n2025-12-31 | 151\n2026-01-12 | 151\n2026-01-24 | 151\n2026-02-05 | 151\n2026-02-17 | 151\n2026-03-01 | 151\n2026-03-13 | 151\n2026-03-25 | 151\n2026-04-06 | 151\n2026-04-18 | 151\n2026-04-30 | 151\n2026-05-12 | 151\n2026-05-24 | 151\n2026-06-05 | 151\n2026-06-17 | 151\n2026-06-29 | 151\n2026-07-11 | 151\n2026-07-23 | 151\n2026-08-04 | 151\n2026-08-16 | 151\n2026-08-28 | 151\n2026-09-09 | 151\n2026-09-21 | 151\n2026-10-03 | 151\n2026-10-15 | 151\n2026-10-27 | 151\n2026-11-08 | 151\n2026-11-20 | 151\n2026-12-02 | 151\n2026-12-14 | 151\n2026-12-26 | 151","producerifg":1,"producerunw":1,"produceroff":1,"producegunw":1,"producegoff":1,"producerslc":1,"producegslc":1,"producegcov":1,"producesmst":0,"passdirection":"Descending","unique_radar_mode_list":"151","unique_radar_mode_mnemonic_list":"L:SCI:SH:40M+05N:FS:B4:D02","number_combos":1,"mode_change":"no","radar_mode_combination_1":"151","radar_mode_combination_2":null,"radar_mode_combination_3":null,"radar_mode_combination_4":null,"radar_mode_combination_5":null,"radar_mode_combination_6":null,"radar_mode_combination_7":null,"radar_mode_combination_8":null,"radar_mode_combination_9":null,"radar_mode_mnemonic_combination_1":"L:SCI:SH:40M+05N:FS:B4:D02","radar_mode_mnemonic_combination_2":null,"radar_mode_mnemonic_combination_3":null,"radar_mode_mnemonic_combination_4":null,"radar_mode_mnemonic_combination_5":null,"radar_mode_mnemonic_combination_6":null,"radar_mode_mnemonic_combination_7":null,"radar_mode_mnemonic_combination_8":null,"radar_mode_mnemonic_combination_9":null,"date_cycle_popup":"2025-09-26 | Cycle A\n2025-10-08 | Cycle A\n2025-10-20 | Cycle A\n2025-11-01 | Cycle A\n2025-11-13 | Cycle A\n2025-11-25 | Cycle A\n2025-12-07 | Cycle A\n2025-12-19 | Cycle A\n2025-12-31 | Cycle A\n2026-01-12 | Cycle A\n2026-01-24 | Cycle A\n2026-02-05 | Cycle A\n2026-02-17 | Cycle A\n2026-03-01 | Cycle A\n2026-03-13 | Cycle A\n2026-03-25 | Cycle A\n2026-04-06 | Cycle A\n2026-04-18 | Cycle A\n2026-04-30 | Cycle A\n2026-05-12 | Cycle A\n2026-05-24 | Cycle A\n2026-06-05 | Cycle A\n2026-06-17 | Cycle A\n2026-06-29 | Cycle A\n2026-07-11 | Cycle A\n2026-07-23 | Cycle A\n2026-08-04 | Cycle A\n2026-08-16 | Cycle A\n2026-08-28 | Cycle A\n2026-09-09 | Cycle A\n2026-09-21 | Cycle A\n2026-10-03 | Cycle A\n2026-10-15 | Cycle A\n2026-10-27 | Cycle A\n2026-11-08 | Cycle A\n2026-11-20 | Cycle A\n2026-12-02 | Cycle A\n2026-12-14 | Cycle A\n2026-12-26 | Cycle A","mixed_mode":"no","l_band":"yes","ls_band":"no","s_band":"no","SH":1,"SV":0,"DH":0,"DV":0,"QP":0,"CP":0,"QD":0,"QQ":0,"bw_40":"yes","bw_20":"no","bw_77":"no","bw_max_5":"no","visualization":"F0","Shape__Area":1470608664004.0313,"Shape__Length":4853480.9437022991,"tracks":54,"frames":127}},{"type":"Feature","id":5188,"geometry":{"type":"Polygon","coordinates":[[[-76.7286547579999,-73.983148032],[-77.053039091,-74.5371173789999],[-77.39577064,-75.090728689],[-81.7176695309999,-74.862643718],[-83.35054937,-74.752935894],[-86.002554742,-74.54565343],[-85.3777321219999,-74.00554112],[-84.78890089,-73.464001867],[-84.232713411,-72.9211658089999],[-83.7062147779999,-72.377147175],[-81.358632797,-72.564919092],[-79.919332587,-72.664711246],[-76.127813053,-72.8742497659999],[-76.4207801809999,-73.428850288],[-76.7286547579999,-73.983148032]]]},"properties":{"fid":5188,"track":68,"frame":125,"dates":"2025-09-27, 2025-10-09, 2025-10-21, 2025-11-02, 2025-11-14, 2025-11-26, 2025-12-08, 2025-12-20, 2026-01-01, 2026-01-13, 2026-01-25, 2026-02-06, 2026-02-18, 2026-03-02, 2026-03-14, 2026-03-26, 2026-04-07, 2026-04-19, 2026-05-01, 2026-05-13, 2026-05-25, 2026-06-06, 2026-06-18, 2026-06-30, 2026-07-12, 2026-07-24, 2026-08-05, 2026-08-17, 2026-08-29, 2026-09-10, 2026-09-22, 2026-10-04, 2026-10-16, 2026-10-28, 2026-11-09, 2026-11-21, 2026-12-03, 2026-12-15, 2026-12-27","acquisition_time":"22:41:40, 22:41:44, 22:43:04","date_mode_popup":"2025-09-27 | 153,150\n2025-10-09 | 153,150\n2025-10-21 | 153,150\n2025-11-02 | 153,150\n2025-11-14 | 153,150\n2025-11-26 | 153,150\n2025-12-08 | 153,150\n2025-12-20 | 153,150\n2026-01-01 | 153,150\n2026-01-13 | 153,150\n2026-01-25 | 153,150\n2026-02-06 | 153,150\n2026-02-18 | 153,150\n2026-03-02 | 153,150\n2026-03-14 | 153,150\n2026-03-26 | 153,150\n2026-04-07 | 153,150\n2026-04-19 | 153,150\n2026-05-01 | 153,150\n2026-05-13 | 153,150\n2026-05-25 | 153,150\n2026-06-06 | 153,150\n2026-06-18 | 153,150\n2026-06-30 | 153,150\n2026-07-12 | 153,150\n2026-07-24 | 153,150\n2026-08-05 | 153,150\n2026-08-17 | 153,150\n2026-08-29 | 153,150\n2026-09-10 | 153,150\n2026-09-22 | 153,150\n2026-10-04 | 153,150\n2026-10-16 | 153,150\n2026-10-28 | 153,150\n2026-11-09 | 153,150\n2026-11-21 | 153,150\n2026-12-03 | 153,150\n2026-12-15 | 153,150\n2026-12-27 | 153,150","producerifg":1,"producerunw":1,"produceroff":1,"producegunw":1,"producegoff":1,"producerslc":1,"producegslc":1,"producegcov":1,"producesmst":0,"passdirection":"Descending","unique_radar_mode_list":"150, 153","unique_radar_mode_mnemonic_list":"L:SCI:SH:77M+---:HS:B4:D02, L:SCI:SV:05W+---:FS:B4:D09","number_combos":1,"mode_change":"no","radar_mode_combination_1":"153,150","radar_mode_combination_2":null,"radar_mode_combination_3":null,"radar_mode_combination_4":null,"radar_mode_combination_5":null,"radar_mode_combination_6":null,"radar_mode_combination_7":null,"radar_mode_combination_8":null,"radar_mode_combination_9":null,"radar_mode_mnemonic_combination_1":"L:SCI:SV:05W+---:FS:B4:D09,L:SCI:SH:77M+---:HS:B4:D02","radar_mode_mnemonic_combination_2":null,"radar_mode_mnemonic_combination_3":null,"radar_mode_mnemonic_combination_4":null,"radar_mode_mnemonic_combination_5":null,"radar_mode_mnemonic_combination_6":null,"radar_mode_mnemonic_combination_7":null,"radar_mode_mnemonic_combination_8":null,"radar_mode_mnemonic_combination_9":null,"date_cycle_popup":"2025-09-27 | Cycle A\n2025-10-09 | Cycle A\n2025-10-21 | Cycle A\n2025-11-02 | Cycle A\n2025-11-14 | Cycle A\n2025-11-26 | Cycle A\n2025-12-08 | Cycle A\n2025-12-20 | Cycle A\n2026-01-01 | Cycle A\n2026-01-13 | Cycle A\n2026-01-25 | Cycle A\n2026-02-06 | Cycle A\n2026-02-18 | Cycle A\n2026-03-02 | Cycle A\n2026-03-14 | Cycle A\n2026-03-26 | Cycle A\n2026-04-07 | Cycle A\n2026-04-19 | Cycle A\n2026-05-01 | Cycle A\n2026-05-13 | Cycle A\n2026-05-25 | Cycle A\n2026-06-06 | Cycle A\n2026-06-18 | Cycle A\n2026-06-30 | Cycle A\n2026-07-12 | Cycle A\n2026-07-24 | Cycle A\n2026-08-05 | Cycle A\n2026-08-17 | Cycle A\n2026-08-29 | Cycle A\n2026-09-10 | Cycle A\n2026-09-22 | Cycle A\n2026-10-04 | Cycle A\n2026-10-16 | Cycle A\n2026-10-28 | Cycle A\n2026-11-09 | Cycle A\n2026-11-21 | Cycle A\n2026-12-03 | Cycle A\n2026-12-15 | Cycle A\n2026-12-27 | Cycle A","mixed_mode":"yes","l_band":"yes","ls_band":"no","s_band":"no","SH":1,"SV":1,"DH":0,"DV":0,"QP":0,"CP":0,"QD":0,"QQ":0,"bw_40":"no","bw_20":"no","bw_77":"yes","bw_max_5":"yes","visualization":"F1","Shape__Area":829445476584.75,"Shape__Length":3644233.4457142069,"tracks":68,"frames":125}},{"type":"Feature","id":1252,"geometry":{"type":"Polygon","coordinates":[[[-84.6836369649999,-76.601390969],[-85.107863933,-77.142868243],[-90.0742506129999,-76.890409664],[-91.938218138,-76.768054682],[-94.947750769,-76.5363081],[-94.1660686979999,-76.013098552],[-93.435597437,-75.487861753],[-92.751134399,-74.960804797],[-92.108137245,-74.4321072389999],[-89.473883738,-74.6381827229999],[-87.8523725789999,-74.747268473],[-83.561864864,-74.974156141],[-83.913450008,-75.516988547],[-84.286508391,-76.059414382],[-84.6836369649999,-76.601390969]]]},"properties":{"fid":1252,"track":25,"frame":126,"dates":"2025-09-24, 2025-10-06, 2025-10-18, 2025-10-30, 2025-11-11, 2025-11-23, 2025-12-05, 2025-12-17, 2025-12-29, 2026-01-10, 2026-01-22, 2026-02-03, 2026-02-15, 2026-02-27, 2026-03-11, 2026-03-23, 2026-04-04, 2026-04-16, 2026-04-28, 2026-05-10, 2026-05-22, 2026-06-03, 2026-06-15, 2026-06-27, 2026-07-09, 2026-07-21, 2026-08-02, 2026-08-14, 2026-08-26, 2026-09-07, 2026-09-19, 2026-10-01, 2026-10-13, 2026-10-25, 2026-11-06, 2026-11-18, 2026-11-30, 2026-12-12, 2026-12-24","acquisition_time":"23:09:36","date_mode_popup":"2025-09-24 | 150\n2025-10-06 | 150\n2025-10-18 | 150\n2025-10-30 | 150\n2025-11-11 | 150\n2025-11-23 | 150\n2025-12-05 | 150\n2025-12-17 | 150\n2025-12-29 | 150\n2026-01-10 | 150\n2026-01-22 | 150\n2026-02-03 | 150\n2026-02-15 | 150\n2026-02-27 | 150\n2026-03-11 | 150\n2026-03-23 | 150\n2026-04-04 | 150\n2026-04-16 | 150\n2026-04-28 | 150\n2026-05-10 | 150\n2026-05-22 | 150\n2026-06-03 | 150\n2026-06-15 | 150\n2026-06-27 | 150\n2026-07-09 | 150\n2026-07-21 | 150\n2026-08-02 | 150\n2026-08-14 | 150\n2026-08-26 | 150\n2026-09-07 | 150\n2026-09-19 | 150\n2026-10-01 | 150\n2026-10-13 | 150\n2026-10-25 | 150\n2026-11-06 | 150\n2026-11-18 | 150\n2026-11-30 | 150\n2026-12-12 | 150\n2026-12-24 | 150","producerifg":1,"producerunw":1,"produceroff":1,"producegunw":1,"producegoff":1,"producerslc":1,"producegslc":1,"producegcov":1,"producesmst":0,"passdirection":"Descending","unique_radar_mode_list":"150","unique_radar_mode_mnemonic_list":"L:SCI:SH:77M+---:HS:B4:D02","number_combos":1,"mode_change":"no","radar_mode_combination_1":"150","radar_mode_combination_2":null,"radar_mode_combination_3":null,"radar_mode_combination_4":null,"radar_mode_combination_5":null,"radar_mode_combination_6":null,"radar_mode_combination_7":null,"radar_mode_combination_8":null,"radar_mode_combination_9":null,"radar_mode_mnemonic_combination_1":"L:SCI:SH:77M+---:HS:B4:D02","radar_mode_mnemonic_combination_2":null,"radar_mode_mnemonic_combination_3":null,"radar_mode_mnemonic_combination_4":null,"radar_mode_mnemonic_combination_5":null,"radar_mode_mnemonic_combination_6":null,"radar_mode_mnemonic_combination_7":null,"radar_mode_mnemonic_combination_8":null,"radar_mode_mnemonic_combination_9":null,"date_cycle_popup":"2025-09-24 | Cycle A\n2025-10-06 | Cycle A\n2025-10-18 | Cycle A\n2025-10-30 | Cycle A\n2025-11-11 | Cycle A\n2025-11-23 | Cycle A\n2025-12-05 | Cycle A\n2025-12-17 | Cycle A\n2025-12-29 | Cycle A\n2026-01-10 | Cycle A\n2026-01-22 | Cycle A\n2026-02-03 | Cycle A\n2026-02-15 | Cycle A\n2026-02-27 | Cycle A\n2026-03-11 | Cycle A\n2026-03-23 | Cycle A\n2026-04-04 | Cycle A\n2026-04-16 | Cycle A\n2026-04-28 | Cycle A\n2026-05-10 | Cycle A\n2026-05-22 | Cycle A\n2026-06-03 | Cycle A\n2026-06-15 | Cycle A\n2026-06-27 | Cycle A\n2026-07-09 | Cycle A\n2026-07-21 | Cycle A\n2026-08-02 | Cycle A\n2026-08-14 | Cycle A\n2026-08-26 | Cycle A\n2026-09-07 | Cycle A\n2026-09-19 | Cycle A\n2026-10-01 | Cycle A\n2026-10-13 | Cycle A\n2026-10-25 | Cycle A\n2026-11-06 | Cycle A\n2026-11-18 | Cycle A\n2026-11-30 | Cycle A\n2026-12-12 | Cycle A\n2026-12-24 | Cycle A","mixed_mode":"no","l_band":"yes","ls_band":"no","s_band":"no","SH":1,"SV":0,"DH":0,"DV":0,"QP":0,"CP":0,"QD":0,"QQ":0,"bw_40":"no","bw_20":"no","bw_77":"yes","bw_max_5":"no","visualization":"F0","Shape__Area":1060617605280.9219,"Shape__Length":4121963.2627762118,"tracks":25,"frames":126}},{"type":"Feature","id":10051,"geometry":{"type":"Polygon","coordinates":[[[-131.049252201,-73.4290610959999],[-131.34223397,-72.87444908],[-127.550717265,-72.664872229],[-126.111422442,-72.5650654849999],[-123.763854349,-72.377269756],[-123.23731366,-72.921296991],[-122.681080699,-73.4641411539999],[-122.092200176,-74.005687994],[-121.467324014,-74.545807347],[-124.119347677,-74.753118323],[-125.752244216,-74.862843278],[-130.074207059,-75.090971911],[-130.416958879,-74.537350145],[-130.74136135,-73.9833699919999],[-131.049252201,-73.4290610959999]]]},"properties":{"fid":10051,"track":121,"frame":141,"dates":"2025-10-01, 2025-10-13, 2025-10-25, 2025-11-06, 2025-11-18, 2025-11-30, 2025-12-12, 2025-12-24, 2026-01-05, 2026-01-17, 2026-01-29, 2026-02-10, 2026-02-22, 2026-03-06, 2026-03-18, 2026-03-30, 2026-04-11, 2026-04-23, 2026-05-05, 2026-05-17, 2026-05-29, 2026-06-10, 2026-06-22, 2026-07-04, 2026-07-16, 2026-07-28, 2026-08-09, 2026-08-21, 2026-09-02, 2026-09-14, 2026-09-26, 2026-10-08, 2026-10-20, 2026-11-01, 2026-11-13, 2026-11-25, 2026-12-07, 2026-12-19","acquisition_time":"15:06:08","date_mode_popup":"2025-10-01 | 150,153\n2025-10-13 | 150,153\n2025-10-25 | 150,153\n2025-11-06 | 150,153\n2025-11-18 | 150,153\n2025-11-30 | 150,153\n2025-12-12 | 150,153\n2025-12-24 | 150,153\n2026-01-05 | 150,153\n2026-01-17 | 150,153\n2026-01-29 | 150,153\n2026-02-10 | 150,153\n2026-02-22 | 150,153\n2026-03-06 | 150,153\n2026-03-18 | 150,153\n2026-03-30 | 150,153\n2026-04-11 | 150,153\n2026-04-23 | 150,153\n2026-05-05 | 150,153\n2026-05-17 | 150,153\n2026-05-29 | 150,153\n2026-06-10 | 150,153\n2026-06-22 | 150,153\n2026-07-04 | 150,153\n2026-07-16 | 150,153\n2026-07-28 | 150,153\n2026-08-09 | 150,153\n2026-08-21 | 150,153\n2026-09-02 | 150,153\n2026-09-14 | 150,153\n2026-09-26 | 150,153\n2026-10-08 | 150,153\n2026-10-20 | 150,153\n2026-11-01 | 150,153\n2026-11-13 | 150,153\n2026-11-25 | 150,153\n2026-12-07 | 150,153\n2026-12-19 | 150,153","producerifg":1,"producerunw":1,"produceroff":1,"producegunw":1,"producegoff":1,"producerslc":1,"producegslc":1,"producegcov":1,"producesmst":0,"passdirection":"Ascending","unique_radar_mode_list":"150, 153","unique_radar_mode_mnemonic_list":"L:SCI:SH:77M+---:HS:B4:D02, L:SCI:SV:05W+---:FS:B4:D09","number_combos":1,"mode_change":"no","radar_mode_combination_1":"150,153","radar_mode_combination_2":null,"radar_mode_combination_3":null,"radar_mode_combination_4":null,"radar_mode_combination_5":null,"radar_mode_combination_6":null,"radar_mode_combination_7":null,"radar_mode_combination_8":null,"radar_mode_combination_9":null,"radar_mode_mnemonic_combination_1":"L:SCI:SH:77M+---:HS:B4:D02,L:SCI:SV:05W+---:FS:B4:D09","radar_mode_mnemonic_combination_2":null,"radar_mode_mnemonic_combination_3":null,"radar_mode_mnemonic_combination_4":null,"radar_mode_mnemonic_combination_5":null,"radar_mode_mnemonic_combination_6":null,"radar_mode_mnemonic_combination_7":null,"radar_mode_mnemonic_combination_8":null,"radar_mode_mnemonic_combination_9":null,"date_cycle_popup":"2025-10-01 | Cycle A\n2025-10-13 | Cycle A\n2025-10-25 | Cycle A\n2025-11-06 | Cycle A\n2025-11-18 | Cycle A\n2025-11-30 | Cycle A\n2025-12-12 | Cycle A\n2025-12-24 | Cycle A\n2026-01-05 | Cycle A\n2026-01-17 | Cycle A\n2026-01-29 | Cycle A\n2026-02-10 | Cycle A\n2026-02-22 | Cycle A\n2026-03-06 | Cycle A\n2026-03-18 | Cycle A\n2026-03-30 | Cycle A\n2026-04-11 | Cycle A\n2026-04-23 | Cycle A\n2026-05-05 | Cycle A\n2026-05-17 | Cycle A\n2026-05-29 | Cycle A\n2026-06-10 | Cycle A\n2026-06-22 | Cycle A\n2026-07-04 | Cycle A\n2026-07-16 | Cycle A\n2026-07-28 | Cycle A\n2026-08-09 | Cycle A\n2026-08-21 | Cycle A\n2026-09-02 | Cycle A\n2026-09-14 | Cycle A\n2026-09-26 | Cycle A\n2026-10-08 | Cycle A\n2026-10-20 | Cycle A\n2026-11-01 | Cycle A\n2026-11-13 | Cycle A\n2026-11-25 | Cycle A\n2026-12-07 | Cycle A\n2026-12-19 | Cycle A","mixed_mode":"yes","l_band":"yes","ls_band":"no","s_band":"no","SH":1,"SV":1,"DH":0,"DV":0,"QP":0,"CP":0,"QD":0,"QQ":0,"bw_40":"no","bw_20":"no","bw_77":"yes","bw_max_5":"yes","visualization":"F1","Shape__Area":829481710062.48438,"Shape__Length":3644313.1541425544,"tracks":121,"frames":141}},{"type":"Feature","id":12573,"geometry":{"type":"Polygon","coordinates":[[[-85.273595535,-73.428725574],[-85.566471241,-72.8741297229999],[-81.774722184,-72.664629592],[-80.335333641,-72.564850081],[-77.987606321,-72.377096498],[-77.4611862479999,-72.921112732],[-76.905081982,-73.46394678],[-76.3163390879999,-74.005484443],[-75.691610437,-74.545595636],[-78.3437812289999,-74.752857143],[-79.976761031,-74.862550492],[-84.298916508,-75.090591455],[-84.641537364,-74.536984042],[-84.9658181299999,-73.983018882],[-85.273595535,-73.428725574]]]},"properties":{"fid":12573,"track":148,"frame":141,"dates":"2025-10-03, 2025-10-15, 2025-10-27, 2025-11-08, 2025-11-20, 2025-12-02, 2025-12-14, 2025-12-26, 2026-01-07, 2026-01-19, 2026-01-31, 2026-02-12, 2026-02-24, 2026-03-08, 2026-03-20, 2026-04-01, 2026-04-13, 2026-04-25, 2026-05-07, 2026-05-19, 2026-05-31, 2026-06-12, 2026-06-24, 2026-07-06, 2026-07-18, 2026-07-30, 2026-08-11, 2026-08-23, 2026-09-04, 2026-09-16, 2026-09-28, 2026-10-10, 2026-10-22, 2026-11-03, 2026-11-15, 2026-11-27, 2026-12-09, 2026-12-21","acquisition_time":"12:04:08","date_mode_popup":"2025-10-03 | 150\n2025-10-15 | 150\n2025-10-27 | 150\n2025-11-08 | 150\n2025-11-20 | 150\n2025-12-02 | 150\n2025-12-14 | 150\n2025-12-26 | 150\n2026-01-07 | 150\n2026-01-19 | 150\n2026-01-31 | 150\n2026-02-12 | 150\n2026-02-24 | 150\n2026-03-08 | 150\n2026-03-20 | 150\n2026-04-01 | 150\n2026-04-13 | 150\n2026-04-25 | 150\n2026-05-07 | 150\n2026-05-19 | 150\n2026-05-31 | 150\n2026-06-12 | 150\n2026-06-24 | 150\n2026-07-06 | 150\n2026-07-18 | 150\n2026-07-30 | 150\n2026-08-11 | 150\n2026-08-23 | 150\n2026-09-04 | 150\n2026-09-16 | 150\n2026-09-28 | 150\n2026-10-10 | 150\n2026-10-22 | 150\n2026-11-03 | 150\n2026-11-15 | 150\n2026-11-27 | 150\n2026-12-09 | 150\n2026-12-21 | 150","producerifg":1,"producerunw":1,"produceroff":1,"producegunw":1,"producegoff":1,"producerslc":1,"producegslc":1,"producegcov":1,"producesmst":0,"passdirection":"Ascending","unique_radar_mode_list":"150","unique_radar_mode_mnemonic_list":"L:SCI:SH:77M+---:HS:B4:D02","number_combos":1,"mode_change":"no","radar_mode_combination_1":"150","radar_mode_combination_2":null,"radar_mode_combination_3":null,"radar_mode_combination_4":null,"radar_mode_combination_5":null,"radar_mode_combination_6":null,"radar_mode_combination_7":null,"radar_mode_combination_8":null,"radar_mode_combination_9":null,"radar_mode_mnemonic_combination_1":"L:SCI:SH:77M+---:HS:B4:D02","radar_mode_mnemonic_combination_2":null,"radar_mode_mnemonic_combination_3":null,"radar_mode_mnemonic_combination_4":null,"radar_mode_mnemonic_combination_5":null,"radar_mode_mnemonic_combination_6":null,"radar_mode_mnemonic_combination_7":null,"radar_mode_mnemonic_combination_8":null,"radar_mode_mnemonic_combination_9":null,"date_cycle_popup":"2025-10-03 | Cycle A\n2025-10-15 | Cycle A\n2025-10-27 | Cycle A\n2025-11-08 | Cycle A\n2025-11-20 | Cycle A\n2025-12-02 | Cycle A\n2025-12-14 | Cycle A\n2025-12-26 | Cycle A\n2026-01-07 | Cycle A\n2026-01-19 | Cycle A\n2026-01-31 | Cycle A\n2026-02-12 | Cycle A\n2026-02-24 | Cycle A\n2026-03-08 | Cycle A\n2026-03-20 | Cycle A\n2026-04-01 | Cycle A\n2026-04-13 | Cycle A\n2026-04-25 | Cycle A\n2026-05-07 | Cycle A\n2026-05-19 | Cycle A\n2026-05-31 | Cycle A\n2026-06-12 | Cycle A\n2026-06-24 | Cycle A\n2026-07-06 | Cycle A\n2026-07-18 | Cycle A\n2026-07-30 | Cycle A\n2026-08-11 | Cycle A\n2026-08-23 | Cycle A\n2026-09-04 | Cycle A\n2026-09-16 | Cycle A\n2026-09-28 | Cycle A\n2026-10-10 | Cycle A\n2026-10-22 | Cycle A\n2026-11-03 | Cycle A\n2026-11-15 | Cycle A\n2026-11-27 | Cycle A\n2026-12-09 | Cycle A\n2026-12-21 | Cycle A","mixed_mode":"no","l_band":"yes","ls_band":"no","s_band":"no","SH":1,"SV":0,"DH":0,"DV":0,"QP":0,"CP":0,"QD":0,"QQ":0,"bw_40":"no","bw_20":"no","bw_77":"yes","bw_max_5":"no","visualization":"F0","Shape__Area":829470155071.75781,"Shape__Length":3644289.3352365922,"tracks":148,"frames":141}},{"type":"Feature","id":13260,"geometry":{"type":"Polygon","coordinates":[[[-113.367422024,-72.448024469],[-113.64327236,-72.990269898],[-117.458878025,-72.779993385],[-118.907040151,-72.679790658],[-121.26865795,-72.49119604],[-120.775021093,-71.95867175],[-120.305508589,-71.425180712],[-119.858132609,-70.890798694],[-119.431113401,-70.3555932419999],[-117.310104325,-70.529691811],[-116.0133116,-70.6226515989999],[-112.607644752,-70.819831872],[-112.850597584,-71.3627901089999],[-113.103546453,-71.905525764],[-113.367422024,-72.448024469]]]},"properties":{"fid":13260,"track":156,"frame":124,"dates":"2025-10-04, 2025-10-16, 2025-10-28, 2025-11-09, 2025-11-21, 2025-12-03, 2025-12-15, 2025-12-27, 2026-01-08, 2026-01-20, 2026-02-01, 2026-02-13, 2026-02-25, 2026-03-09, 2026-03-21, 2026-04-02, 2026-04-14, 2026-04-26, 2026-05-08, 2026-05-20, 2026-06-01, 2026-06-13, 2026-06-25, 2026-07-07, 2026-07-19, 2026-07-31, 2026-08-12, 2026-08-24, 2026-09-05, 2026-09-17, 2026-09-29, 2026-10-11, 2026-10-23, 2026-11-04, 2026-11-16, 2026-11-28, 2026-12-10, 2026-12-22","acquisition_time":"01:12:04, 01:12:48, 01:12:24, 01:12:08","date_mode_popup":"2025-10-04 | 153\n2025-10-16 | 153\n2025-10-28 | 153\n2025-11-09 | 153\n2025-11-21 | 153\n2025-12-03 | 153\n2025-12-15 | 153\n2025-12-27 | 153\n2026-01-08 | 153\n2026-01-20 | 153\n2026-02-01 | 153\n2026-02-13 | 153\n2026-02-25 | 153\n2026-03-09 | 153\n2026-03-21 | 153\n2026-04-02 | 153\n2026-04-14 | 153\n2026-04-26 | 153\n2026-05-08 | 153\n2026-05-20 | 153\n2026-06-01 | 153\n2026-06-13 | 153\n2026-06-25 | 153\n2026-07-07 | 153\n2026-07-19 | 153\n2026-07-31 | 153\n2026-08-12 | 153\n2026-08-24 | 153\n2026-09-05 | 153\n2026-09-17 | 153\n2026-09-29 | 153\n2026-10-11 | 153\n2026-10-23 | 153\n2026-11-04 | 153\n2026-11-16 | 153\n2026-11-28 | 153\n2026-12-10 | 153\n2026-12-22 | 153","producerifg":0,"producerunw":0,"produceroff":0,"producegunw":0,"producegoff":0,"producerslc":1,"producegslc":1,"producegcov":1,"producesmst":0,"passdirection":"Descending","unique_radar_mode_list":"153","unique_radar_mode_mnemonic_list":"L:SCI:SV:05W+---:FS:B4:D09","number_combos":1,"mode_change":"no","radar_mode_combination_1":"153","radar_mode_combination_2":null,"radar_mode_combination_3":null,"radar_mode_combination_4":null,"radar_mode_combination_5":null,"radar_mode_combination_6":null,"radar_mode_combination_7":null,"radar_mode_combination_8":null,"radar_mode_combination_9":null,"radar_mode_mnemonic_combination_1":"L:SCI:SV:05W+---:FS:B4:D09","radar_mode_mnemonic_combination_2":null,"radar_mode_mnemonic_combination_3":null,"radar_mode_mnemonic_combination_4":null,"radar_mode_mnemonic_combination_5":null,"radar_mode_mnemonic_combination_6":null,"radar_mode_mnemonic_combination_7":null,"radar_mode_mnemonic_combination_8":null,"radar_mode_mnemonic_combination_9":null,"date_cycle_popup":"2025-10-04 | Cycle A\n2025-10-16 | Cycle A\n2025-10-28 | Cycle A\n2025-11-09 | Cycle A\n2025-11-21 | Cycle A\n2025-12-03 | Cycle A\n2025-12-15 | Cycle A\n2025-12-27 | Cycle A\n2026-01-08 | Cycle A\n2026-01-20 | Cycle A\n2026-02-01 | Cycle A\n2026-02-13 | Cycle A\n2026-02-25 | Cycle A\n2026-03-09 | Cycle A\n2026-03-21 | Cycle A\n2026-04-02 | Cycle A\n2026-04-14 | Cycle A\n2026-04-26 | Cycle A\n2026-05-08 | Cycle A\n2026-05-20 | Cycle A\n2026-06-01 | Cycle A\n2026-06-13 | Cycle A\n2026-06-25 | Cycle A\n2026-07-07 | Cycle A\n2026-07-19 | Cycle A\n2026-07-31 | Cycle A\n2026-08-12 | Cycle A\n2026-08-24 | Cycle A\n2026-09-05 | Cycle A\n2026-09-17 | Cycle A\n2026-09-29 | Cycle A\n2026-10-11 | Cycle A\n2026-10-23 | Cycle A\n2026-11-04 | Cycle A\n2026-11-16 | Cycle A\n2026-11-28 | Cycle A\n2026-12-10 | Cycle A\n2026-12-22 | Cycle A","mixed_mode":"no","l_band":"yes","ls_band":"no","s_band":"no","SH":0,"SV":1,"DH":0,"DV":0,"QP":0,"CP":0,"QD":0,"QQ":0,"bw_40":"no","bw_20":"no","bw_77":"no","bw_max_5":"yes","visualization":"F0","Shape__Area":642298921718.14063,"Shape__Length":3207324.6161347171,"tracks":156,"frames":124}},{"type":"Feature","id":8683,"geometry":{"type":"Polygon","coordinates":[[[-113.185414362,-78.13046987],[-113.678060426,-77.579081468],[-114.135346542,-77.027054104],[-109.20986749,-76.776220446],[-107.360415454,-76.654692497],[-104.373124958,-76.424528509],[-103.529704124,-76.956545188],[-102.621034615,-77.485970935],[-101.638849688,-78.012468844],[-100.573510505,-78.535641916],[-104.048461625,-78.801881851],[-106.221034053,-78.942415131],[-112.072511544,-79.230967848],[-112.652282447,-78.681133273],[-113.185414362,-78.13046987]]]},"properties":{"fid":8683,"track":106,"frame":139,"dates":"2025-09-30, 2025-10-12, 2025-10-24, 2025-11-05, 2025-11-17, 2025-11-29, 2025-12-11, 2025-12-23, 2026-01-04, 2026-01-16, 2026-01-28, 2026-02-09, 2026-02-21, 2026-03-05, 2026-03-17, 2026-03-29, 2026-04-10, 2026-04-22, 2026-05-04, 2026-05-16, 2026-05-28, 2026-06-09, 2026-06-21, 2026-07-03, 2026-07-15, 2026-07-27, 2026-08-08, 2026-08-20, 2026-09-01, 2026-09-13, 2026-09-25, 2026-10-07, 2026-10-19, 2026-10-31, 2026-11-12, 2026-11-24, 2026-12-06, 2026-12-18, 2026-12-30","acquisition_time":"14:08:08","date_mode_popup":"2025-09-30 | 151,150\n2025-10-12 | 151,150\n2025-10-24 | 151,150\n2025-11-05 | 151,150\n2025-11-17 | 151,150\n2025-11-29 | 151,150\n2025-12-11 | 151,150\n2025-12-23 | 151,150\n2026-01-04 | 151,150\n2026-01-16 | 151,150\n2026-01-28 | 151,150\n2026-02-09 | 151,150\n2026-02-21 | 151,150\n2026-03-05 | 151,246\n2026-03-17 | 151,246\n2026-03-29 | 151,150\n2026-04-10 | 151,150\n2026-04-22 | 151,150\n2026-05-04 | 151,150\n2026-05-16 | 151,150\n2026-05-28 | 151,150\n2026-06-09 | 151,150\n2026-06-21 | 151,150\n2026-07-03 | 151,150\n2026-07-15 | 151,150\n2026-07-27 | 151,150\n2026-08-08 | 151,150\n2026-08-20 | 151,150\n2026-09-01 | 151,246\n2026-09-13 | 151,246\n2026-09-25 | 151,150\n2026-10-07 | 151,150\n2026-10-19 | 151,150\n2026-10-31 | 151,150\n2026-11-12 | 151,150\n2026-11-24 | 151,150\n2026-12-06 | 151,150\n2026-12-18 | 151,150\n2026-12-30 | 151,150","producerifg":1,"producerunw":1,"produceroff":1,"producegunw":1,"producegoff":1,"producerslc":1,"producegslc":1,"producegcov":1,"producesmst":0,"passdirection":"Ascending","unique_radar_mode_list":"150, 151, 246","unique_radar_mode_mnemonic_list":"L:SCI:SH:40M+05N:FS:B4:D02, L:SCI:SH:77M+---:HS:B4:D02, L:SCI:SH:77M+---:HS:B4:D02  S:--:SH:37W:B4","number_combos":2,"mode_change":"yes","radar_mode_combination_1":"151,150","radar_mode_combination_2":"151,246","radar_mode_combination_3":null,"radar_mode_combination_4":null,"radar_mode_combination_5":null,"radar_mode_combination_6":null,"radar_mode_combination_7":null,"radar_mode_combination_8":null,"radar_mode_combination_9":null,"radar_mode_mnemonic_combination_1":"L:SCI:SH:40M+05N:FS:B4:D02,L:SCI:SH:77M+---:HS:B4:D02","radar_mode_mnemonic_combination_2":"L:SCI:SH:40M+05N:FS:B4:D02,L:SCI:SH:77M+---:HS:B4:D02  S:--:SH:37W:B4","radar_mode_mnemonic_combination_3":null,"radar_mode_mnemonic_combination_4":null,"radar_mode_mnemonic_combination_5":null,"radar_mode_mnemonic_combination_6":null,"radar_mode_mnemonic_combination_7":null,"radar_mode_mnemonic_combination_8":null,"radar_mode_mnemonic_combination_9":null,"date_cycle_popup":"2025-09-30 | Cycle A\n2025-10-12 | Cycle A\n2025-10-24 | Cycle A\n2025-11-05 | Cycle A\n2025-11-17 | Cycle A\n2025-11-29 | Cycle A\n2025-12-11 | Cycle A\n2025-12-23 | Cycle A\n2026-01-04 | Cycle A\n2026-01-16 | Cycle A\n2026-01-28 | Cycle A\n2026-02-09 | Cycle A\n2026-02-21 | Cycle A\n2026-03-05 | Cycle B\n2026-03-17 | Cycle B\n2026-03-29 | Cycle A\n2026-04-10 | Cycle A\n2026-04-22 | Cycle A\n2026-05-04 | Cycle A\n2026-05-16 | Cycle A\n2026-05-28 | Cycle A\n2026-06-09 | Cycle A\n2026-06-21 | Cycle A\n2026-07-03 | Cycle A\n2026-07-15 | Cycle A\n2026-07-27 | Cycle A\n2026-08-08 | Cycle A\n2026-08-20 | Cycle A\n2026-09-01 | Cycle B\n2026-09-13 | Cycle B\n2026-09-25 | Cycle A\n2026-10-07 | Cycle A\n2026-10-19 | Cycle A\n2026-10-31 | Cycle A\n2026-11-12 | Cycle A\n2026-11-24 | Cycle A\n2026-12-06 | Cycle A\n2026-12-18 | Cycle A\n2026-12-30 | Cycle A","mixed_mode":"yes","l_band":"yes","ls_band":"yes","s_band":"no","SH":1,"SV":0,"DH":0,"DV":0,"QP":0,"CP":0,"QD":0,"QQ":0,"bw_40":"yes","bw_20":"no","bw_77":"yes","bw_max_5":"no","visualization":"S1","Shape__Area":1470890045470.5938,"Shape__Length":4853949.4695876753,"tracks":106,"frames":139}},{"type":"Feature","id":9224,"geometry":{"type":"Polygon","coordinates":[[[-94.373953237,-71.90570768],[-94.637808642,-72.448209973],[-94.913637791,-72.990458976],[-98.72960706,-72.780171547],[-100.177900933,-72.679961502],[-102.539725915,-72.491351248],[-102.04608269,-71.958823905],[-101.576564463,-71.425329745],[-101.129183325,-70.890944536],[-100.702159455,-70.3557358269999],[-98.5809718469999,-70.529848745],[-97.284066181,-70.62281538],[-93.878089066,-70.820006557],[-94.1210235789999,-71.3629684199999],[-94.373953237,-71.90570768]]]},"properties":{"fid":9224,"track":112,"frame":124,"dates":"2025-09-30, 2025-10-12, 2025-10-24, 2025-11-05, 2025-11-17, 2025-11-29, 2025-12-11, 2025-12-23, 2026-01-04, 2026-01-16, 2026-01-28, 2026-02-09, 2026-02-21, 2026-03-05, 2026-03-17, 2026-03-29, 2026-04-10, 2026-04-22, 2026-05-04, 2026-05-16, 2026-05-28, 2026-06-09, 2026-06-21, 2026-07-03, 2026-07-15, 2026-07-27, 2026-08-08, 2026-08-20, 2026-09-01, 2026-09-13, 2026-09-25, 2026-10-07, 2026-10-19, 2026-10-31, 2026-11-12, 2026-11-24, 2026-12-06, 2026-12-18, 2026-12-30","acquisition_time":"23:57:04, 23:57:12, 23:58:12, 23:57:20","date_mode_popup":"2025-09-30 | 153,246\n2025-10-12 | 153,246\n2025-10-24 | 153,246\n2025-11-05 | 153,246\n2025-11-17 | 153,246\n2025-11-29 | 153,246\n2025-12-11 | 153,246\n2025-12-23 | 153,246\n2026-01-04 | 153,246\n2026-01-16 | 153,246\n2026-01-28 | 153,246\n2026-02-09 | 153,220\n2026-02-21 | 153,220\n2026-03-05 | 153,246\n2026-03-17 | 153,246\n2026-03-29 | 153,246\n2026-04-10 | 153,246\n2026-04-22 | 153,246\n2026-05-04 | 153,246\n2026-05-16 | 153,246\n2026-05-28 | 153,246\n2026-06-09 | 153,246\n2026-06-21 | 153,246\n2026-07-03 | 153,246\n2026-07-15 | 153,246\n2026-07-27 | 153,246\n2026-08-08 | 153,220\n2026-08-20 | 153,220\n2026-09-01 | 153,246\n2026-09-13 | 153,246\n2026-09-25 | 153,246\n2026-10-07 | 153,246\n2026-10-19 | 153,246\n2026-10-31 | 153,246\n2026-11-12 | 153,246\n2026-11-24 | 153,246\n2026-12-06 | 153,246\n2026-12-18 | 153,246\n2026-12-30 | 153,246","producerifg":1,"producerunw":1,"produceroff":1,"producegunw":1,"producegoff":1,"producerslc":1,"producegslc":1,"producegcov":1,"producesmst":0,"passdirection":"Descending","unique_radar_mode_list":"153, 220, 246","unique_radar_mode_mnemonic_list":"L:SCI:SH:77M+---:HS:B4:D02  S:--:SH:37W:B4, L:SCI:SH:77M+---:HS:B4:D02  S:DB:CP:25W:B4, L:SCI:SV:05W+---:FS:B4:D09","number_combos":2,"mode_change":"yes","radar_mode_combination_1":"153,246","radar_mode_combination_2":"153,220","radar_mode_combination_3":null,"radar_mode_combination_4":null,"radar_mode_combination_5":null,"radar_mode_combination_6":null,"radar_mode_combination_7":null,"radar_mode_combination_8":null,"radar_mode_combination_9":null,"radar_mode_mnemonic_combination_1":"L:SCI:SV:05W+---:FS:B4:D09,L:SCI:SH:77M+---:HS:B4:D02  S:--:SH:37W:B4","radar_mode_mnemonic_combination_2":"L:SCI:SV:05W+---:FS:B4:D09,L:SCI:SH:77M+---:HS:B4:D02  S:DB:CP:25W:B4","radar_mode_mnemonic_combination_3":null,"radar_mode_mnemonic_combination_4":null,"radar_mode_mnemonic_combination_5":null,"radar_mode_mnemonic_combination_6":null,"radar_mode_mnemonic_combination_7":null,"radar_mode_mnemonic_combination_8":null,"radar_mode_mnemonic_combination_9":null,"date_cycle_popup":"2025-09-30 | Cycle A\n2025-10-12 | Cycle A\n2025-10-24 | Cycle A\n2025-11-05 | Cycle A\n2025-11-17 | Cycle A\n2025-11-29 | Cycle A\n2025-12-11 | Cycle A\n2025-12-23 | Cycle A\n2026-01-04 | Cycle A\n2026-01-16 | Cycle A\n2026-01-28 | Cycle A\n2026-02-09 | Cycle B\n2026-02-21 | Cycle B\n2026-03-05 | Cycle A\n2026-03-17 | Cycle A\n2026-03-29 | Cycle A\n2026-04-10 | Cycle A\n2026-04-22 | Cycle A\n2026-05-04 | Cycle A\n2026-05-16 | Cycle A\n2026-05-28 | Cycle A\n2026-06-09 | Cycle A\n2026-06-21 | Cycle A\n2026-07-03 | Cycle A\n2026-07-15 | Cycle A\n2026-07-27 | Cycle A\n2026-08-08 | Cycle B\n2026-08-20 | Cycle B\n2026-09-01 | Cycle A\n2026-09-13 | Cycle A\n2026-09-25 | Cycle A\n2026-10-07 | Cycle A\n2026-10-19 | Cycle A\n2026-10-31 | Cycle A\n2026-11-12 | Cycle A\n2026-11-24 | Cycle A\n2026-12-06 | Cycle A\n2026-12-18 | Cycle A\n2026-12-30 | Cycle A","mixed_mode":"yes","l_band":"yes","ls_band":"yes","s_band":"no","SH":1,"SV":1,"DH":0,"DV":0,"QP":0,"CP":0,"QD":0,"QQ":0,"bw_40":"no","bw_20":"no","bw_77":"yes","bw_max_5":"yes","visualization":"S1","Shape__Area":642365631361.91406,"Shape__Length":3207494.2029056638,"tracks":112,"frames":124}},{"type":"Feature","id":14534,"geometry":{"type":"Polygon","coordinates":[[[-102.960498023,-72.448000202],[-103.236280034,-72.9902430969999],[-107.052135553,-72.7799887589999],[-108.500391624,-72.679792315],[-110.862161396,-72.491205432],[-110.368574831,-71.958682088],[-109.899109782,-71.425192169],[-109.451778655,-70.89081143],[-109.024801909,-70.3556074099999],[-106.903661168,-70.529699555],[-105.606787022,-70.6226540869999],[-102.200903014,-70.819815723],[-102.443798542,-71.362771171],[-102.696686762,-71.90550412],[-102.960498023,-72.448000202]]]},"properties":{"fid":14534,"track":170,"frame":124,"dates":"2025-10-05, 2025-10-17, 2025-10-29, 2025-11-10, 2025-11-22, 2025-12-04, 2025-12-16, 2025-12-28, 2026-01-09, 2026-01-21, 2026-02-02, 2026-02-14, 2026-02-26, 2026-03-10, 2026-03-22, 2026-04-03, 2026-04-15, 2026-04-27, 2026-05-09, 2026-05-21, 2026-06-02, 2026-06-14, 2026-06-26, 2026-07-08, 2026-07-20, 2026-08-01, 2026-08-13, 2026-08-25, 2026-09-06, 2026-09-18, 2026-09-30, 2026-10-12, 2026-10-24, 2026-11-05, 2026-11-17, 2026-11-29, 2026-12-11, 2026-12-23","acquisition_time":"00:30:36, 00:31:28, 00:30:52","date_mode_popup":"2025-10-05 | 153\n2025-10-17 | 153\n2025-10-29 | 153\n2025-11-10 | 153\n2025-11-22 | 153\n2025-12-04 | 153\n2025-12-16 | 153\n2025-12-28 | 153\n2026-01-09 | 153\n2026-01-21 | 153\n2026-02-02 | 153\n2026-02-14 | 153\n2026-02-26 | 153\n2026-03-10 | 153\n2026-03-22 | 153\n2026-04-03 | 153\n2026-04-15 | 153\n2026-04-27 | 153\n2026-05-09 | 153\n2026-05-21 | 153\n2026-06-02 | 153\n2026-06-14 | 153\n2026-06-26 | 153\n2026-07-08 | 153\n2026-07-20 | 153\n2026-08-01 | 153\n2026-08-13 | 153\n2026-08-25 | 153\n2026-09-06 | 153\n2026-09-18 | 153\n2026-09-30 | 153\n2026-10-12 | 153\n2026-10-24 | 153\n2026-11-05 | 153\n2026-11-17 | 153\n2026-11-29 | 153\n2026-12-11 | 153\n2026-12-23 | 153","producerifg":1,"producerunw":1,"produceroff":1,"producegunw":1,"producegoff":1,"producerslc":1,"producegslc":1,"producegcov":1,"producesmst":0,"passdirection":"Descending","unique_radar_mode_list":"153","unique_radar_mode_mnemonic_list":"L:SCI:SV:05W+---:FS:B4:D09","number_combos":1,"mode_change":"no","radar_mode_combination_1":"153","radar_mode_combination_2":null,"radar_mode_combination_3":null,"radar_mode_combination_4":null,"radar_mode_combination_5":null,"radar_mode_combination_6":null,"radar_mode_combination_7":null,"radar_mode_combination_8":null,"radar_mode_combination_9":null,"radar_mode_mnemonic_combination_1":"L:SCI:SV:05W+---:FS:B4:D09","radar_mode_mnemonic_combination_2":null,"radar_mode_mnemonic_combination_3":null,"radar_mode_mnemonic_combination_4":null,"radar_mode_mnemonic_combination_5":null,"radar_mode_mnemonic_combination_6":null,"radar_mode_mnemonic_combination_7":null,"radar_mode_mnemonic_combination_8":null,"radar_mode_mnemonic_combination_9":null,"date_cycle_popup":"2025-10-05 | Cycle A\n2025-10-17 | Cycle A\n2025-10-29 | Cycle A\n2025-11-10 | Cycle A\n2025-11-22 | Cycle A\n2025-12-04 | Cycle A\n2025-12-16 | Cycle A\n2025-12-28 | Cycle A\n2026-01-09 | Cycle A\n2026-01-21 | Cycle A\n2026-02-02 | Cycle A\n2026-02-14 | Cycle A\n2026-02-26 | Cycle A\n2026-03-10 | Cycle A\n2026-03-22 | Cycle A\n2026-04-03 | Cycle A\n2026-04-15 | Cycle A\n2026-04-27 | Cycle A\n2026-05-09 | Cycle A\n2026-05-21 | Cycle A\n2026-06-02 | Cycle A\n2026-06-14 | Cycle A\n2026-06-26 | Cycle A\n2026-07-08 | Cycle A\n2026-07-20 | Cycle A\n2026-08-01 | Cycle A\n2026-08-13 | Cycle A\n2026-08-25 | Cycle A\n2026-09-06 | Cycle A\n2026-09-18 | Cycle A\n2026-09-30 | Cycle A\n2026-10-12 | Cycle A\n2026-10-24 | Cycle A\n2026-11-05 | Cycle A\n2026-11-17 | Cycle A\n2026-11-29 | Cycle A\n2026-12-11 | Cycle A\n2026-12-23 | Cycle A","mixed_mode":"no","l_band":"yes","ls_band":"no","s_band":"no","SH":0,"SV":1,"DH":0,"DV":0,"QP":0,"CP":0,"QD":0,"QQ":0,"bw_40":"no","bw_20":"no","bw_77":"no","bw_max_5":"yes","visualization":"F0","Shape__Area":642330127365.82031,"Shape__Length":3207405.223531248,"tracks":170,"frames":124}},{"type":"Feature","id":13174,"geometry":{"type":"Polygon","coordinates":[[[-89.535410051,-74.536776214],[-89.87799727,-75.090377445],[-94.1998875209999,-74.862360361],[-95.832774421,-74.752678379],[-98.4848033379999,-74.545438034],[-97.860126121,-74.0053306089999],[-97.271430274,-73.463796949],[-96.715369104,-72.9209670979999],[-96.188988577,-72.3769552379999],[-93.8413870529999,-72.5646907619999],[-92.402079658,-72.664460632],[-88.610558625,-72.873940669],[-88.903409584,-73.428530235],[-89.2111596119999,-73.982817285],[-89.535410051,-74.536776214]]]},"properties":{"fid":13174,"track":155,"frame":125,"dates":"2025-10-03, 2025-10-15, 2025-10-27, 2025-11-08, 2025-11-20, 2025-12-02, 2025-12-14, 2025-12-26, 2026-01-07, 2026-01-19, 2026-01-31, 2026-02-12, 2026-02-24, 2026-03-08, 2026-03-20, 2026-04-01, 2026-04-13, 2026-04-25, 2026-05-07, 2026-05-19, 2026-05-31, 2026-06-12, 2026-06-24, 2026-07-06, 2026-07-18, 2026-07-30, 2026-08-11, 2026-08-23, 2026-09-04, 2026-09-16, 2026-09-28, 2026-10-10, 2026-10-22, 2026-11-03, 2026-11-15, 2026-11-27, 2026-12-09, 2026-12-21","acquisition_time":"23:34:32","date_mode_popup":"2025-10-03 | 150\n2025-10-15 | 150\n2025-10-27 | 150\n2025-11-08 | 150\n2025-11-20 | 150\n2025-12-02 | 150\n2025-12-14 | 150\n2025-12-26 | 150\n2026-01-07 | 150\n2026-01-19 | 150\n2026-01-31 | 150\n2026-02-12 | 150\n2026-02-24 | 150\n2026-03-08 | 150\n2026-03-20 | 150\n2026-04-01 | 150\n2026-04-13 | 150\n2026-04-25 | 150\n2026-05-07 | 150\n2026-05-19 | 150\n2026-05-31 | 150\n2026-06-12 | 150\n2026-06-24 | 150\n2026-07-06 | 150\n2026-07-18 | 150\n2026-07-30 | 150\n2026-08-11 | 150\n2026-08-23 | 150\n2026-09-04 | 150\n2026-09-16 | 150\n2026-09-28 | 150\n2026-10-10 | 150\n2026-10-22 | 150\n2026-11-03 | 150\n2026-11-15 | 150\n2026-11-27 | 150\n2026-12-09 | 150\n2026-12-21 | 150","producerifg":1,"producerunw":1,"produceroff":1,"producegunw":1,"producegoff":1,"producerslc":1,"producegslc":1,"producegcov":1,"producesmst":0,"passdirection":"Descending","unique_radar_mode_list":"150","unique_radar_mode_mnemonic_list":"L:SCI:SH:77M+---:HS:B4:D02","number_combos":1,"mode_change":"no","radar_mode_combination_1":"150","radar_mode_combination_2":null,"radar_mode_combination_3":null,"radar_mode_combination_4":null,"radar_mode_combination_5":null,"radar_mode_combination_6":null,"radar_mode_combination_7":null,"radar_mode_combination_8":null,"radar_mode_combination_9":null,"radar_mode_mnemonic_combination_1":"L:SCI:SH:77M+---:HS:B4:D02","radar_mode_mnemonic_combination_2":null,"radar_mode_mnemonic_combination_3":null,"radar_mode_mnemonic_combination_4":null,"radar_mode_mnemonic_combination_5":null,"radar_mode_mnemonic_combination_6":null,"radar_mode_mnemonic_combination_7":null,"radar_mode_mnemonic_combination_8":null,"radar_mode_mnemonic_combination_9":null,"date_cycle_popup":"2025-10-03 | Cycle A\n2025-10-15 | Cycle A\n2025-10-27 | Cycle A\n2025-11-08 | Cycle A\n2025-11-20 | Cycle A\n2025-12-02 | Cycle A\n2025-12-14 | Cycle A\n2025-12-26 | Cycle A\n2026-01-07 | Cycle A\n2026-01-19 | Cycle A\n2026-01-31 | Cycle A\n2026-02-12 | Cycle A\n2026-02-24 | Cycle A\n2026-03-08 | Cycle A\n2026-03-20 | Cycle A\n2026-04-01 | Cycle A\n2026-04-13 | Cycle A\n2026-04-25 | Cycle A\n2026-05-07 | Cycle A\n2026-05-19 | Cycle A\n2026-05-31 | Cycle A\n2026-06-12 | Cycle A\n2026-06-24 | Cycle A\n2026-07-06 | Cycle A\n2026-07-18 | Cycle A\n2026-07-30 | Cycle A\n2026-08-11 | Cycle A\n2026-08-23 | Cycle A\n2026-09-04 | Cycle A\n2026-09-16 | Cycle A\n2026-09-28 | Cycle A\n2026-10-10 | Cycle A\n2026-10-22 | Cycle A\n2026-11-03 | Cycle A\n2026-11-15 | Cycle A\n2026-11-27 | Cycle A\n2026-12-09 | Cycle A\n2026-12-21 | Cycle A","mixed_mode":"no","l_band":"yes","ls_band":"no","s_band":"no","SH":1,"SV":0,"DH":0,"DV":0,"QP":0,"CP":0,"QD":0,"QQ":0,"bw_40":"no","bw_20":"no","bw_77":"yes","bw_max_5":"no","visualization":"F0","Shape__Area":829400415905.89844,"Shape__Length":3644135.240148487,"tracks":155,"frames":125}},{"type":"Feature","id":84,"geometry":{"type":"Polygon","coordinates":[[[-117.267091033,-71.9055809979999],[-117.531015624,-72.44808107],[-117.806918056,-72.9903277509999],[-121.622368001,-72.7800288179999],[-123.070470581,-72.679818894],[-125.431990868,-72.4912140929999],[-124.938311686,-71.9586900429999],[-124.46875921,-71.425199054],[-124.02134543,-70.890816915],[-123.59429043,-70.355611192],[-121.47336744,-70.529718509],[-120.176627451,-70.6226844889999],[-116.77109948,-70.819884089],[-117.014095952,-71.3628438759999],[-117.267091033,-71.9055809979999]]]},"properties":{"fid":84,"track":12,"frame":124,"dates":"2025-09-24, 2025-10-06, 2025-10-18, 2025-10-30, 2025-11-11, 2025-11-23, 2025-12-05, 2025-12-17, 2025-12-29, 2026-01-10, 2026-01-22, 2026-02-03, 2026-02-15, 2026-02-27, 2026-03-11, 2026-03-23, 2026-04-04, 2026-04-16, 2026-04-28, 2026-05-10, 2026-05-22, 2026-06-03, 2026-06-15, 2026-06-27, 2026-07-09, 2026-07-21, 2026-08-02, 2026-08-14, 2026-08-26, 2026-09-07, 2026-09-19, 2026-10-01, 2026-10-13, 2026-10-25, 2026-11-06, 2026-11-18, 2026-11-30, 2026-12-12, 2026-12-24","acquisition_time":"01:28:44, 01:28:40, 01:29:28, 01:29:00","date_mode_popup":"2025-09-24 | 153\n2025-10-06 | 153\n2025-10-18 | 153\n2025-10-30 | 153\n2025-11-11 | 153\n2025-11-23 | 153\n2025-12-05 | 153\n2025-12-17 | 153\n2025-12-29 | 153\n2026-01-10 | 153\n2026-01-22 | 153\n2026-02-03 | 153\n2026-02-15 | 153\n2026-02-27 | 153\n2026-03-11 | 153\n2026-03-23 | 153\n2026-04-04 | 153\n2026-04-16 | 153\n2026-04-28 | 153\n2026-05-10 | 153\n2026-05-22 | 153\n2026-06-03 | 153\n2026-06-15 | 153\n2026-06-27 | 153\n2026-07-09 | 153\n2026-07-21 | 153\n2026-08-02 | 153\n2026-08-14 | 153\n2026-08-26 | 153\n2026-09-07 | 153\n2026-09-19 | 153\n2026-10-01 | 153\n2026-10-13 | 153\n2026-10-25 | 153\n2026-11-06 | 153\n2026-11-18 | 153\n2026-11-30 | 153\n2026-12-12 | 153\n2026-12-24 | 153","producerifg":0,"producerunw":0,"produceroff":0,"producegunw":0,"producegoff":0,"producerslc":1,"producegslc":1,"producegcov":1,"producesmst":0,"passdirection":"Descending","unique_radar_mode_list":"153","unique_radar_mode_mnemonic_list":"L:SCI:SV:05W+---:FS:B4:D09","number_combos":1,"mode_change":"no","radar_mode_combination_1":"153","radar_mode_combination_2":null,"radar_mode_combination_3":null,"radar_mode_combination_4":null,"radar_mode_combination_5":null,"radar_mode_combination_6":null,"radar_mode_combination_7":null,"radar_mode_combination_8":null,"radar_mode_combination_9":null,"radar_mode_mnemonic_combination_1":"L:SCI:SV:05W+---:FS:B4:D09","radar_mode_mnemonic_combination_2":null,"radar_mode_mnemonic_combination_3":null,"radar_mode_mnemonic_combination_4":null,"radar_mode_mnemonic_combination_5":null,"radar_mode_mnemonic_combination_6":null,"radar_mode_mnemonic_combination_7":null,"radar_mode_mnemonic_combination_8":null,"radar_mode_mnemonic_combination_9":null,"date_cycle_popup":"2025-09-24 | Cycle A\n2025-10-06 | Cycle A\n2025-10-18 | Cycle A\n2025-10-30 | Cycle A\n2025-11-11 | Cycle A\n2025-11-23 | Cycle A\n2025-12-05 | Cycle A\n2025-12-17 | Cycle A\n2025-12-29 | Cycle A\n2026-01-10 | Cycle A\n2026-01-22 | Cycle A\n2026-02-03 | Cycle A\n2026-02-15 | Cycle A\n2026-02-27 | Cycle A\n2026-03-11 | Cycle A\n2026-03-23 | Cycle A\n2026-04-04 | Cycle A\n2026-04-16 | Cycle A\n2026-04-28 | Cycle A\n2026-05-10 | Cycle A\n2026-05-22 | Cycle A\n2026-06-03 | Cycle A\n2026-06-15 | Cycle A\n2026-06-27 | Cycle A\n2026-07-09 | Cycle A\n2026-07-21 | Cycle A\n2026-08-02 | Cycle A\n2026-08-14 | Cycle A\n2026-08-26 | Cycle A\n2026-09-07 | Cycle A\n2026-09-19 | Cycle A\n2026-10-01 | Cycle A\n2026-10-13 | Cycle A\n2026-10-25 | Cycle A\n2026-11-06 | Cycle A\n2026-11-18 | Cycle A\n2026-11-30 | Cycle A\n2026-12-12 | Cycle A\n2026-12-24 | Cycle A","mixed_mode":"no","l_band":"yes","ls_band":"no","s_band":"no","SH":0,"SV":1,"DH":0,"DV":0,"QP":0,"CP":0,"QD":0,"QQ":0,"bw_40":"no","bw_20":"no","bw_77":"no","bw_max_5":"yes","visualization":"F0","Shape__Area":642281162366.07813,"Shape__Length":3207278.5800264063,"tracks":12,"frames":124}},{"type":"Feature","id":15189,"geometry":{"type":"Polygon","coordinates":[[[-89.4372652499999,-73.428680684],[-89.730065665,-72.874086752],[-85.93810537,-72.664610005],[-84.498636883,-72.5648375769999],[-82.150779604,-72.377093433],[-81.624416218,-72.9211094949999],[-81.068372278,-73.46394361],[-80.4796937039999,-74.005481598],[-79.8550337629999,-74.545593402],[-82.5073611029999,-74.752843734],[-84.140437091,-74.862528649],[-88.462845375,-75.0905416269999],[-88.805373698,-74.5369357119999],[-89.129568294,-73.982972203],[-89.4372652499999,-73.428680684]]]},"properties":{"fid":15189,"track":4,"frame":141,"dates":"2025-10-05, 2025-10-17, 2025-10-29, 2025-11-10, 2025-11-22, 2025-12-04, 2025-12-16, 2025-12-28, 2026-01-09, 2026-01-21, 2026-02-02, 2026-02-14, 2026-02-26, 2026-03-10, 2026-03-22, 2026-04-03, 2026-04-15, 2026-04-27, 2026-05-09, 2026-05-21, 2026-06-02, 2026-06-14, 2026-06-26, 2026-07-08, 2026-07-20, 2026-08-01, 2026-08-13, 2026-08-25, 2026-09-06, 2026-09-18, 2026-09-30, 2026-10-12, 2026-10-24, 2026-11-05, 2026-11-17, 2026-11-29, 2026-12-11, 2026-12-23","acquisition_time":"12:17:44","date_mode_popup":"2025-10-05 | 150\n2025-10-17 | 150\n2025-10-29 | 150\n2025-11-10 | 150\n2025-11-22 | 150\n2025-12-04 | 150\n2025-12-16 | 150\n2025-12-28 | 150\n2026-01-09 | 150\n2026-01-21 | 150\n2026-02-02 | 150\n2026-02-14 | 150\n2026-02-26 | 246\n2026-03-10 | 246\n2026-03-22 | 150\n2026-04-03 | 150\n2026-04-15 | 150\n2026-04-27 | 150\n2026-05-09 | 150\n2026-05-21 | 150\n2026-06-02 | 150\n2026-06-14 | 150\n2026-06-26 | 150\n2026-07-08 | 150\n2026-07-20 | 150\n2026-08-01 | 150\n2026-08-13 | 150\n2026-08-25 | 246\n2026-09-06 | 246\n2026-09-18 | 150\n2026-09-30 | 150\n2026-10-12 | 150\n2026-10-24 | 150\n2026-11-05 | 150\n2026-11-17 | 150\n2026-11-29 | 150\n2026-12-11 | 150\n2026-12-23 | 150","producerifg":1,"producerunw":1,"produceroff":1,"producegunw":1,"producegoff":1,"producerslc":1,"producegslc":1,"producegcov":1,"producesmst":0,"passdirection":"Ascending","unique_radar_mode_list":"150, 246","unique_radar_mode_mnemonic_list":"L:SCI:SH:77M+---:HS:B4:D02, L:SCI:SH:77M+---:HS:B4:D02  S:--:SH:37W:B4","number_combos":2,"mode_change":"yes","radar_mode_combination_1":"150","radar_mode_combination_2":"246","radar_mode_combination_3":null,"radar_mode_combination_4":null,"radar_mode_combination_5":null,"radar_mode_combination_6":null,"radar_mode_combination_7":null,"radar_mode_combination_8":null,"radar_mode_combination_9":null,"radar_mode_mnemonic_combination_1":"L:SCI:SH:77M+---:HS:B4:D02","radar_mode_mnemonic_combination_2":"L:SCI:SH:77M+---:HS:B4:D02  S:--:SH:37W:B4","radar_mode_mnemonic_combination_3":null,"radar_mode_mnemonic_combination_4":null,"radar_mode_mnemonic_combination_5":null,"radar_mode_mnemonic_combination_6":null,"radar_mode_mnemonic_combination_7":null,"radar_mode_mnemonic_combination_8":null,"radar_mode_mnemonic_combination_9":null,"date_cycle_popup":"2025-10-05 | Cycle A\n2025-10-17 | Cycle A\n2025-10-29 | Cycle A\n2025-11-10 | Cycle A\n2025-11-22 | Cycle A\n2025-12-04 | Cycle A\n2025-12-16 | Cycle A\n2025-12-28 | Cycle A\n2026-01-09 | Cycle A\n2026-01-21 | Cycle A\n2026-02-02 | Cycle A\n2026-02-14 | Cycle A\n2026-02-26 | Cycle B\n2026-03-10 | Cycle B\n2026-03-22 | Cycle A\n2026-04-03 | Cycle A\n2026-04-15 | Cycle A\n2026-04-27 | Cycle A\n2026-05-09 | Cycle A\n2026-05-21 | Cycle A\n2026-06-02 | Cycle A\n2026-06-14 | Cycle A\n2026-06-26 | Cycle A\n2026-07-08 | Cycle A\n2026-07-20 | Cycle A\n2026-08-01 | Cycle A\n2026-08-13 | Cycle A\n2026-08-25 | Cycle B\n2026-09-06 | Cycle B\n2026-09-18 | Cycle A\n2026-09-30 | Cycle A\n2026-10-12 | Cycle A\n2026-10-24 | Cycle A\n2026-11-05 | Cycle A\n2026-11-17 | Cycle A\n2026-11-29 | Cycle A\n2026-12-11 | Cycle A\n2026-12-23 | Cycle A","mixed_mode":"no","l_band":"yes","ls_band":"yes","s_band":"no","SH":1,"SV":0,"DH":0,"DV":0,"QP":0,"CP":0,"QD":0,"QQ":0,"bw_40":"no","bw_20":"no","bw_77":"yes","bw_max_5":"no","visualization":"S0","Shape__Area":829502991188.89063,"Shape__Length":3644363.041909467,"tracks":4,"frames":141}},{"type":"Feature","id":14617,"geometry":{"type":"Polygon","coordinates":[[[-127.937259035,-72.448267253],[-128.213211101,-72.990519493],[-132.028730024,-72.7801886829999],[-133.476854167,-72.679966008],[-135.838404108,-72.491339678],[-135.344669188,-71.9588121589999],[-134.875064356,-71.425317471],[-134.427601301,-70.890931415],[-134.000499838,-70.3557215669999],[-131.879551925,-70.529847919],[-130.582794296,-70.622825175],[-127.177211337,-70.820053016],[-127.420249043,-71.3630186519999],[-127.67328789,-71.9057615259999],[-127.937259035,-72.448267253]]]},"properties":{"fid":14617,"track":171,"frame":124,"dates":"2025-10-05, 2025-10-17, 2025-10-29, 2025-11-10, 2025-11-22, 2025-12-04, 2025-12-16, 2025-12-28, 2026-01-09, 2026-01-21, 2026-02-02, 2026-02-14, 2026-02-26, 2026-03-10, 2026-03-22, 2026-04-03, 2026-04-15, 2026-04-27, 2026-05-09, 2026-05-21, 2026-06-02, 2026-06-14, 2026-06-26, 2026-07-08, 2026-07-20, 2026-08-01, 2026-08-13, 2026-08-25, 2026-09-06, 2026-09-18, 2026-09-30, 2026-10-12, 2026-10-24, 2026-11-05, 2026-11-17, 2026-11-29, 2026-12-11, 2026-12-23","acquisition_time":"02:09:48, 02:10:52, 02:10:20, 02:10:00","date_mode_popup":"2025-10-05 | 153\n2025-10-17 | 153\n2025-10-29 | 153\n2025-11-10 | 153\n2025-11-22 | 153\n2025-12-04 | 153\n2025-12-16 | 153\n2025-12-28 | 153\n2026-01-09 | 153\n2026-01-21 | 153\n2026-02-02 | 153\n2026-02-14 | 153\n2026-02-26 | 153\n2026-03-10 | 153\n2026-03-22 | 153\n2026-04-03 | 153\n2026-04-15 | 153\n2026-04-27 | 153\n2026-05-09 | 153\n2026-05-21 | 153\n2026-06-02 | 153\n2026-06-14 | 153\n2026-06-26 | 153\n2026-07-08 | 153\n2026-07-20 | 153\n2026-08-01 | 153\n2026-08-13 | 153\n2026-08-25 | 153\n2026-09-06 | 153\n2026-09-18 | 153\n2026-09-30 | 153\n2026-10-12 | 153\n2026-10-24 | 153\n2026-11-05 | 153\n2026-11-17 | 153\n2026-11-29 | 153\n2026-12-11 | 153\n2026-12-23 | 153","producerifg":0,"producerunw":0,"produceroff":0,"producegunw":0,"producegoff":0,"producerslc":1,"producegslc":1,"producegcov":1,"producesmst":0,"passdirection":"Descending","unique_radar_mode_list":"153","unique_radar_mode_mnemonic_list":"L:SCI:SV:05W+---:FS:B4:D09","number_combos":1,"mode_change":"no","radar_mode_combination_1":"153","radar_mode_combination_2":null,"radar_mode_combination_3":null,"radar_mode_combination_4":null,"radar_mode_combination_5":null,"radar_mode_combination_6":null,"radar_mode_combination_7":null,"radar_mode_combination_8":null,"radar_mode_combination_9":null,"radar_mode_mnemonic_combination_1":"L:SCI:SV:05W+---:FS:B4:D09","radar_mode_mnemonic_combination_2":null,"radar_mode_mnemonic_combination_3":null,"radar_mode_mnemonic_combination_4":null,"radar_mode_mnemonic_combination_5":null,"radar_mode_mnemonic_combination_6":null,"radar_mode_mnemonic_combination_7":null,"radar_mode_mnemonic_combination_8":null,"radar_mode_mnemonic_combination_9":null,"date_cycle_popup":"2025-10-05 | Cycle A\n2025-10-17 | Cycle A\n2025-10-29 | Cycle A\n2025-11-10 | Cycle A\n2025-11-22 | Cycle A\n2025-12-04 | Cycle A\n2025-12-16 | Cycle A\n2025-12-28 | Cycle A\n2026-01-09 | Cycle A\n2026-01-21 | Cycle A\n2026-02-02 | Cycle A\n2026-02-14 | Cycle A\n2026-02-26 | Cycle A\n2026-03-10 | Cycle A\n2026-03-22 | Cycle A\n2026-04-03 | Cycle A\n2026-04-15 | Cycle A\n2026-04-27 | Cycle A\n2026-05-09 | Cycle A\n2026-05-21 | Cycle A\n2026-06-02 | Cycle A\n2026-06-14 | Cycle A\n2026-06-26 | Cycle A\n2026-07-08 | Cycle A\n2026-07-20 | Cycle A\n2026-08-01 | Cycle A\n2026-08-13 | Cycle A\n2026-08-25 | Cycle A\n2026-09-06 | Cycle A\n2026-09-18 | Cycle A\n2026-09-30 | Cycle A\n2026-10-12 | Cycle A\n2026-10-24 | Cycle A\n2026-11-05 | Cycle A\n2026-11-17 | Cycle A\n2026-11-29 | Cycle A\n2026-12-11 | Cycle A\n2026-12-23 | Cycle A","mixed_mode":"no","l_band":"yes","ls_band":"no","s_band":"no","SH":0,"SV":1,"DH":0,"DV":0,"QP":0,"CP":0,"QD":0,"QQ":0,"bw_40":"no","bw_20":"no","bw_77":"no","bw_max_5":"yes","visualization":"F0","Shape__Area":642308278179.71875,"Shape__Length":3207346.265815543,"tracks":171,"frames":124}},{"type":"Feature","id":1341,"geometry":{"type":"Polygon","coordinates":[[[-110.9329303,-78.129580533],[-111.46596959,-78.6802071559999],[-112.045630889,-79.230005483],[-117.895595381,-78.9415589179999],[-120.067660179,-78.801078037],[-123.541867918,-78.534936562],[-122.47682783,-78.011785836],[-121.494909091,-77.485312271],[-120.586477405,-76.955912628],[-119.743269821,-76.423923598],[-116.75656408,-76.654007695],[-114.907500137,-76.7754931379999],[-109.983144003,-77.0262397509999],[-110.440362936,-77.578229402],[-110.9329303,-78.129580533]]]},"properties":{"fid":1341,"track":26,"frame":127,"dates":"2025-09-25, 2025-10-07, 2025-10-19, 2025-10-31, 2025-11-12, 2025-11-24, 2025-12-06, 2025-12-18, 2025-12-30, 2026-01-11, 2026-01-23, 2026-02-04, 2026-02-16, 2026-02-28, 2026-03-12, 2026-03-24, 2026-04-05, 2026-04-17, 2026-04-29, 2026-05-11, 2026-05-23, 2026-06-04, 2026-06-16, 2026-06-28, 2026-07-10, 2026-07-22, 2026-08-03, 2026-08-15, 2026-08-27, 2026-09-08, 2026-09-20, 2026-10-02, 2026-10-14, 2026-10-26, 2026-11-07, 2026-11-19, 2026-12-01, 2026-12-13, 2026-12-25","acquisition_time":"00:49:48","date_mode_popup":"2025-09-25 | 246\n2025-10-07 | 246\n2025-10-19 | 246\n2025-10-31 | 246\n2025-11-12 | 246\n2025-11-24 | 246\n2025-12-06 | 246\n2025-12-18 | 246\n2025-12-30 | 246\n2026-01-11 | 246\n2026-01-23 | 246\n2026-02-04 | 220\n2026-02-16 | 220\n2026-02-28 | 246\n2026-03-12 | 246\n2026-03-24 | 246\n2026-04-05 | 246\n2026-04-17 | 246\n2026-04-29 | 246\n2026-05-11 | 246\n2026-05-23 | 246\n2026-06-04 | 246\n2026-06-16 | 246\n2026-06-28 | 246\n2026-07-10 | 246\n2026-07-22 | 246\n2026-08-03 | 220\n2026-08-15 | 220\n2026-08-27 | 246\n2026-09-08 | 246\n2026-09-20 | 246\n2026-10-02 | 246\n2026-10-14 | 246\n2026-10-26 | 246\n2026-11-07 | 246\n2026-11-19 | 246\n2026-12-01 | 246\n2026-12-13 | 246\n2026-12-25 | 246","producerifg":1,"producerunw":1,"produceroff":1,"producegunw":1,"producegoff":1,"producerslc":1,"producegslc":1,"producegcov":1,"producesmst":0,"passdirection":"Descending","unique_radar_mode_list":"220, 246","unique_radar_mode_mnemonic_list":"L:SCI:SH:77M+---:HS:B4:D02  S:--:SH:37W:B4, L:SCI:SH:77M+---:HS:B4:D02  S:DB:CP:25W:B4","number_combos":2,"mode_change":"yes","radar_mode_combination_1":"246","radar_mode_combination_2":"220","radar_mode_combination_3":null,"radar_mode_combination_4":null,"radar_mode_combination_5":null,"radar_mode_combination_6":null,"radar_mode_combination_7":null,"radar_mode_combination_8":null,"radar_mode_combination_9":null,"radar_mode_mnemonic_combination_1":"L:SCI:SH:77M+---:HS:B4:D02  S:--:SH:37W:B4","radar_mode_mnemonic_combination_2":"L:SCI:SH:77M+---:HS:B4:D02  S:DB:CP:25W:B4","radar_mode_mnemonic_combination_3":null,"radar_mode_mnemonic_combination_4":null,"radar_mode_mnemonic_combination_5":null,"radar_mode_mnemonic_combination_6":null,"radar_mode_mnemonic_combination_7":null,"radar_mode_mnemonic_combination_8":null,"radar_mode_mnemonic_combination_9":null,"date_cycle_popup":"2025-09-25 | Cycle A\n2025-10-07 | Cycle A\n2025-10-19 | Cycle A\n2025-10-31 | Cycle A\n2025-11-12 | Cycle A\n2025-11-24 | Cycle A\n2025-12-06 | Cycle A\n2025-12-18 | Cycle A\n2025-12-30 | Cycle A\n2026-01-11 | Cycle A\n2026-01-23 | Cycle A\n2026-02-04 | Cycle B\n2026-02-16 | Cycle B\n2026-02-28 | Cycle A\n2026-03-12 | Cycle A\n2026-03-24 | Cycle A\n2026-04-05 | Cycle A\n2026-04-17 | Cycle A\n2026-04-29 | Cycle A\n2026-05-11 | Cycle A\n2026-05-23 | Cycle A\n2026-06-04 | Cycle A\n2026-06-16 | Cycle A\n2026-06-28 | Cycle A\n2026-07-10 | Cycle A\n2026-07-22 | Cycle A\n2026-08-03 | Cycle B\n2026-08-15 | Cycle B\n2026-08-27 | Cycle A\n2026-09-08 | Cycle A\n2026-09-20 | Cycle A\n2026-10-02 | Cycle A\n2026-10-14 | Cycle A\n2026-10-26 | Cycle A\n2026-11-07 | Cycle A\n2026-11-19 | Cycle A\n2026-12-01 | Cycle A\n2026-12-13 | Cycle A\n2026-12-25 | Cycle A","mixed_mode":"no","l_band":"yes","ls_band":"yes","s_band":"no","SH":1,"SV":0,"DH":0,"DV":0,"QP":0,"CP":0,"QD":0,"QQ":0,"bw_40":"no","bw_20":"no","bw_77":"yes","bw_max_5":"no","visualization":"S0","Shape__Area":1470335394378.9844,"Shape__Length":4853029.0597512489,"tracks":26,"frames":127}},{"type":"Feature","id":7927,"geometry":{"type":"Polygon","coordinates":[[[-106.181188137,-74.536399205],[-106.523679112,-75.08999017],[-110.845292042,-74.862031224],[-112.478086796,-74.752373725],[-115.129981305,-74.545176007],[-114.505422593,-74.0050743799999],[-113.91683678,-73.46354708],[-113.360878026,-72.920724099],[-112.83459305,-72.37671958],[-110.487107577,-72.564417916],[-109.047877885,-72.6641664429999],[-105.256584992,-72.8735957069999],[-105.549359187,-73.428174396],[-105.857026685,-73.9824507599999],[-106.181188137,-74.536399205]]]},"properties":{"fid":7927,"track":98,"frame":125,"dates":"2025-09-30, 2025-10-12, 2025-10-24, 2025-11-05, 2025-11-17, 2025-11-29, 2025-12-11, 2025-12-23, 2026-01-04, 2026-01-16, 2026-01-28, 2026-02-09, 2026-02-21, 2026-03-05, 2026-03-17, 2026-03-29, 2026-04-10, 2026-04-22, 2026-05-04, 2026-05-16, 2026-05-28, 2026-06-09, 2026-06-21, 2026-07-03, 2026-07-15, 2026-07-27, 2026-08-08, 2026-08-20, 2026-09-01, 2026-09-13, 2026-09-25, 2026-10-07, 2026-10-19, 2026-10-31, 2026-11-12, 2026-11-24, 2026-12-06, 2026-12-18, 2026-12-30","acquisition_time":"00:38:56, 00:38:52, 00:39:44, 00:39:16","date_mode_popup":"2025-09-30 | 153,150\n2025-10-12 | 153,150\n2025-10-24 | 153,150\n2025-11-05 | 153,150\n2025-11-17 | 153,150\n2025-11-29 | 153,150\n2025-12-11 | 153,150\n2025-12-23 | 153,150\n2026-01-04 | 153,150\n2026-01-16 | 153,150\n2026-01-28 | 153,150\n2026-02-09 | 153,150\n2026-02-21 | 153,150\n2026-03-05 | 153,150\n2026-03-17 | 153,150\n2026-03-29 | 153,150\n2026-04-10 | 153,150\n2026-04-22 | 153,150\n2026-05-04 | 153,150\n2026-05-16 | 153,150\n2026-05-28 | 153,150\n2026-06-09 | 153,150\n2026-06-21 | 153,150\n2026-07-03 | 153,150\n2026-07-15 | 153,150\n2026-07-27 | 153,150\n2026-08-08 | 153,150\n2026-08-20 | 153,150\n2026-09-01 | 153,150\n2026-09-13 | 153,150\n2026-09-25 | 153,150\n2026-10-07 | 153,150\n2026-10-19 | 153,150\n2026-10-31 | 153,150\n2026-11-12 | 153,150\n2026-11-24 | 153,150\n2026-12-06 | 153,150\n2026-12-18 | 153,150\n2026-12-30 | 153,150","producerifg":1,"producerunw":1,"produceroff":1,"producegunw":1,"producegoff":1,"producerslc":1,"producegslc":1,"producegcov":1,"producesmst":0,"passdirection":"Descending","unique_radar_mode_list":"150, 153","unique_radar_mode_mnemonic_list":"L:SCI:SH:77M+---:HS:B4:D02, L:SCI:SV:05W+---:FS:B4:D09","number_combos":1,"mode_change":"no","radar_mode_combination_1":"153,150","radar_mode_combination_2":null,"radar_mode_combination_3":null,"radar_mode_combination_4":null,"radar_mode_combination_5":null,"radar_mode_combination_6":null,"radar_mode_combination_7":null,"radar_mode_combination_8":null,"radar_mode_combination_9":null,"radar_mode_mnemonic_combination_1":"L:SCI:SV:05W+---:FS:B4:D09,L:SCI:SH:77M+---:HS:B4:D02","radar_mode_mnemonic_combination_2":null,"radar_mode_mnemonic_combination_3":null,"radar_mode_mnemonic_combination_4":null,"radar_mode_mnemonic_combination_5":null,"radar_mode_mnemonic_combination_6":null,"radar_mode_mnemonic_combination_7":null,"radar_mode_mnemonic_combination_8":null,"radar_mode_mnemonic_combination_9":null,"date_cycle_popup":"2025-09-30 | Cycle A\n2025-10-12 | Cycle A\n2025-10-24 | Cycle A\n2025-11-05 | Cycle A\n2025-11-17 | Cycle A\n2025-11-29 | Cycle A\n2025-12-11 | Cycle A\n2025-12-23 | Cycle A\n2026-01-04 | Cycle A\n2026-01-16 | Cycle A\n2026-01-28 | Cycle A\n2026-02-09 | Cycle A\n2026-02-21 | Cycle A\n2026-03-05 | Cycle A\n2026-03-17 | Cycle A\n2026-03-29 | Cycle A\n2026-04-10 | Cycle A\n2026-04-22 | Cycle A\n2026-05-04 | Cycle A\n2026-05-16 | Cycle A\n2026-05-28 | Cycle A\n2026-06-09 | Cycle A\n2026-06-21 | Cycle A\n2026-07-03 | Cycle A\n2026-07-15 | Cycle A\n2026-07-27 | Cycle A\n2026-08-08 | Cycle A\n2026-08-20 | Cycle A\n2026-09-01 | Cycle A\n2026-09-13 | Cycle A\n2026-09-25 | Cycle A\n2026-10-07 | Cycle A\n2026-10-19 | Cycle A\n2026-10-31 | Cycle A\n2026-11-12 | Cycle A\n2026-11-24 | Cycle A\n2026-12-06 | Cycle A\n2026-12-18 | Cycle A\n2026-12-30 | Cycle A","mixed_mode":"yes","l_band":"yes","ls_band":"no","s_band":"no","SH":1,"SV":1,"DH":0,"DV":0,"QP":0,"CP":0,"QD":0,"QQ":0,"bw_40":"no","bw_20":"no","bw_77":"yes","bw_max_5":"yes","visualization":"F1","Shape__Area":829308825287.35938,"Shape__Length":3643933.3767047292,"tracks":98,"frames":125}},{"type":"Feature","id":8603,"geometry":{"type":"Polygon","coordinates":[[[-92.543694337,-71.363230082],[-92.7865732919999,-70.8202630279999],[-89.379980328,-70.623067141],[-88.082848961,-70.5300933929999],[-85.96130267,-70.3559626059999],[-85.534292837,-70.8911762279999],[-85.0869256679999,-71.42556637],[-84.617421291,-71.959065485],[-84.123791754,-72.4915977859999],[-86.486027881,-72.680227724],[-87.93458161,-72.780445411],[-91.751262486,-72.990736668],[-92.027028018,-72.4484822469999],[-92.2908227139999,-71.905974607],[-92.543694337,-71.363230082]]]},"properties":{"fid":8603,"track":105,"frame":142,"dates":"2025-09-30, 2025-10-12, 2025-10-24, 2025-11-05, 2025-11-17, 2025-11-29, 2025-12-11, 2025-12-23, 2026-01-04, 2026-01-16, 2026-01-28, 2026-02-09, 2026-02-21, 2026-03-05, 2026-03-17, 2026-03-29, 2026-04-10, 2026-04-22, 2026-05-04, 2026-05-16, 2026-05-28, 2026-06-09, 2026-06-21, 2026-07-03, 2026-07-15, 2026-07-27, 2026-08-08, 2026-08-20, 2026-09-01, 2026-09-13, 2026-09-25, 2026-10-07, 2026-10-19, 2026-10-31, 2026-11-12, 2026-11-24, 2026-12-06, 2026-12-18, 2026-12-30","acquisition_time":"12:29:16","date_mode_popup":"2025-09-30 | 150,153\n2025-10-12 | 150,153\n2025-10-24 | 150,153\n2025-11-05 | 150,153\n2025-11-17 | 150,153\n2025-11-29 | 150,153\n2025-12-11 | 150,153\n2025-12-23 | 150,153\n2026-01-04 | 150,153\n2026-01-16 | 150,153\n2026-01-28 | 150,153\n2026-02-09 | 150,153\n2026-02-21 | 150,153\n2026-03-05 | 150,153\n2026-03-17 | 150,153\n2026-03-29 | 150,153\n2026-04-10 | 150,153\n2026-04-22 | 150,153\n2026-05-04 | 150,153\n2026-05-16 | 150,153\n2026-05-28 | 150,153\n2026-06-09 | 150,153\n2026-06-21 | 150,153\n2026-07-03 | 150,153\n2026-07-15 | 150,153\n2026-07-27 | 150,153\n2026-08-08 | 150,153\n2026-08-20 | 150,153\n2026-09-01 | 150,153\n2026-09-13 | 150,153\n2026-09-25 | 150,153\n2026-10-07 | 150,153\n2026-10-19 | 150,153\n2026-10-31 | 150,153\n2026-11-12 | 150,153\n2026-11-24 | 150,153\n2026-12-06 | 150,153\n2026-12-18 | 150,153\n2026-12-30 | 150,153","producerifg":1,"producerunw":1,"produceroff":1,"producegunw":1,"producegoff":1,"producerslc":1,"producegslc":1,"producegcov":1,"producesmst":0,"passdirection":"Ascending","unique_radar_mode_list":"150, 153","unique_radar_mode_mnemonic_list":"L:SCI:SH:77M+---:HS:B4:D02, L:SCI:SV:05W+---:FS:B4:D09","number_combos":1,"mode_change":"no","radar_mode_combination_1":"150,153","radar_mode_combination_2":null,"radar_mode_combination_3":null,"radar_mode_combination_4":null,"radar_mode_combination_5":null,"radar_mode_combination_6":null,"radar_mode_combination_7":null,"radar_mode_combination_8":null,"radar_mode_combination_9":null,"radar_mode_mnemonic_combination_1":"L:SCI:SH:77M+---:HS:B4:D02,L:SCI:SV:05W+---:FS:B4:D09","radar_mode_mnemonic_combination_2":null,"radar_mode_mnemonic_combination_3":null,"radar_mode_mnemonic_combination_4":null,"radar_mode_mnemonic_combination_5":null,"radar_mode_mnemonic_combination_6":null,"radar_mode_mnemonic_combination_7":null,"radar_mode_mnemonic_combination_8":null,"radar_mode_mnemonic_combination_9":null,"date_cycle_popup":"2025-09-30 | Cycle A\n2025-10-12 | Cycle A\n2025-10-24 | Cycle A\n2025-11-05 | Cycle A\n2025-11-17 | Cycle A\n2025-11-29 | Cycle A\n2025-12-11 | Cycle A\n2025-12-23 | Cycle A\n2026-01-04 | Cycle A\n2026-01-16 | Cycle A\n2026-01-28 | Cycle A\n2026-02-09 | Cycle A\n2026-02-21 | Cycle A\n2026-03-05 | Cycle A\n2026-03-17 | Cycle A\n2026-03-29 | Cycle A\n2026-04-10 | Cycle A\n2026-04-22 | Cycle A\n2026-05-04 | Cycle A\n2026-05-16 | Cycle A\n2026-05-28 | Cycle A\n2026-06-09 | Cycle A\n2026-06-21 | Cycle A\n2026-07-03 | Cycle A\n2026-07-15 | Cycle A\n2026-07-27 | Cycle A\n2026-08-08 | Cycle A\n2026-08-20 | Cycle A\n2026-09-01 | Cycle A\n2026-09-13 | Cycle A\n2026-09-25 | Cycle A\n2026-10-07 | Cycle A\n2026-10-19 | Cycle A\n2026-10-31 | Cycle A\n2026-11-12 | Cycle A\n2026-11-24 | Cycle A\n2026-12-06 | Cycle A\n2026-12-18 | Cycle A\n2026-12-30 | Cycle A","mixed_mode":"yes","l_band":"yes","ls_band":"no","s_band":"no","SH":1,"SV":1,"DH":0,"DV":0,"QP":0,"CP":0,"QD":0,"QQ":0,"bw_40":"no","bw_20":"no","bw_77":"yes","bw_max_5":"yes","visualization":"F1","Shape__Area":642489624917.625,"Shape__Length":3207809.9384114961,"tracks":105,"frames":142}},{"type":"Feature","id":731,"geometry":{"type":"Polygon","coordinates":[[[-104.295256331,-72.8742717009999],[-100.50318971,-72.664767023],[-99.063685492,-72.564983022],[-96.715775488,-72.377218891],[-96.189379209,-72.9212409369999],[-95.633299961,-73.4640807119999],[-95.0445833639999,-74.005624034],[-94.4198823689999,-74.5457408189999],[-97.0722907429999,-74.753014303],[-98.70542182,-74.862712433],[-103.027994365,-75.090756465],[-103.370534595,-74.5371433779999],[-103.694740004,-73.983172494],[-104.002446836,-73.428873407],[-104.295256331,-72.8742717009999]]]},"properties":{"fid":731,"track":19,"frame":141,"dates":"2025-09-24, 2025-10-06, 2025-10-18, 2025-10-30, 2025-11-11, 2025-11-23, 2025-12-05, 2025-12-17, 2025-12-29, 2026-01-10, 2026-01-22, 2026-02-03, 2026-02-15, 2026-02-27, 2026-03-11, 2026-03-23, 2026-04-04, 2026-04-16, 2026-04-28, 2026-05-10, 2026-05-22, 2026-06-03, 2026-06-15, 2026-06-27, 2026-07-09, 2026-07-21, 2026-08-02, 2026-08-14, 2026-08-26, 2026-09-07, 2026-09-19, 2026-10-01, 2026-10-13, 2026-10-25, 2026-11-06, 2026-11-18, 2026-11-30, 2026-12-12, 2026-12-24","acquisition_time":"13:17:48","date_mode_popup":"2025-09-24 | 150\n2025-10-06 | 150\n2025-10-18 | 150\n2025-10-30 | 150\n2025-11-11 | 150\n2025-11-23 | 150\n2025-12-05 | 150\n2025-12-17 | 150\n2025-12-29 | 150\n2026-01-10 | 150\n2026-01-22 | 150\n2026-02-03 | 150\n2026-02-15 | 150\n2026-02-27 | 150\n2026-03-11 | 150\n2026-03-23 | 150\n2026-04-04 | 150\n2026-04-16 | 150\n2026-04-28 | 150\n2026-05-10 | 150\n2026-05-22 | 150\n2026-06-03 | 150\n2026-06-15 | 150\n2026-06-27 | 150\n2026-07-09 | 150\n2026-07-21 | 150\n2026-08-02 | 150\n2026-08-14 | 150\n2026-08-26 | 150\n2026-09-07 | 150\n2026-09-19 | 150\n2026-10-01 | 150\n2026-10-13 | 150\n2026-10-25 | 150\n2026-11-06 | 150\n2026-11-18 | 150\n2026-11-30 | 150\n2026-12-12 | 150\n2026-12-24 | 150","producerifg":1,"producerunw":1,"produceroff":1,"producegunw":1,"producegoff":1,"producerslc":1,"producegslc":1,"producegcov":1,"producesmst":0,"passdirection":"Ascending","unique_radar_mode_list":"150","unique_radar_mode_mnemonic_list":"L:SCI:SH:77M+---:HS:B4:D02","number_combos":1,"mode_change":"no","radar_mode_combination_1":"150","radar_mode_combination_2":null,"radar_mode_combination_3":null,"radar_mode_combination_4":null,"radar_mode_combination_5":null,"radar_mode_combination_6":null,"radar_mode_combination_7":null,"radar_mode_combination_8":null,"radar_mode_combination_9":null,"radar_mode_mnemonic_combination_1":"L:SCI:SH:77M+---:HS:B4:D02","radar_mode_mnemonic_combination_2":null,"radar_mode_mnemonic_combination_3":null,"radar_mode_mnemonic_combination_4":null,"radar_mode_mnemonic_combination_5":null,"radar_mode_mnemonic_combination_6":null,"radar_mode_mnemonic_combination_7":null,"radar_mode_mnemonic_combination_8":null,"radar_mode_mnemonic_combination_9":null,"date_cycle_popup":"2025-09-24 | Cycle A\n2025-10-06 | Cycle A\n2025-10-18 | Cycle A\n2025-10-30 | Cycle A\n2025-11-11 | Cycle A\n2025-11-23 | Cycle A\n2025-12-05 | Cycle A\n2025-12-17 | Cycle A\n2025-12-29 | Cycle A\n2026-01-10 | Cycle A\n2026-01-22 | Cycle A\n2026-02-03 | Cycle A\n2026-02-15 | Cycle A\n2026-02-27 | Cycle A\n2026-03-11 | Cycle A\n2026-03-23 | Cycle A\n2026-04-04 | Cycle A\n2026-04-16 | Cycle A\n2026-04-28 | Cycle A\n2026-05-10 | Cycle A\n2026-05-22 | Cycle A\n2026-06-03 | Cycle A\n2026-06-15 | Cycle A\n2026-06-27 | Cycle A\n2026-07-09 | Cycle A\n2026-07-21 | Cycle A\n2026-08-02 | Cycle A\n2026-08-14 | Cycle A\n2026-08-26 | Cycle A\n2026-09-07 | Cycle A\n2026-09-19 | Cycle A\n2026-10-01 | Cycle A\n2026-10-13 | Cycle A\n2026-10-25 | Cycle A\n2026-11-06 | Cycle A\n2026-11-18 | Cycle A\n2026-11-30 | Cycle A\n2026-12-12 | Cycle A\n2026-12-24 | Cycle A","mixed_mode":"no","l_band":"yes","ls_band":"no","s_band":"no","SH":1,"SV":0,"DH":0,"DV":0,"QP":0,"CP":0,"QD":0,"QQ":0,"bw_40":"no","bw_20":"no","bw_77":"yes","bw_max_5":"no","visualization":"F0","Shape__Area":829552453264.34375,"Shape__Length":3644472.3229548768,"tracks":19,"frames":141}},{"type":"Feature","id":3991,"geometry":{"type":"Polygon","coordinates":[[[-111.561303948,-72.990255327],[-115.377028573,-72.779990054],[-116.825235509,-72.679790579],[-119.186925892,-72.491200072],[-118.693312999,-71.958676515],[-118.223823103,-71.425186308],[-117.776468491,-70.8908052159999],[-117.349469497,-70.355600764],[-115.228396523,-70.529695908],[-113.931564318,-70.6226529589999],[-110.525792299,-70.81982371],[-110.76871863,-71.362780272],[-111.021639437,-71.905514292],[-111.285485244,-72.448011419],[-111.561303948,-72.990255327]]]},"properties":{"fid":3991,"track":55,"frame":124,"dates":"2025-09-27, 2025-10-09, 2025-10-21, 2025-11-02, 2025-11-14, 2025-11-26, 2025-12-08, 2025-12-20, 2026-01-01, 2026-01-13, 2026-01-25, 2026-02-06, 2026-02-18, 2026-03-02, 2026-03-14, 2026-03-26, 2026-04-07, 2026-04-19, 2026-05-01, 2026-05-13, 2026-05-25, 2026-06-06, 2026-06-18, 2026-06-30, 2026-07-12, 2026-07-24, 2026-08-05, 2026-08-17, 2026-08-29, 2026-09-10, 2026-09-22, 2026-10-04, 2026-10-16, 2026-10-28, 2026-11-09, 2026-11-21, 2026-12-03, 2026-12-15, 2026-12-27","acquisition_time":"01:03:52, 01:03:48, 01:04:28, 01:04:04","date_mode_popup":"2025-09-27 | 153\n2025-10-09 | 153\n2025-10-21 | 153\n2025-11-02 | 153\n2025-11-14 | 153\n2025-11-26 | 153\n2025-12-08 | 153\n2025-12-20 | 153\n2026-01-01 | 153\n2026-01-13 | 153\n2026-01-25 | 153\n2026-02-06 | 153\n2026-02-18 | 153\n2026-03-02 | 153\n2026-03-14 | 153\n2026-03-26 | 153\n2026-04-07 | 153\n2026-04-19 | 153\n2026-05-01 | 153\n2026-05-13 | 153\n2026-05-25 | 153\n2026-06-06 | 153\n2026-06-18 | 153\n2026-06-30 | 153\n2026-07-12 | 153\n2026-07-24 | 153\n2026-08-05 | 153\n2026-08-17 | 153\n2026-08-29 | 153\n2026-09-10 | 153\n2026-09-22 | 153\n2026-10-04 | 153\n2026-10-16 | 153\n2026-10-28 | 153\n2026-11-09 | 153\n2026-11-21 | 153\n2026-12-03 | 153\n2026-12-15 | 153\n2026-12-27 | 153","producerifg":0,"producerunw":0,"produceroff":0,"producegunw":0,"producegoff":0,"producerslc":1,"producegslc":1,"producegcov":1,"producesmst":0,"passdirection":"Descending","unique_radar_mode_list":"153","unique_radar_mode_mnemonic_list":"L:SCI:SV:05W+---:FS:B4:D09","number_combos":1,"mode_change":"no","radar_mode_combination_1":"153","radar_mode_combination_2":null,"radar_mode_combination_3":null,"radar_mode_combination_4":null,"radar_mode_combination_5":null,"radar_mode_combination_6":null,"radar_mode_combination_7":null,"radar_mode_combination_8":null,"radar_mode_combination_9":null,"radar_mode_mnemonic_combination_1":"L:SCI:SV:05W+---:FS:B4:D09","radar_mode_mnemonic_combination_2":null,"radar_mode_mnemonic_combination_3":null,"radar_mode_mnemonic_combination_4":null,"radar_mode_mnemonic_combination_5":null,"radar_mode_mnemonic_combination_6":null,"radar_mode_mnemonic_combination_7":null,"radar_mode_mnemonic_combination_8":null,"radar_mode_mnemonic_combination_9":null,"date_cycle_popup":"2025-09-27 | Cycle A\n2025-10-09 | Cycle A\n2025-10-21 | Cycle A\n2025-11-02 | Cycle A\n2025-11-14 | Cycle A\n2025-11-26 | Cycle A\n2025-12-08 | Cycle A\n2025-12-20 | Cycle A\n2026-01-01 | Cycle A\n2026-01-13 | Cycle A\n2026-01-25 | Cycle A\n2026-02-06 | Cycle A\n2026-02-18 | Cycle A\n2026-03-02 | Cycle A\n2026-03-14 | Cycle A\n2026-03-26 | Cycle A\n2026-04-07 | Cycle A\n2026-04-19 | Cycle A\n2026-05-01 | Cycle A\n2026-05-13 | Cycle A\n2026-05-25 | Cycle A\n2026-06-06 | Cycle A\n2026-06-18 | Cycle A\n2026-06-30 | Cycle A\n2026-07-12 | Cycle A\n2026-07-24 | Cycle A\n2026-08-05 | Cycle A\n2026-08-17 | Cycle A\n2026-08-29 | Cycle A\n2026-09-10 | Cycle A\n2026-09-22 | Cycle A\n2026-10-04 | Cycle A\n2026-10-16 | Cycle A\n2026-10-28 | Cycle A\n2026-11-09 | Cycle A\n2026-11-21 | Cycle A\n2026-12-03 | Cycle A\n2026-12-15 | Cycle A\n2026-12-27 | Cycle A","mixed_mode":"no","l_band":"yes","ls_band":"no","s_band":"no","SH":0,"SV":1,"DH":0,"DV":0,"QP":0,"CP":0,"QD":0,"QQ":0,"bw_40":"no","bw_20":"no","bw_77":"no","bw_max_5":"yes","visualization":"F0","Shape__Area":642313519711.02344,"Shape__Length":3207362.3605298144,"tracks":55,"frames":124}},{"type":"Feature","id":5955,"geometry":{"type":"Polygon","coordinates":[[[-84.051917929,-78.130286766],[-84.5446480859999,-77.5789079319999],[-85.002011994,-77.026890151],[-80.0768781789999,-76.776065511],[-78.227548993,-76.65454393],[-75.2404480449999,-76.424393666],[-74.397015553,-76.956401618],[-73.488334804,-77.48581877],[-72.506139337,-78.012308213],[-71.440790689,-78.5354729429999],[-74.915468286,-78.801695836],[-77.0878606649999,-78.942221547],[-82.9388250149999,-79.230765522],[-83.518694897,-78.680940584],[-84.051917929,-78.130286766]]]},"properties":{"fid":5955,"track":76,"frame":139,"dates":"2025-09-28, 2025-10-10, 2025-10-22, 2025-11-03, 2025-11-15, 2025-11-27, 2025-12-09, 2025-12-21, 2026-01-02, 2026-01-14, 2026-01-26, 2026-02-07, 2026-02-19, 2026-03-03, 2026-03-15, 2026-03-27, 2026-04-08, 2026-04-20, 2026-05-02, 2026-05-14, 2026-05-26, 2026-06-07, 2026-06-19, 2026-07-01, 2026-07-13, 2026-07-25, 2026-08-06, 2026-08-18, 2026-08-30, 2026-09-11, 2026-09-23, 2026-10-05, 2026-10-17, 2026-10-29, 2026-11-10, 2026-11-22, 2026-12-04, 2026-12-16, 2026-12-28","acquisition_time":"12:06:36","date_mode_popup":"2025-09-28 | 150\n2025-10-10 | 150\n2025-10-22 | 150\n2025-11-03 | 150\n2025-11-15 | 150\n2025-11-27 | 150\n2025-12-09 | 150\n2025-12-21 | 150\n2026-01-02 | 150\n2026-01-14 | 150\n2026-01-26 | 150\n2026-02-07 | 150\n2026-02-19 | 150\n2026-03-03 | 150\n2026-03-15 | 150\n2026-03-27 | 150\n2026-04-08 | 150\n2026-04-20 | 150\n2026-05-02 | 150\n2026-05-14 | 150\n2026-05-26 | 150\n2026-06-07 | 150\n2026-06-19 | 150\n2026-07-01 | 150\n2026-07-13 | 150\n2026-07-25 | 150\n2026-08-06 | 150\n2026-08-18 | 150\n2026-08-30 | 150\n2026-09-11 | 150\n2026-09-23 | 150\n2026-10-05 | 150\n2026-10-17 | 150\n2026-10-29 | 150\n2026-11-10 | 150\n2026-11-22 | 150\n2026-12-04 | 150\n2026-12-16 | 150\n2026-12-28 | 150","producerifg":1,"producerunw":1,"produceroff":1,"producegunw":1,"producegoff":1,"producerslc":1,"producegslc":1,"producegcov":1,"producesmst":0,"passdirection":"Ascending","unique_radar_mode_list":"150","unique_radar_mode_mnemonic_list":"L:SCI:SH:77M+---:HS:B4:D02","number_combos":1,"mode_change":"no","radar_mode_combination_1":"150","radar_mode_combination_2":null,"radar_mode_combination_3":null,"radar_mode_combination_4":null,"radar_mode_combination_5":null,"radar_mode_combination_6":null,"radar_mode_combination_7":null,"radar_mode_combination_8":null,"radar_mode_combination_9":null,"radar_mode_mnemonic_combination_1":"L:SCI:SH:77M+---:HS:B4:D02","radar_mode_mnemonic_combination_2":null,"radar_mode_mnemonic_combination_3":null,"radar_mode_mnemonic_combination_4":null,"radar_mode_mnemonic_combination_5":null,"radar_mode_mnemonic_combination_6":null,"radar_mode_mnemonic_combination_7":null,"radar_mode_mnemonic_combination_8":null,"radar_mode_mnemonic_combination_9":null,"date_cycle_popup":"2025-09-28 | Cycle A\n2025-10-10 | Cycle A\n2025-10-22 | Cycle A\n2025-11-03 | Cycle A\n2025-11-15 | Cycle A\n2025-11-27 | Cycle A\n2025-12-09 | Cycle A\n2025-12-21 | Cycle A\n2026-01-02 | Cycle A\n2026-01-14 | Cycle A\n2026-01-26 | Cycle A\n2026-02-07 | Cycle A\n2026-02-19 | Cycle A\n2026-03-03 | Cycle A\n2026-03-15 | Cycle A\n2026-03-27 | Cycle A\n2026-04-08 | Cycle A\n2026-04-20 | Cycle A\n2026-05-02 | Cycle A\n2026-05-14 | Cycle A\n2026-05-26 | Cycle A\n2026-06-07 | Cycle A\n2026-06-19 | Cycle A\n2026-07-01 | Cycle A\n2026-07-13 | Cycle A\n2026-07-25 | Cycle A\n2026-08-06 | Cycle A\n2026-08-18 | Cycle A\n2026-08-30 | Cycle A\n2026-09-11 | Cycle A\n2026-09-23 | Cycle A\n2026-10-05 | Cycle A\n2026-10-17 | Cycle A\n2026-10-29 | Cycle A\n2026-11-10 | Cycle A\n2026-11-22 | Cycle A\n2026-12-04 | Cycle A\n2026-12-16 | Cycle A\n2026-12-28 | Cycle A","mixed_mode":"no","l_band":"yes","ls_band":"no","s_band":"no","SH":1,"SV":0,"DH":0,"DV":0,"QP":0,"CP":0,"QD":0,"QQ":0,"bw_40":"no","bw_20":"no","bw_77":"yes","bw_max_5":"no","visualization":"F0","Shape__Area":1470743595926.6875,"Shape__Length":4853705.1638486106,"tracks":76,"frames":139}},{"type":"Feature","id":4724,"geometry":{"type":"Polygon","coordinates":[[[-121.476718921,-75.5172688229999],[-121.828288706,-74.974420979],[-117.537515062,-74.747500261],[-115.915912009,-74.6383996559999],[-113.281519738,-74.432297325],[-112.63848449,-74.961007383],[-111.953979023,-75.488076356],[-111.223460352,-76.013324681],[-110.441725162,-76.536545229],[-113.451460877,-76.7683243339999],[-115.315564539,-76.890696993],[-120.282349735,-77.143193363],[-120.70656219,-76.601701373],[-121.103675787,-76.0597098389999],[-121.476718921,-75.5172688229999]]]},"properties":{"fid":4724,"track":63,"frame":140,"dates":"2025-09-27, 2025-10-09, 2025-10-21, 2025-11-02, 2025-11-14, 2025-11-26, 2025-12-08, 2025-12-20, 2026-01-01, 2026-01-13, 2026-01-25, 2026-02-06, 2026-02-18, 2026-03-02, 2026-03-14, 2026-03-26, 2026-04-07, 2026-04-19, 2026-05-01, 2026-05-13, 2026-05-25, 2026-06-06, 2026-06-18, 2026-06-30, 2026-07-12, 2026-07-24, 2026-08-05, 2026-08-17, 2026-08-29, 2026-09-10, 2026-09-22, 2026-10-04, 2026-10-16, 2026-10-28, 2026-11-09, 2026-11-21, 2026-12-03, 2026-12-15, 2026-12-27","acquisition_time":"14:33:12","date_mode_popup":"2025-09-27 | 150\n2025-10-09 | 150\n2025-10-21 | 150\n2025-11-02 | 150\n2025-11-14 | 150\n2025-11-26 | 150\n2025-12-08 | 150\n2025-12-20 | 150\n2026-01-01 | 150\n2026-01-13 | 150\n2026-01-25 | 150\n2026-02-06 | 150\n2026-02-18 | 150\n2026-03-02 | 246\n2026-03-14 | 246\n2026-03-26 | 150\n2026-04-07 | 150\n2026-04-19 | 150\n2026-05-01 | 150\n2026-05-13 | 150\n2026-05-25 | 150\n2026-06-06 | 150\n2026-06-18 | 150\n2026-06-30 | 150\n2026-07-12 | 150\n2026-07-24 | 150\n2026-08-05 | 150\n2026-08-17 | 150\n2026-08-29 | 246\n2026-09-10 | 246\n2026-09-22 | 150\n2026-10-04 | 150\n2026-10-16 | 150\n2026-10-28 | 150\n2026-11-09 | 150\n2026-11-21 | 150\n2026-12-03 | 150\n2026-12-15 | 150\n2026-12-27 | 150","producerifg":1,"producerunw":1,"produceroff":1,"producegunw":1,"producegoff":1,"producerslc":1,"producegslc":1,"producegcov":1,"producesmst":0,"passdirection":"Ascending","unique_radar_mode_list":"150, 246","unique_radar_mode_mnemonic_list":"L:SCI:SH:77M+---:HS:B4:D02, L:SCI:SH:77M+---:HS:B4:D02  S:--:SH:37W:B4","number_combos":2,"mode_change":"yes","radar_mode_combination_1":"150","radar_mode_combination_2":"246","radar_mode_combination_3":null,"radar_mode_combination_4":null,"radar_mode_combination_5":null,"radar_mode_combination_6":null,"radar_mode_combination_7":null,"radar_mode_combination_8":null,"radar_mode_combination_9":null,"radar_mode_mnemonic_combination_1":"L:SCI:SH:77M+---:HS:B4:D02","radar_mode_mnemonic_combination_2":"L:SCI:SH:77M+---:HS:B4:D02  S:--:SH:37W:B4","radar_mode_mnemonic_combination_3":null,"radar_mode_mnemonic_combination_4":null,"radar_mode_mnemonic_combination_5":null,"radar_mode_mnemonic_combination_6":null,"radar_mode_mnemonic_combination_7":null,"radar_mode_mnemonic_combination_8":null,"radar_mode_mnemonic_combination_9":null,"date_cycle_popup":"2025-09-27 | Cycle A\n2025-10-09 | Cycle A\n2025-10-21 | Cycle A\n2025-11-02 | Cycle A\n2025-11-14 | Cycle A\n2025-11-26 | Cycle A\n2025-12-08 | Cycle A\n2025-12-20 | Cycle A\n2026-01-01 | Cycle A\n2026-01-13 | Cycle A\n2026-01-25 | Cycle A\n2026-02-06 | Cycle A\n2026-02-18 | Cycle A\n2026-03-02 | Cycle B\n2026-03-14 | Cycle B\n2026-03-26 | Cycle A\n2026-04-07 | Cycle A\n2026-04-19 | Cycle A\n2026-05-01 | Cycle A\n2026-05-13 | Cycle A\n2026-05-25 | Cycle A\n2026-06-06 | Cycle A\n2026-06-18 | Cycle A\n2026-06-30 | Cycle A\n2026-07-12 | Cycle A\n2026-07-24 | Cycle A\n2026-08-05 | Cycle A\n2026-08-17 | Cycle A\n2026-08-29 | Cycle B\n2026-09-10 | Cycle B\n2026-09-22 | Cycle A\n2026-10-04 | Cycle A\n2026-10-16 | Cycle A\n2026-10-28 | Cycle A\n2026-11-09 | Cycle A\n2026-11-21 | Cycle A\n2026-12-03 | Cycle A\n2026-12-15 | Cycle A\n2026-12-27 | Cycle A","mixed_mode":"no","l_band":"yes","ls_band":"yes","s_band":"no","SH":1,"SV":0,"DH":0,"DV":0,"QP":0,"CP":0,"QD":0,"QQ":0,"bw_40":"no","bw_20":"no","bw_77":"yes","bw_max_5":"no","visualization":"S0","Shape__Area":1060740366858.7656,"Shape__Length":4122203.9739270085,"tracks":63,"frames":140}},{"type":"Feature","id":9985,"geometry":{"type":"Polygon","coordinates":[[[-107.107803152,-71.3633939109999],[-107.350726645,-70.820420153],[-103.944234097,-70.623187606],[-102.64714291,-70.5302007029999],[-100.525664656,-70.356049371],[-100.09860455,-70.891267506],[-99.651184244,-71.4256618219999],[-99.181623609,-71.959164747],[-98.6879343849999,-72.4917004879999],[-101.050107686,-72.6803540399999],[-102.498625441,-72.780586708],[-106.315220962,-72.990919206],[-106.591039679,-72.4486587869999],[-106.854884385,-71.9061449129999],[-107.107803152,-71.3633939109999]]]},"properties":{"fid":9985,"track":120,"frame":142,"dates":"2025-10-01, 2025-10-13, 2025-10-25, 2025-11-06, 2025-11-18, 2025-11-30, 2025-12-12, 2025-12-24, 2026-01-05, 2026-01-17, 2026-01-29, 2026-02-10, 2026-02-22, 2026-03-06, 2026-03-18, 2026-03-30, 2026-04-11, 2026-04-23, 2026-05-05, 2026-05-17, 2026-05-29, 2026-06-10, 2026-06-22, 2026-07-04, 2026-07-16, 2026-07-28, 2026-08-09, 2026-08-21, 2026-09-02, 2026-09-14, 2026-09-26, 2026-10-08, 2026-10-20, 2026-11-01, 2026-11-13, 2026-11-25, 2026-12-07, 2026-12-19","acquisition_time":"13:24:40, 13:24:48, 13:27:00","date_mode_popup":"2025-10-01 | 150,153\n2025-10-13 | 150,153\n2025-10-25 | 150,153\n2025-11-06 | 150,153\n2025-11-18 | 150,153\n2025-11-30 | 150,153\n2025-12-12 | 150,153\n2025-12-24 | 150,153\n2026-01-05 | 150,153\n2026-01-17 | 150,153\n2026-01-29 | 150,153\n2026-02-10 | 150,153\n2026-02-22 | 246,153\n2026-03-06 | 246,153\n2026-03-18 | 150,153\n2026-03-30 | 150,153\n2026-04-11 | 150,153\n2026-04-23 | 150,153\n2026-05-05 | 150,153\n2026-05-17 | 150,153\n2026-05-29 | 150,153\n2026-06-10 | 150,153\n2026-06-22 | 150,153\n2026-07-04 | 150,153\n2026-07-16 | 150,153\n2026-07-28 | 150,153\n2026-08-09 | 150,153\n2026-08-21 | 246,153\n2026-09-02 | 246,153\n2026-09-14 | 150,153\n2026-09-26 | 150,153\n2026-10-08 | 150,153\n2026-10-20 | 150,153\n2026-11-01 | 150,153\n2026-11-13 | 150,153\n2026-11-25 | 150,153\n2026-12-07 | 150,153\n2026-12-19 | 150,153","producerifg":1,"producerunw":1,"produceroff":1,"producegunw":1,"producegoff":1,"producerslc":1,"producegslc":1,"producegcov":1,"producesmst":0,"passdirection":"Ascending","unique_radar_mode_list":"150, 153, 246","unique_radar_mode_mnemonic_list":"L:SCI:SH:77M+---:HS:B4:D02, L:SCI:SH:77M+---:HS:B4:D02  S:--:SH:37W:B4, L:SCI:SV:05W+---:FS:B4:D09","number_combos":2,"mode_change":"yes","radar_mode_combination_1":"150,153","radar_mode_combination_2":"246,153","radar_mode_combination_3":null,"radar_mode_combination_4":null,"radar_mode_combination_5":null,"radar_mode_combination_6":null,"radar_mode_combination_7":null,"radar_mode_combination_8":null,"radar_mode_combination_9":null,"radar_mode_mnemonic_combination_1":"L:SCI:SH:77M+---:HS:B4:D02,L:SCI:SV:05W+---:FS:B4:D09","radar_mode_mnemonic_combination_2":"L:SCI:SH:77M+---:HS:B4:D02  S:--:SH:37W:B4,L:SCI:SV:05W+---:FS:B4:D09","radar_mode_mnemonic_combination_3":null,"radar_mode_mnemonic_combination_4":null,"radar_mode_mnemonic_combination_5":null,"radar_mode_mnemonic_combination_6":null,"radar_mode_mnemonic_combination_7":null,"radar_mode_mnemonic_combination_8":null,"radar_mode_mnemonic_combination_9":null,"date_cycle_popup":"2025-10-01 | Cycle A\n2025-10-13 | Cycle A\n2025-10-25 | Cycle A\n2025-11-06 | Cycle A\n2025-11-18 | Cycle A\n2025-11-30 | Cycle A\n2025-12-12 | Cycle A\n2025-12-24 | Cycle A\n2026-01-05 | Cycle A\n2026-01-17 | Cycle A\n2026-01-29 | Cycle A\n2026-02-10 | Cycle A\n2026-02-22 | Cycle B\n2026-03-06 | Cycle B\n2026-03-18 | Cycle A\n2026-03-30 | Cycle A\n2026-04-11 | Cycle A\n2026-04-23 | Cycle A\n2026-05-05 | Cycle A\n2026-05-17 | Cycle A\n2026-05-29 | Cycle A\n2026-06-10 | Cycle A\n2026-06-22 | Cycle A\n2026-07-04 | Cycle A\n2026-07-16 | Cycle A\n2026-07-28 | Cycle A\n2026-08-09 | Cycle A\n2026-08-21 | Cycle B\n2026-09-02 | Cycle B\n2026-09-14 | Cycle A\n2026-09-26 | Cycle A\n2026-10-08 | Cycle A\n2026-10-20 | Cycle A\n2026-11-01 | Cycle A\n2026-11-13 | Cycle A\n2026-11-25 | Cycle A\n2026-12-07 | Cycle A\n2026-12-19 | Cycle A","mixed_mode":"yes","l_band":"yes","ls_band":"yes","s_band":"no","SH":1,"SV":1,"DH":0,"DV":0,"QP":0,"CP":0,"QD":0,"QQ":0,"bw_40":"no","bw_20":"no","bw_77":"yes","bw_max_5":"yes","visualization":"S1","Shape__Area":642491580496.98438,"Shape__Length":3207813.4228019211,"tracks":120,"frames":142}},{"type":"Feature","id":6594,"geometry":{"type":"Polygon","coordinates":[[[-93.0070279619999,-76.601186452],[-93.4312226219999,-77.142657933],[-98.397325433,-76.8902232469999],[-100.261195376,-76.767879724],[-103.270581655,-76.536154488],[-102.488956648,-76.012948408],[-101.758537565,-75.487715377],[-101.074122385,-74.960662454],[-100.431169229,-74.431969145],[-97.797040475,-74.638026337],[-96.175610878,-74.747102285],[-91.8853356019999,-74.973969451],[-92.2368966499999,-75.516795859],[-92.609928566,-76.0592157419999],[-93.0070279619999,-76.601186452]]]},"properties":{"fid":6594,"track":83,"frame":126,"dates":"2025-09-28, 2025-10-10, 2025-10-22, 2025-11-03, 2025-11-15, 2025-11-27, 2025-12-09, 2025-12-21, 2026-01-02, 2026-01-14, 2026-01-26, 2026-02-07, 2026-02-19, 2026-03-03, 2026-03-15, 2026-03-27, 2026-04-08, 2026-04-20, 2026-05-02, 2026-05-14, 2026-05-26, 2026-06-07, 2026-06-19, 2026-07-01, 2026-07-13, 2026-07-25, 2026-08-06, 2026-08-18, 2026-08-30, 2026-09-11, 2026-09-23, 2026-10-05, 2026-10-17, 2026-10-29, 2026-11-10, 2026-11-22, 2026-12-04, 2026-12-16, 2026-12-28","acquisition_time":"23:42:40","date_mode_popup":"2025-09-28 | 246\n2025-10-10 | 246\n2025-10-22 | 246\n2025-11-03 | 246\n2025-11-15 | 246\n2025-11-27 | 246\n2025-12-09 | 246\n2025-12-21 | 246\n2026-01-02 | 246\n2026-01-14 | 246\n2026-01-26 | 246\n2026-02-07 | 220\n2026-02-19 | 220\n2026-03-03 | 246\n2026-03-15 | 246\n2026-03-27 | 246\n2026-04-08 | 246\n2026-04-20 | 246\n2026-05-02 | 246\n2026-05-14 | 246\n2026-05-26 | 246\n2026-06-07 | 246\n2026-06-19 | 246\n2026-07-01 | 246\n2026-07-13 | 246\n2026-07-25 | 246\n2026-08-06 | 220\n2026-08-18 | 220\n2026-08-30 | 246\n2026-09-11 | 246\n2026-09-23 | 246\n2026-10-05 | 246\n2026-10-17 | 246\n2026-10-29 | 246\n2026-11-10 | 246\n2026-11-22 | 246\n2026-12-04 | 246\n2026-12-16 | 246\n2026-12-28 | 246","producerifg":1,"producerunw":1,"produceroff":1,"producegunw":1,"producegoff":1,"producerslc":1,"producegslc":1,"producegcov":1,"producesmst":0,"passdirection":"Descending","unique_radar_mode_list":"220, 246","unique_radar_mode_mnemonic_list":"L:SCI:SH:77M+---:HS:B4:D02  S:--:SH:37W:B4, L:SCI:SH:77M+---:HS:B4:D02  S:DB:CP:25W:B4","number_combos":2,"mode_change":"yes","radar_mode_combination_1":"246","radar_mode_combination_2":"220","radar_mode_combination_3":null,"radar_mode_combination_4":null,"radar_mode_combination_5":null,"radar_mode_combination_6":null,"radar_mode_combination_7":null,"radar_mode_combination_8":null,"radar_mode_combination_9":null,"radar_mode_mnemonic_combination_1":"L:SCI:SH:77M+---:HS:B4:D02  S:--:SH:37W:B4","radar_mode_mnemonic_combination_2":"L:SCI:SH:77M+---:HS:B4:D02  S:DB:CP:25W:B4","radar_mode_mnemonic_combination_3":null,"radar_mode_mnemonic_combination_4":null,"radar_mode_mnemonic_combination_5":null,"radar_mode_mnemonic_combination_6":null,"radar_mode_mnemonic_combination_7":null,"radar_mode_mnemonic_combination_8":null,"radar_mode_mnemonic_combination_9":null,"date_cycle_popup":"2025-09-28 | Cycle A\n2025-10-10 | Cycle A\n2025-10-22 | Cycle A\n2025-11-03 | Cycle A\n2025-11-15 | Cycle A\n2025-11-27 | Cycle A\n2025-12-09 | Cycle A\n2025-12-21 | Cycle A\n2026-01-02 | Cycle A\n2026-01-14 | Cycle A\n2026-01-26 | Cycle A\n2026-02-07 | Cycle B\n2026-02-19 | Cycle B\n2026-03-03 | Cycle A\n2026-03-15 | Cycle A\n2026-03-27 | Cycle A\n2026-04-08 | Cycle A\n2026-04-20 | Cycle A\n2026-05-02 | Cycle A\n2026-05-14 | Cycle A\n2026-05-26 | Cycle A\n2026-06-07 | Cycle A\n2026-06-19 | Cycle A\n2026-07-01 | Cycle A\n2026-07-13 | Cycle A\n2026-07-25 | Cycle A\n2026-08-06 | Cycle B\n2026-08-18 | Cycle B\n2026-08-30 | Cycle A\n2026-09-11 | Cycle A\n2026-09-23 | Cycle A\n2026-10-05 | Cycle A\n2026-10-17 | Cycle A\n2026-10-29 | Cycle A\n2026-11-10 | Cycle A\n2026-11-22 | Cycle A\n2026-12-04 | Cycle A\n2026-12-16 | Cycle A\n2026-12-28 | Cycle A","mixed_mode":"no","l_band":"yes","ls_band":"yes","s_band":"no","SH":1,"SV":0,"DH":0,"DV":0,"QP":0,"CP":0,"QD":0,"QQ":0,"bw_40":"no","bw_20":"no","bw_77":"yes","bw_max_5":"no","visualization":"S0","Shape__Area":1060532255295.8125,"Shape__Length":4121795.8267139336,"tracks":83,"frames":126}},{"type":"Feature","id":2063,"geometry":{"type":"Polygon","coordinates":[[[-117.668210146,-74.974343021],[-113.377275391,-74.747448463],[-111.755609832,-74.638356391],[-109.121114403,-74.432266319],[-108.47813624,-74.960974822],[-107.793692023,-75.488042592],[-107.063239233,-76.013290087],[-106.281575051,-76.536510226],[-109.291429685,-76.768274684],[-111.155604745,-76.890637178],[-116.122570362,-77.143102509],[-116.546698775,-76.601613388],[-116.943734985,-76.059624976],[-117.316706626,-75.5171873049999],[-117.668210146,-74.974343021]]]},"properties":{"fid":2063,"track":34,"frame":140,"dates":"2025-09-25, 2025-10-07, 2025-10-19, 2025-10-31, 2025-11-12, 2025-11-24, 2025-12-06, 2025-12-18, 2025-12-30, 2026-01-11, 2026-01-23, 2026-02-04, 2026-02-16, 2026-02-28, 2026-03-12, 2026-03-24, 2026-04-05, 2026-04-17, 2026-04-29, 2026-05-11, 2026-05-23, 2026-06-04, 2026-06-16, 2026-06-28, 2026-07-10, 2026-07-22, 2026-08-03, 2026-08-15, 2026-08-27, 2026-09-08, 2026-09-20, 2026-10-02, 2026-10-14, 2026-10-26, 2026-11-07, 2026-11-19, 2026-12-01, 2026-12-13, 2026-12-25","acquisition_time":"14:17:36","date_mode_popup":"2025-09-25 | 150\n2025-10-07 | 150\n2025-10-19 | 150\n2025-10-31 | 150\n2025-11-12 | 150\n2025-11-24 | 150\n2025-12-06 | 150\n2025-12-18 | 150\n2025-12-30 | 150\n2026-01-11 | 150\n2026-01-23 | 150\n2026-02-04 | 150\n2026-02-16 | 150\n2026-02-28 | 150\n2026-03-12 | 150\n2026-03-24 | 150\n2026-04-05 | 150\n2026-04-17 | 150\n2026-04-29 | 150\n2026-05-11 | 150\n2026-05-23 | 150\n2026-06-04 | 150\n2026-06-16 | 150\n2026-06-28 | 150\n2026-07-10 | 150\n2026-07-22 | 150\n2026-08-03 | 150\n2026-08-15 | 150\n2026-08-27 | 150\n2026-09-08 | 150\n2026-09-20 | 150\n2026-10-02 | 150\n2026-10-14 | 150\n2026-10-26 | 150\n2026-11-07 | 150\n2026-11-19 | 150\n2026-12-01 | 150\n2026-12-13 | 150\n2026-12-25 | 150","producerifg":1,"producerunw":1,"produceroff":1,"producegunw":1,"producegoff":1,"producerslc":1,"producegslc":1,"producegcov":1,"producesmst":0,"passdirection":"Ascending","unique_radar_mode_list":"150","unique_radar_mode_mnemonic_list":"L:SCI:SH:77M+---:HS:B4:D02","number_combos":1,"mode_change":"no","radar_mode_combination_1":"150","radar_mode_combination_2":null,"radar_mode_combination_3":null,"radar_mode_combination_4":null,"radar_mode_combination_5":null,"radar_mode_combination_6":null,"radar_mode_combination_7":null,"radar_mode_combination_8":null,"radar_mode_combination_9":null,"radar_mode_mnemonic_combination_1":"L:SCI:SH:77M+---:HS:B4:D02","radar_mode_mnemonic_combination_2":null,"radar_mode_mnemonic_combination_3":null,"radar_mode_mnemonic_combination_4":null,"radar_mode_mnemonic_combination_5":null,"radar_mode_mnemonic_combination_6":null,"radar_mode_mnemonic_combination_7":null,"radar_mode_mnemonic_combination_8":null,"radar_mode_mnemonic_combination_9":null,"date_cycle_popup":"2025-09-25 | Cycle A\n2025-10-07 | Cycle A\n2025-10-19 | Cycle A\n2025-10-31 | Cycle A\n2025-11-12 | Cycle A\n2025-11-24 | Cycle A\n2025-12-06 | Cycle A\n2025-12-18 | Cycle A\n2025-12-30 | Cycle A\n2026-01-11 | Cycle A\n2026-01-23 | Cycle A\n2026-02-04 | Cycle A\n2026-02-16 | Cycle A\n2026-02-28 | Cycle A\n2026-03-12 | Cycle A\n2026-03-24 | Cycle A\n2026-04-05 | Cycle A\n2026-04-17 | Cycle A\n2026-04-29 | Cycle A\n2026-05-11 | Cycle A\n2026-05-23 | Cycle A\n2026-06-04 | Cycle A\n2026-06-16 | Cycle A\n2026-06-28 | Cycle A\n2026-07-10 | Cycle A\n2026-07-22 | Cycle A\n2026-08-03 | Cycle A\n2026-08-15 | Cycle A\n2026-08-27 | Cycle A\n2026-09-08 | Cycle A\n2026-09-20 | Cycle A\n2026-10-02 | Cycle A\n2026-10-14 | Cycle A\n2026-10-26 | Cycle A\n2026-11-07 | Cycle A\n2026-11-19 | Cycle A\n2026-12-01 | Cycle A\n2026-12-13 | Cycle A\n2026-12-25 | Cycle A","mixed_mode":"no","l_band":"yes","ls_band":"no","s_band":"no","SH":1,"SV":0,"DH":0,"DV":0,"QP":0,"CP":0,"QD":0,"QQ":0,"bw_40":"no","bw_20":"no","bw_77":"yes","bw_max_5":"no","visualization":"F0","Shape__Area":1060756200491.3281,"Shape__Length":4122236.8316280451,"tracks":34,"frames":140}},{"type":"Feature","id":11812,"geometry":{"type":"Polygon","coordinates":[[[-76.364477591,-76.60171769],[-76.788930927,-77.143208515],[-81.7551202229999,-76.890668035],[-83.6189999169999,-76.768283847],[-86.628375591,-76.53649201],[-85.846485064,-76.01327602],[-85.11582134,-75.488031667],[-84.431180161,-74.9609661649999],[-83.788017724,-74.4322591769999],[-81.153894696,-74.638372679],[-79.532458538,-74.747482897],[-75.2421290299999,-74.9744390649999],[-75.593891242,-75.517286532],[-75.9671411579999,-76.059726985],[-76.364477591,-76.60171769]]]},"properties":{"fid":11812,"track":140,"frame":126,"dates":"2025-10-02, 2025-10-14, 2025-10-26, 2025-11-07, 2025-11-19, 2025-12-01, 2025-12-13, 2025-12-25, 2026-01-06, 2026-01-18, 2026-01-30, 2026-02-11, 2026-02-23, 2026-03-07, 2026-03-19, 2026-03-31, 2026-04-12, 2026-04-24, 2026-05-06, 2026-05-18, 2026-05-30, 2026-06-11, 2026-06-23, 2026-07-05, 2026-07-17, 2026-07-29, 2026-08-10, 2026-08-22, 2026-09-03, 2026-09-15, 2026-09-27, 2026-10-09, 2026-10-21, 2026-11-02, 2026-11-14, 2026-11-26, 2026-12-08, 2026-12-20","acquisition_time":"22:36:12","date_mode_popup":"2025-10-02 | 150\n2025-10-14 | 150\n2025-10-26 | 150\n2025-11-07 | 150\n2025-11-19 | 150\n2025-12-01 | 150\n2025-12-13 | 150\n2025-12-25 | 150\n2026-01-06 | 150\n2026-01-18 | 150\n2026-01-30 | 150\n2026-02-11 | 150\n2026-02-23 | 150\n2026-03-07 | 150\n2026-03-19 | 150\n2026-03-31 | 150\n2026-04-12 | 150\n2026-04-24 | 150\n2026-05-06 | 150\n2026-05-18 | 150\n2026-05-30 | 150\n2026-06-11 | 150\n2026-06-23 | 150\n2026-07-05 | 150\n2026-07-17 | 150\n2026-07-29 | 150\n2026-08-10 | 150\n2026-08-22 | 150\n2026-09-03 | 150\n2026-09-15 | 150\n2026-09-27 | 150\n2026-10-09 | 150\n2026-10-21 | 150\n2026-11-02 | 150\n2026-11-14 | 150\n2026-11-26 | 150\n2026-12-08 | 150\n2026-12-20 | 150","producerifg":1,"producerunw":1,"produceroff":1,"producegunw":1,"producegoff":1,"producerslc":1,"producegslc":1,"producegcov":1,"producesmst":0,"passdirection":"Descending","unique_radar_mode_list":"150","unique_radar_mode_mnemonic_list":"L:SCI:SH:77M+---:HS:B4:D02","number_combos":1,"mode_change":"no","radar_mode_combination_1":"150","radar_mode_combination_2":null,"radar_mode_combination_3":null,"radar_mode_combination_4":null,"radar_mode_combination_5":null,"radar_mode_combination_6":null,"radar_mode_combination_7":null,"radar_mode_combination_8":null,"radar_mode_combination_9":null,"radar_mode_mnemonic_combination_1":"L:SCI:SH:77M+---:HS:B4:D02","radar_mode_mnemonic_combination_2":null,"radar_mode_mnemonic_combination_3":null,"radar_mode_mnemonic_combination_4":null,"radar_mode_mnemonic_combination_5":null,"radar_mode_mnemonic_combination_6":null,"radar_mode_mnemonic_combination_7":null,"radar_mode_mnemonic_combination_8":null,"radar_mode_mnemonic_combination_9":null,"date_cycle_popup":"2025-10-02 | Cycle A\n2025-10-14 | Cycle A\n2025-10-26 | Cycle A\n2025-11-07 | Cycle A\n2025-11-19 | Cycle A\n2025-12-01 | Cycle A\n2025-12-13 | Cycle A\n2025-12-25 | Cycle A\n2026-01-06 | Cycle A\n2026-01-18 | Cycle A\n2026-01-30 | Cycle A\n2026-02-11 | Cycle A\n2026-02-23 | Cycle A\n2026-03-07 | Cycle A\n2026-03-19 | Cycle A\n2026-03-31 | Cycle A\n2026-04-12 | Cycle A\n2026-04-24 | Cycle A\n2026-05-06 | Cycle A\n2026-05-18 | Cycle A\n2026-05-30 | Cycle A\n2026-06-11 | Cycle A\n2026-06-23 | Cycle A\n2026-07-05 | Cycle A\n2026-07-17 | Cycle A\n2026-07-29 | Cycle A\n2026-08-10 | Cycle A\n2026-08-22 | Cycle A\n2026-09-03 | Cycle A\n2026-09-15 | Cycle A\n2026-09-27 | Cycle A\n2026-10-09 | Cycle A\n2026-10-21 | Cycle A\n2026-11-02 | Cycle A\n2026-11-14 | Cycle A\n2026-11-26 | Cycle A\n2026-12-08 | Cycle A\n2026-12-20 | Cycle A","mixed_mode":"no","l_band":"yes","ls_band":"no","s_band":"no","SH":1,"SV":0,"DH":0,"DV":0,"QP":0,"CP":0,"QD":0,"QQ":0,"bw_40":"no","bw_20":"no","bw_77":"yes","bw_max_5":"no","visualization":"F0","Shape__Area":1060650117386.5234,"Shape__Length":4122022.5168917347,"tracks":140,"frames":126}},{"type":"Feature","id":13902,"geometry":{"type":"Polygon","coordinates":[[[-97.031608791,-77.5790819819999],[-97.4888686529999,-77.0270545229999],[-92.563226056,-76.7762329179999],[-90.7137125689999,-76.654708119],[-87.7263232879999,-76.424547611],[-86.88292074,-76.956565143],[-85.974270686,-77.485991918],[-84.9921064649999,-78.012491052],[-83.9267893099999,-78.5356655699999],[-87.40185144,-78.801901278],[-89.574493058,-78.9424308389999],[-95.426153647,-79.230969566],[-96.00589046,-78.681134414],[-96.5389912529999,-78.1304706179999],[-97.031608791,-77.5790819819999]]]},"properties":{"fid":13902,"track":163,"frame":139,"dates":"2025-10-04, 2025-10-16, 2025-10-28, 2025-11-09, 2025-11-21, 2025-12-03, 2025-12-15, 2025-12-27, 2026-01-08, 2026-01-20, 2026-02-01, 2026-02-13, 2026-02-25, 2026-03-09, 2026-03-21, 2026-04-02, 2026-04-14, 2026-04-26, 2026-05-08, 2026-05-20, 2026-06-01, 2026-06-13, 2026-06-25, 2026-07-07, 2026-07-19, 2026-07-31, 2026-08-12, 2026-08-24, 2026-09-05, 2026-09-17, 2026-09-29, 2026-10-11, 2026-10-23, 2026-11-04, 2026-11-16, 2026-11-28, 2026-12-10, 2026-12-22","acquisition_time":"13:00:36","date_mode_popup":"2025-10-04 | 150\n2025-10-16 | 150\n2025-10-28 | 150\n2025-11-09 | 150\n2025-11-21 | 150\n2025-12-03 | 150\n2025-12-15 | 150\n2025-12-27 | 150\n2026-01-08 | 150\n2026-01-20 | 150\n2026-02-01 | 150\n2026-02-13 | 150\n2026-02-25 | 246\n2026-03-09 | 246\n2026-03-21 | 150\n2026-04-02 | 150\n2026-04-14 | 150\n2026-04-26 | 150\n2026-05-08 | 150\n2026-05-20 | 150\n2026-06-01 | 150\n2026-06-13 | 150\n2026-06-25 | 150\n2026-07-07 | 150\n2026-07-19 | 150\n2026-07-31 | 150\n2026-08-12 | 150\n2026-08-24 | 246\n2026-09-05 | 246\n2026-09-17 | 150\n2026-09-29 | 150\n2026-10-11 | 150\n2026-10-23 | 150\n2026-11-04 | 150\n2026-11-16 | 150\n2026-11-28 | 150\n2026-12-10 | 150\n2026-12-22 | 150","producerifg":1,"producerunw":1,"produceroff":1,"producegunw":1,"producegoff":1,"producerslc":1,"producegslc":1,"producegcov":1,"producesmst":0,"passdirection":"Ascending","unique_radar_mode_list":"150, 246","unique_radar_mode_mnemonic_list":"L:SCI:SH:77M+---:HS:B4:D02, L:SCI:SH:77M+---:HS:B4:D02  S:--:SH:37W:B4","number_combos":2,"mode_change":"yes","radar_mode_combination_1":"150","radar_mode_combination_2":"246","radar_mode_combination_3":null,"radar_mode_combination_4":null,"radar_mode_combination_5":null,"radar_mode_combination_6":null,"radar_mode_combination_7":null,"radar_mode_combination_8":null,"radar_mode_combination_9":null,"radar_mode_mnemonic_combination_1":"L:SCI:SH:77M+---:HS:B4:D02","radar_mode_mnemonic_combination_2":"L:SCI:SH:77M+---:HS:B4:D02  S:--:SH:37W:B4","radar_mode_mnemonic_combination_3":null,"radar_mode_mnemonic_combination_4":null,"radar_mode_mnemonic_combination_5":null,"radar_mode_mnemonic_combination_6":null,"radar_mode_mnemonic_combination_7":null,"radar_mode_mnemonic_combination_8":null,"radar_mode_mnemonic_combination_9":null,"date_cycle_popup":"2025-10-04 | Cycle A\n2025-10-16 | Cycle A\n2025-10-28 | Cycle A\n2025-11-09 | Cycle A\n2025-11-21 | Cycle A\n2025-12-03 | Cycle A\n2025-12-15 | Cycle A\n2025-12-27 | Cycle A\n2026-01-08 | Cycle A\n2026-01-20 | Cycle A\n2026-02-01 | Cycle A\n2026-02-13 | Cycle A\n2026-02-25 | Cycle B\n2026-03-09 | Cycle B\n2026-03-21 | Cycle A\n2026-04-02 | Cycle A\n2026-04-14 | Cycle A\n2026-04-26 | Cycle A\n2026-05-08 | Cycle A\n2026-05-20 | Cycle A\n2026-06-01 | Cycle A\n2026-06-13 | Cycle A\n2026-06-25 | Cycle A\n2026-07-07 | Cycle A\n2026-07-19 | Cycle A\n2026-07-31 | Cycle A\n2026-08-12 | Cycle A\n2026-08-24 | Cycle B\n2026-09-05 | Cycle B\n2026-09-17 | Cycle A\n2026-09-29 | Cycle A\n2026-10-11 | Cycle A\n2026-10-23 | Cycle A\n2026-11-04 | Cycle A\n2026-11-16 | Cycle A\n2026-11-28 | Cycle A\n2026-12-10 | Cycle A\n2026-12-22 | Cycle A","mixed_mode":"no","l_band":"yes","ls_band":"yes","s_band":"no","SH":1,"SV":0,"DH":0,"DV":0,"QP":0,"CP":0,"QD":0,"QQ":0,"bw_40":"no","bw_20":"no","bw_77":"yes","bw_max_5":"no","visualization":"S0","Shape__Area":1470929982333.8047,"Shape__Length":4854016.0984987477,"tracks":163,"frames":139}},{"type":"Feature","id":12574,"geometry":{"type":"Polygon","coordinates":[[[-86.298762671,-71.363260183],[-86.541724017,-70.82029195],[-83.135414602,-70.623070465],[-81.838389659,-70.530089372],[-79.7170156,-70.3559494089999],[-79.289946168,-70.891162411],[-78.842516092,-71.425551739],[-78.37294521,-71.9590498439999],[-77.879245262,-72.491580913],[-80.24127792,-72.680221677],[-81.689705937,-72.780448057],[-85.506052724,-72.990769723],[-85.781916587,-72.44851442],[-86.045803814,-71.9060057899999],[-86.298762671,-71.363260183]]]},"properties":{"fid":12574,"track":148,"frame":142,"dates":"2025-10-03, 2025-10-15, 2025-10-27, 2025-11-08, 2025-11-20, 2025-12-02, 2025-12-14, 2025-12-26, 2026-01-07, 2026-01-19, 2026-01-31, 2026-02-12, 2026-02-24, 2026-03-08, 2026-03-20, 2026-04-01, 2026-04-13, 2026-04-25, 2026-05-07, 2026-05-19, 2026-05-31, 2026-06-12, 2026-06-24, 2026-07-06, 2026-07-18, 2026-07-30, 2026-08-11, 2026-08-23, 2026-09-04, 2026-09-16, 2026-09-28, 2026-10-10, 2026-10-22, 2026-11-03, 2026-11-15, 2026-11-27, 2026-12-09, 2026-12-21","acquisition_time":"12:04:08","date_mode_popup":"2025-10-03 | 150,153\n2025-10-15 | 150,153\n2025-10-27 | 150,153\n2025-11-08 | 150,153\n2025-11-20 | 150,153\n2025-12-02 | 150,153\n2025-12-14 | 150,153\n2025-12-26 | 150,153\n2026-01-07 | 150,153\n2026-01-19 | 150,153\n2026-01-31 | 150,153\n2026-02-12 | 150,153\n2026-02-24 | 150,153\n2026-03-08 | 150,153\n2026-03-20 | 150,153\n2026-04-01 | 150,153\n2026-04-13 | 150,153\n2026-04-25 | 150,153\n2026-05-07 | 150,153\n2026-05-19 | 150,153\n2026-05-31 | 150,153\n2026-06-12 | 150,153\n2026-06-24 | 150,153\n2026-07-06 | 150,153\n2026-07-18 | 150,153\n2026-07-30 | 150,153\n2026-08-11 | 150,153\n2026-08-23 | 150,153\n2026-09-04 | 150,153\n2026-09-16 | 150,153\n2026-09-28 | 150,153\n2026-10-10 | 150,153\n2026-10-22 | 150,153\n2026-11-03 | 150,153\n2026-11-15 | 150,153\n2026-11-27 | 150,153\n2026-12-09 | 150,153\n2026-12-21 | 150,153","producerifg":1,"producerunw":1,"produceroff":1,"producegunw":1,"producegoff":1,"producerslc":1,"producegslc":1,"producegcov":1,"producesmst":0,"passdirection":"Ascending","unique_radar_mode_list":"150, 153","unique_radar_mode_mnemonic_list":"L:SCI:SH:77M+---:HS:B4:D02, L:SCI:SV:05W+---:FS:B4:D09","number_combos":1,"mode_change":"no","radar_mode_combination_1":"150,153","radar_mode_combination_2":null,"radar_mode_combination_3":null,"radar_mode_combination_4":null,"radar_mode_combination_5":null,"radar_mode_combination_6":null,"radar_mode_combination_7":null,"radar_mode_combination_8":null,"radar_mode_combination_9":null,"radar_mode_mnemonic_combination_1":"L:SCI:SH:77M+---:HS:B4:D02,L:SCI:SV:05W+---:FS:B4:D09","radar_mode_mnemonic_combination_2":null,"radar_mode_mnemonic_combination_3":null,"radar_mode_mnemonic_combination_4":null,"radar_mode_mnemonic_combination_5":null,"radar_mode_mnemonic_combination_6":null,"radar_mode_mnemonic_combination_7":null,"radar_mode_mnemonic_combination_8":null,"radar_mode_mnemonic_combination_9":null,"date_cycle_popup":"2025-10-03 | Cycle A\n2025-10-15 | Cycle A\n2025-10-27 | Cycle A\n2025-11-08 | Cycle A\n2025-11-20 | Cycle A\n2025-12-02 | Cycle A\n2025-12-14 | Cycle A\n2025-12-26 | Cycle A\n2026-01-07 | Cycle A\n2026-01-19 | Cycle A\n2026-01-31 | Cycle A\n2026-02-12 | Cycle A\n2026-02-24 | Cycle A\n2026-03-08 | Cycle A\n2026-03-20 | Cycle A\n2026-04-01 | Cycle A\n2026-04-13 | Cycle A\n2026-04-25 | Cycle A\n2026-05-07 | Cycle A\n2026-05-19 | Cycle A\n2026-05-31 | Cycle A\n2026-06-12 | Cycle A\n2026-06-24 | Cycle A\n2026-07-06 | Cycle A\n2026-07-18 | Cycle A\n2026-07-30 | Cycle A\n2026-08-11 | Cycle A\n2026-08-23 | Cycle A\n2026-09-04 | Cycle A\n2026-09-16 | Cycle A\n2026-09-28 | Cycle A\n2026-10-10 | Cycle A\n2026-10-22 | Cycle A\n2026-11-03 | Cycle A\n2026-11-15 | Cycle A\n2026-11-27 | Cycle A\n2026-12-09 | Cycle A\n2026-12-21 | Cycle A","mixed_mode":"yes","l_band":"yes","ls_band":"no","s_band":"no","SH":1,"SV":1,"DH":0,"DV":0,"QP":0,"CP":0,"QD":0,"QQ":0,"bw_40":"no","bw_20":"no","bw_77":"yes","bw_max_5":"yes","visualization":"F1","Shape__Area":642446046795.05469,"Shape__Length":3207697.6673593814,"tracks":148,"frames":142}},{"type":"Feature","id":13261,"geometry":{"type":"Polygon","coordinates":[[[-114.507724781,-74.536436893],[-114.850318016,-75.090029822],[-119.171601911,-74.862039761],[-120.804272274,-74.752373302],[-123.455965262,-74.5451643219999],[-122.831332053,-74.005063077],[-122.242676456,-73.463535819],[-121.686652228,-72.92071259],[-121.160305707,-72.376707554],[-118.812990982,-72.564415239],[-117.373866749,-72.664171221],[-113.582854033,-72.873626411],[-113.875711554,-73.428207585],[-114.183468048,-73.982486281],[-114.507724781,-74.536436893]]]},"properties":{"fid":13261,"track":156,"frame":125,"dates":"2025-10-04, 2025-10-16, 2025-10-28, 2025-11-09, 2025-11-21, 2025-12-03, 2025-12-15, 2025-12-27, 2026-01-08, 2026-01-20, 2026-02-01, 2026-02-13, 2026-02-25, 2026-03-09, 2026-03-21, 2026-04-02, 2026-04-14, 2026-04-26, 2026-05-08, 2026-05-20, 2026-06-01, 2026-06-13, 2026-06-25, 2026-07-07, 2026-07-19, 2026-07-31, 2026-08-12, 2026-08-24, 2026-09-05, 2026-09-17, 2026-09-29, 2026-10-11, 2026-10-23, 2026-11-04, 2026-11-16, 2026-11-28, 2026-12-10, 2026-12-22","acquisition_time":"01:12:04, 01:12:48, 01:12:24, 01:12:08","date_mode_popup":"2025-10-04 | 153,246\n2025-10-16 | 153,246\n2025-10-28 | 153,246\n2025-11-09 | 153,246\n2025-11-21 | 153,246\n2025-12-03 | 153,246\n2025-12-15 | 153,246\n2025-12-27 | 153,246\n2026-01-08 | 153,246\n2026-01-20 | 153,246\n2026-02-01 | 153,220\n2026-02-13 | 153,220\n2026-02-25 | 153,246\n2026-03-09 | 153,246\n2026-03-21 | 153,246\n2026-04-02 | 153,246\n2026-04-14 | 153,246\n2026-04-26 | 153,246\n2026-05-08 | 153,246\n2026-05-20 | 153,246\n2026-06-01 | 153,246\n2026-06-13 | 153,246\n2026-06-25 | 153,246\n2026-07-07 | 153,246\n2026-07-19 | 153,246\n2026-07-31 | 153,220\n2026-08-12 | 153,220\n2026-08-24 | 153,246\n2026-09-05 | 153,246\n2026-09-17 | 153,246\n2026-09-29 | 153,246\n2026-10-11 | 153,246\n2026-10-23 | 153,246\n2026-11-04 | 153,246\n2026-11-16 | 153,246\n2026-11-28 | 153,246\n2026-12-10 | 153,246\n2026-12-22 | 153,246","producerifg":1,"producerunw":1,"produceroff":1,"producegunw":1,"producegoff":1,"producerslc":1,"producegslc":1,"producegcov":1,"producesmst":0,"passdirection":"Descending","unique_radar_mode_list":"153, 220, 246","unique_radar_mode_mnemonic_list":"L:SCI:SH:77M+---:HS:B4:D02  S:--:SH:37W:B4, L:SCI:SH:77M+---:HS:B4:D02  S:DB:CP:25W:B4, L:SCI:SV:05W+---:FS:B4:D09","number_combos":2,"mode_change":"yes","radar_mode_combination_1":"153,246","radar_mode_combination_2":"153,220","radar_mode_combination_3":null,"radar_mode_combination_4":null,"radar_mode_combination_5":null,"radar_mode_combination_6":null,"radar_mode_combination_7":null,"radar_mode_combination_8":null,"radar_mode_combination_9":null,"radar_mode_mnemonic_combination_1":"L:SCI:SV:05W+---:FS:B4:D09,L:SCI:SH:77M+---:HS:B4:D02  S:--:SH:37W:B4","radar_mode_mnemonic_combination_2":"L:SCI:SV:05W+---:FS:B4:D09,L:SCI:SH:77M+---:HS:B4:D02  S:DB:CP:25W:B4","radar_mode_mnemonic_combination_3":null,"radar_mode_mnemonic_combination_4":null,"radar_mode_mnemonic_combination_5":null,"radar_mode_mnemonic_combination_6":null,"radar_mode_mnemonic_combination_7":null,"radar_mode_mnemonic_combination_8":null,"radar_mode_mnemonic_combination_9":null,"date_cycle_popup":"2025-10-04 | Cycle A\n2025-10-16 | Cycle A\n2025-10-28 | Cycle A\n2025-11-09 | Cycle A\n2025-11-21 | Cycle A\n2025-12-03 | Cycle A\n2025-12-15 | Cycle A\n2025-12-27 | Cycle A\n2026-01-08 | Cycle A\n2026-01-20 | Cycle A\n2026-02-01 | Cycle B\n2026-02-13 | Cycle B\n2026-02-25 | Cycle A\n2026-03-09 | Cycle A\n2026-03-21 | Cycle A\n2026-04-02 | Cycle A\n2026-04-14 | Cycle A\n2026-04-26 | Cycle A\n2026-05-08 | Cycle A\n2026-05-20 | Cycle A\n2026-06-01 | Cycle A\n2026-06-13 | Cycle A\n2026-06-25 | Cycle A\n2026-07-07 | Cycle A\n2026-07-19 | Cycle A\n2026-07-31 | Cycle B\n2026-08-12 | Cycle B\n2026-08-24 | Cycle A\n2026-09-05 | Cycle A\n2026-09-17 | Cycle A\n2026-09-29 | Cycle A\n2026-10-11 | Cycle A\n2026-10-23 | Cycle A\n2026-11-04 | Cycle A\n2026-11-16 | Cycle A\n2026-11-28 | Cycle A\n2026-12-10 | Cycle A\n2026-12-22 | Cycle A","mixed_mode":"yes","l_band":"yes","ls_band":"yes","s_band":"no","SH":1,"SV":1,"DH":0,"DV":0,"QP":0,"CP":0,"QD":0,"QQ":0,"bw_40":"no","bw_20":"no","bw_77":"yes","bw_max_5":"yes","visualization":"S1","Shape__Area":829262905520.92188,"Shape__Length":3643830.535531647,"tracks":156,"frames":125}},{"type":"Feature","id":10052,"geometry":{"type":"Polygon","coordinates":[[[-132.317820261,-70.8205608],[-128.911769507,-70.623270671],[-127.614845734,-70.53026556],[-125.493640346,-70.35608884],[-125.066479455,-70.891311196],[-124.618952783,-71.4257092],[-124.149279706,-71.959215259],[-123.655471437,-72.491753533],[-126.01734513,-72.680436764],[-127.465679702,-72.780690571],[-131.281795328,-72.991089447],[-131.55775556,-72.4488221839999],[-131.821733505,-71.906301081],[-132.074777965,-71.3635424939999],[-132.317820261,-70.8205608]]]},"properties":{"fid":10052,"track":121,"frame":142,"dates":"2025-10-01, 2025-10-13, 2025-10-25, 2025-11-06, 2025-11-18, 2025-11-30, 2025-12-12, 2025-12-24, 2026-01-05, 2026-01-17, 2026-01-29, 2026-02-10, 2026-02-22, 2026-03-06, 2026-03-18, 2026-03-30, 2026-04-11, 2026-04-23, 2026-05-05, 2026-05-17, 2026-05-29, 2026-06-10, 2026-06-22, 2026-07-04, 2026-07-16, 2026-07-28, 2026-08-09, 2026-08-21, 2026-09-02, 2026-09-14, 2026-09-26, 2026-10-08, 2026-10-20, 2026-11-01, 2026-11-13, 2026-11-25, 2026-12-07, 2026-12-19","acquisition_time":"15:08:12","date_mode_popup":"2025-10-01 | 153\n2025-10-13 | 153\n2025-10-25 | 153\n2025-11-06 | 153\n2025-11-18 | 153\n2025-11-30 | 153\n2025-12-12 | 153\n2025-12-24 | 153\n2026-01-05 | 153\n2026-01-17 | 153\n2026-01-29 | 153\n2026-02-10 | 153\n2026-02-22 | 153\n2026-03-06 | 153\n2026-03-18 | 153\n2026-03-30 | 153\n2026-04-11 | 153\n2026-04-23 | 153\n2026-05-05 | 153\n2026-05-17 | 153\n2026-05-29 | 153\n2026-06-10 | 153\n2026-06-22 | 153\n2026-07-04 | 153\n2026-07-16 | 153\n2026-07-28 | 153\n2026-08-09 | 153\n2026-08-21 | 153\n2026-09-02 | 153\n2026-09-14 | 153\n2026-09-26 | 153\n2026-10-08 | 153\n2026-10-20 | 153\n2026-11-01 | 153\n2026-11-13 | 153\n2026-11-25 | 153\n2026-12-07 | 153\n2026-12-19 | 153","producerifg":0,"producerunw":0,"produceroff":0,"producegunw":0,"producegoff":0,"producerslc":1,"producegslc":1,"producegcov":1,"producesmst":0,"passdirection":"Ascending","unique_radar_mode_list":"153","unique_radar_mode_mnemonic_list":"L:SCI:SV:05W+---:FS:B4:D09","number_combos":1,"mode_change":"no","radar_mode_combination_1":"153","radar_mode_combination_2":null,"radar_mode_combination_3":null,"radar_mode_combination_4":null,"radar_mode_combination_5":null,"radar_mode_combination_6":null,"radar_mode_combination_7":null,"radar_mode_combination_8":null,"radar_mode_combination_9":null,"radar_mode_mnemonic_combination_1":"L:SCI:SV:05W+---:FS:B4:D09","radar_mode_mnemonic_combination_2":null,"radar_mode_mnemonic_combination_3":null,"radar_mode_mnemonic_combination_4":null,"radar_mode_mnemonic_combination_5":null,"radar_mode_mnemonic_combination_6":null,"radar_mode_mnemonic_combination_7":null,"radar_mode_mnemonic_combination_8":null,"radar_mode_mnemonic_combination_9":null,"date_cycle_popup":"2025-10-01 | Cycle A\n2025-10-13 | Cycle A\n2025-10-25 | Cycle A\n2025-11-06 | Cycle A\n2025-11-18 | Cycle A\n2025-11-30 | Cycle A\n2025-12-12 | Cycle A\n2025-12-24 | Cycle A\n2026-01-05 | Cycle A\n2026-01-17 | Cycle A\n2026-01-29 | Cycle A\n2026-02-10 | Cycle A\n2026-02-22 | Cycle A\n2026-03-06 | Cycle A\n2026-03-18 | Cycle A\n2026-03-30 | Cycle A\n2026-04-11 | Cycle A\n2026-04-23 | Cycle A\n2026-05-05 | Cycle A\n2026-05-17 | Cycle A\n2026-05-29 | Cycle A\n2026-06-10 | Cycle A\n2026-06-22 | Cycle A\n2026-07-04 | Cycle A\n2026-07-16 | Cycle A\n2026-07-28 | Cycle A\n2026-08-09 | Cycle A\n2026-08-21 | Cycle A\n2026-09-02 | Cycle A\n2026-09-14 | Cycle A\n2026-09-26 | Cycle A\n2026-10-08 | Cycle A\n2026-10-20 | Cycle A\n2026-11-01 | Cycle A\n2026-11-13 | Cycle A\n2026-11-25 | Cycle A\n2026-12-07 | Cycle A\n2026-12-19 | Cycle A","mixed_mode":"no","l_band":"yes","ls_band":"no","s_band":"no","SH":0,"SV":1,"DH":0,"DV":0,"QP":0,"CP":0,"QD":0,"QQ":0,"bw_40":"no","bw_20":"no","bw_77":"no","bw_max_5":"yes","visualization":"F0","Shape__Area":642437710007.82813,"Shape__Length":3207673.5870600613,"tracks":121,"frames":142}},{"type":"Feature","id":15811,"geometry":{"type":"Polygon","coordinates":[[[-92.2931669659999,-71.9057619859999],[-92.5570295359999,-72.448264638],[-92.832866338,-72.990513979],[-96.648889035,-72.780219356],[-98.097201621,-72.6800061019999],[-100.459055231,-72.491390065],[-99.965401097,-71.958862814],[-99.495872608,-71.425368693],[-99.0484818099999,-70.890983489],[-98.6214488259999,-70.355774748],[-96.5002356539999,-70.529892882],[-95.203313469,-70.622862413],[-91.7972897659999,-70.820060116],[-92.0402305919999,-71.363022358],[-92.2931669659999,-71.9057619859999]]]},"properties":{"fid":15811,"track":11,"frame":124,"dates":"2025-10-05, 2025-10-17, 2025-10-29, 2025-11-10, 2025-11-22, 2025-12-04, 2025-12-16, 2025-12-28, 2026-01-09, 2026-01-21, 2026-02-02, 2026-02-14, 2026-02-26, 2026-03-10, 2026-03-22, 2026-04-03, 2026-04-15, 2026-04-27, 2026-05-09, 2026-05-21, 2026-06-02, 2026-06-14, 2026-06-26, 2026-07-08, 2026-07-20, 2026-08-01, 2026-08-13, 2026-08-25, 2026-09-06, 2026-09-18, 2026-09-30, 2026-10-12, 2026-10-24, 2026-11-05, 2026-11-17, 2026-11-29, 2026-12-11, 2026-12-23","acquisition_time":"23:48:52, 23:49:48, 23:49:00, 23:48:44","date_mode_popup":"2025-10-05 | 153,150\n2025-10-17 | 153,150\n2025-10-29 | 153,150\n2025-11-10 | 153,150\n2025-11-22 | 153,150\n2025-12-04 | 153,150\n2025-12-16 | 153,150\n2025-12-28 | 153,150\n2026-01-09 | 153,150\n2026-01-21 | 153,150\n2026-02-02 | 153,150\n2026-02-14 | 153,150\n2026-02-26 | 153,150\n2026-03-10 | 153,150\n2026-03-22 | 153,150\n2026-04-03 | 153,150\n2026-04-15 | 153,150\n2026-04-27 | 153,150\n2026-05-09 | 153,150\n2026-05-21 | 153,150\n2026-06-02 | 153,150\n2026-06-14 | 153,150\n2026-06-26 | 153,150\n2026-07-08 | 153,150\n2026-07-20 | 153,150\n2026-08-01 | 153,150\n2026-08-13 | 153,150\n2026-08-25 | 153,150\n2026-09-06 | 153,150\n2026-09-18 | 153,150\n2026-09-30 | 153,150\n2026-10-12 | 153,150\n2026-10-24 | 153,150\n2026-11-05 | 153,150\n2026-11-17 | 153,150\n2026-11-29 | 153,150\n2026-12-11 | 153,150\n2026-12-23 | 153,150","producerifg":1,"producerunw":1,"produceroff":1,"producegunw":1,"producegoff":1,"producerslc":1,"producegslc":1,"producegcov":1,"producesmst":0,"passdirection":"Descending","unique_radar_mode_list":"150, 153","unique_radar_mode_mnemonic_list":"L:SCI:SH:77M+---:HS:B4:D02, L:SCI:SV:05W+---:FS:B4:D09","number_combos":1,"mode_change":"no","radar_mode_combination_1":"153,150","radar_mode_combination_2":null,"radar_mode_combination_3":null,"radar_mode_combination_4":null,"radar_mode_combination_5":null,"radar_mode_combination_6":null,"radar_mode_combination_7":null,"radar_mode_combination_8":null,"radar_mode_combination_9":null,"radar_mode_mnemonic_combination_1":"L:SCI:SV:05W+---:FS:B4:D09,L:SCI:SH:77M+---:HS:B4:D02","radar_mode_mnemonic_combination_2":null,"radar_mode_mnemonic_combination_3":null,"radar_mode_mnemonic_combination_4":null,"radar_mode_mnemonic_combination_5":null,"radar_mode_mnemonic_combination_6":null,"radar_mode_mnemonic_combination_7":null,"radar_mode_mnemonic_combination_8":null,"radar_mode_mnemonic_combination_9":null,"date_cycle_popup":"2025-10-05 | Cycle A\n2025-10-17 | Cycle A\n2025-10-29 | Cycle A\n2025-11-10 | Cycle A\n2025-11-22 | Cycle A\n2025-12-04 | Cycle A\n2025-12-16 | Cycle A\n2025-12-28 | Cycle A\n2026-01-09 | Cycle A\n2026-01-21 | Cycle A\n2026-02-02 | Cycle A\n2026-02-14 | Cycle A\n2026-02-26 | Cycle A\n2026-03-10 | Cycle A\n2026-03-22 | Cycle A\n2026-04-03 | Cycle A\n2026-04-15 | Cycle A\n2026-04-27 | Cycle A\n2026-05-09 | Cycle A\n2026-05-21 | Cycle A\n2026-06-02 | Cycle A\n2026-06-14 | Cycle A\n2026-06-26 | Cycle A\n2026-07-08 | Cycle A\n2026-07-20 | Cycle A\n2026-08-01 | Cycle A\n2026-08-13 | Cycle A\n2026-08-25 | Cycle A\n2026-09-06 | Cycle A\n2026-09-18 | Cycle A\n2026-09-30 | Cycle A\n2026-10-12 | Cycle A\n2026-10-24 | Cycle A\n2026-11-05 | Cycle A\n2026-11-17 | Cycle A\n2026-11-29 | Cycle A\n2026-12-11 | Cycle A\n2026-12-23 | Cycle A","mixed_mode":"yes","l_band":"yes","ls_band":"no","s_band":"no","SH":1,"SV":1,"DH":0,"DV":0,"QP":0,"CP":0,"QD":0,"QQ":0,"bw_40":"no","bw_20":"no","bw_77":"yes","bw_max_5":"yes","visualization":"F1","Shape__Area":642377056704.35938,"Shape__Length":3207523.1362505471,"tracks":11,"frames":124}},{"type":"Feature","id":15370,"geometry":{"type":"Polygon","coordinates":[[[-136.065567836,-78.131011139],[-136.558720437,-77.579594507],[-137.016467973,-77.027537473],[-132.091649721,-76.776561264],[-130.242464653,-76.654985186],[-127.25562495,-76.4247499209999],[-126.411798259,-76.95678284],[-125.502686377,-77.4862222049999],[-124.520017879,-78.0127307669999],[-123.45414859,-78.535911099],[-126.928538087,-78.802238748],[-129.100784017,-78.9428314359999],[-134.951487304,-79.231560403],[-135.531877305,-78.681701134],[-136.065567836,-78.131011139]]]},"properties":{"fid":15370,"track":6,"frame":139,"dates":"2025-10-05, 2025-10-17, 2025-10-29, 2025-11-10, 2025-11-22, 2025-12-04, 2025-12-16, 2025-12-28, 2026-01-09, 2026-01-21, 2026-02-02, 2026-02-14, 2026-02-26, 2026-03-10, 2026-03-22, 2026-04-03, 2026-04-15, 2026-04-27, 2026-05-09, 2026-05-21, 2026-06-02, 2026-06-14, 2026-06-26, 2026-07-08, 2026-07-20, 2026-08-01, 2026-08-13, 2026-08-25, 2026-09-06, 2026-09-18, 2026-09-30, 2026-10-12, 2026-10-24, 2026-11-05, 2026-11-17, 2026-11-29, 2026-12-11, 2026-12-23","acquisition_time":"15:38:36, 15:38:40","date_mode_popup":"2025-10-05 | 150\n2025-10-17 | 150\n2025-10-29 | 150\n2025-11-10 | 150\n2025-11-22 | 150\n2025-12-04 | 150\n2025-12-16 | 150\n2025-12-28 | 150\n2026-01-09 | 150\n2026-01-21 | 150\n2026-02-02 | 150\n2026-02-14 | 150\n2026-02-26 | 246\n2026-03-10 | 246\n2026-03-22 | 150\n2026-04-03 | 150\n2026-04-15 | 150\n2026-04-27 | 150\n2026-05-09 | 150\n2026-05-21 | 150\n2026-06-02 | 150\n2026-06-14 | 150\n2026-06-26 | 150\n2026-07-08 | 150\n2026-07-20 | 150\n2026-08-01 | 150\n2026-08-13 | 150\n2026-08-25 | 246\n2026-09-06 | 246\n2026-09-18 | 150\n2026-09-30 | 150\n2026-10-12 | 150\n2026-10-24 | 150\n2026-11-05 | 150\n2026-11-17 | 150\n2026-11-29 | 150\n2026-12-11 | 150\n2026-12-23 | 150","producerifg":1,"producerunw":1,"produceroff":1,"producegunw":1,"producegoff":1,"producerslc":1,"producegslc":1,"producegcov":1,"producesmst":0,"passdirection":"Ascending","unique_radar_mode_list":"150, 246","unique_radar_mode_mnemonic_list":"L:SCI:SH:77M+---:HS:B4:D02, L:SCI:SH:77M+---:HS:B4:D02  S:--:SH:37W:B4","number_combos":2,"mode_change":"yes","radar_mode_combination_1":"150","radar_mode_combination_2":"246","radar_mode_combination_3":null,"radar_mode_combination_4":null,"radar_mode_combination_5":null,"radar_mode_combination_6":null,"radar_mode_combination_7":null,"radar_mode_combination_8":null,"radar_mode_combination_9":null,"radar_mode_mnemonic_combination_1":"L:SCI:SH:77M+---:HS:B4:D02","radar_mode_mnemonic_combination_2":"L:SCI:SH:77M+---:HS:B4:D02  S:--:SH:37W:B4","radar_mode_mnemonic_combination_3":null,"radar_mode_mnemonic_combination_4":null,"radar_mode_mnemonic_combination_5":null,"radar_mode_mnemonic_combination_6":null,"radar_mode_mnemonic_combination_7":null,"radar_mode_mnemonic_combination_8":null,"radar_mode_mnemonic_combination_9":null,"date_cycle_popup":"2025-10-05 | Cycle A\n2025-10-17 | Cycle A\n2025-10-29 | Cycle A\n2025-11-10 | Cycle A\n2025-11-22 | Cycle A\n2025-12-04 | Cycle A\n2025-12-16 | Cycle A\n2025-12-28 | Cycle A\n2026-01-09 | Cycle A\n2026-01-21 | Cycle A\n2026-02-02 | Cycle A\n2026-02-14 | Cycle A\n2026-02-26 | Cycle B\n2026-03-10 | Cycle B\n2026-03-22 | Cycle A\n2026-04-03 | Cycle A\n2026-04-15 | Cycle A\n2026-04-27 | Cycle A\n2026-05-09 | Cycle A\n2026-05-21 | Cycle A\n2026-06-02 | Cycle A\n2026-06-14 | Cycle A\n2026-06-26 | Cycle A\n2026-07-08 | Cycle A\n2026-07-20 | Cycle A\n2026-08-01 | Cycle A\n2026-08-13 | Cycle A\n2026-08-25 | Cycle B\n2026-09-06 | Cycle B\n2026-09-18 | Cycle A\n2026-09-30 | Cycle A\n2026-10-12 | Cycle A\n2026-10-24 | Cycle A\n2026-11-05 | Cycle A\n2026-11-17 | Cycle A\n2026-11-29 | Cycle A\n2026-12-11 | Cycle A\n2026-12-23 | Cycle A","mixed_mode":"no","l_band":"yes","ls_band":"yes","s_band":"no","SH":1,"SV":0,"DH":0,"DV":0,"QP":0,"CP":0,"QD":0,"QQ":0,"bw_40":"no","bw_20":"no","bw_77":"yes","bw_max_5":"no","visualization":"S0","Shape__Area":1470920911953.7656,"Shape__Length":4853993.6270105159,"tracks":6,"frames":139}},{"type":"Feature","id":15190,"geometry":{"type":"Polygon","coordinates":[[[-90.2092790679999,-71.905963821],[-90.462176357,-71.363219166],[-90.705079563,-70.820251953],[-87.2985885859999,-70.623050526],[-86.0014951689999,-70.530075537],[-83.880009896,-70.3559437449999],[-83.452984291,-70.891157092],[-83.005600492,-71.4255469079999],[-82.53607854,-71.959045661],[-82.042430404,-72.491577556],[-84.404594182,-72.680208798],[-85.8531028529999,-72.780428031],[-89.6696627009999,-72.9907260969999],[-89.9454571519999,-72.4484715769999],[-90.2092790679999,-71.905963821]]]},"properties":{"fid":15190,"track":4,"frame":142,"dates":"2025-10-05, 2025-10-17, 2025-10-29, 2025-11-10, 2025-11-22, 2025-12-04, 2025-12-16, 2025-12-28, 2026-01-09, 2026-01-21, 2026-02-02, 2026-02-14, 2026-02-26, 2026-03-10, 2026-03-22, 2026-04-03, 2026-04-15, 2026-04-27, 2026-05-09, 2026-05-21, 2026-06-02, 2026-06-14, 2026-06-26, 2026-07-08, 2026-07-20, 2026-08-01, 2026-08-13, 2026-08-25, 2026-09-06, 2026-09-18, 2026-09-30, 2026-10-12, 2026-10-24, 2026-11-05, 2026-11-17, 2026-11-29, 2026-12-11, 2026-12-23","acquisition_time":"12:17:44","date_mode_popup":"2025-10-05 | 150,153\n2025-10-17 | 150,153\n2025-10-29 | 150,153\n2025-11-10 | 150,153\n2025-11-22 | 150,153\n2025-12-04 | 150,153\n2025-12-16 | 150,153\n2025-12-28 | 150,153\n2026-01-09 | 150,153\n2026-01-21 | 150,153\n2026-02-02 | 150,153\n2026-02-14 | 150,153\n2026-02-26 | 246,76,153\n2026-03-10 | 246,76,153\n2026-03-22 | 150,153\n2026-04-03 | 150,153\n2026-04-15 | 150,153\n2026-04-27 | 150,153\n2026-05-09 | 150,153\n2026-05-21 | 150,153\n2026-06-02 | 150,153\n2026-06-14 | 150,153\n2026-06-26 | 150,153\n2026-07-08 | 150,153\n2026-07-20 | 150,153\n2026-08-01 | 150,153\n2026-08-13 | 150,153\n2026-08-25 | 246,76,153\n2026-09-06 | 246,76,153\n2026-09-18 | 150,153\n2026-09-30 | 150,153\n2026-10-12 | 150,153\n2026-10-24 | 150,153\n2026-11-05 | 150,153\n2026-11-17 | 150,153\n2026-11-29 | 150,153\n2026-12-11 | 150,153\n2026-12-23 | 150,153","producerifg":1,"producerunw":1,"produceroff":1,"producegunw":1,"producegoff":1,"producerslc":1,"producegslc":1,"producegcov":1,"producesmst":0,"passdirection":"Ascending","unique_radar_mode_list":"150, 153, 246, 76","unique_radar_mode_mnemonic_list":"L:SCI:SH:77M+---:HS:B4:D02, L:SCI:SH:77M+---:HS:B4:D02  S:--:SH:37W:B4, L:SCI:SV:05W+---:FS:B4:D09, S:DB:SH:37W:B4:D10","number_combos":2,"mode_change":"yes","radar_mode_combination_1":"150,153","radar_mode_combination_2":"246,76,153","radar_mode_combination_3":null,"radar_mode_combination_4":null,"radar_mode_combination_5":null,"radar_mode_combination_6":null,"radar_mode_combination_7":null,"radar_mode_combination_8":null,"radar_mode_combination_9":null,"radar_mode_mnemonic_combination_1":"L:SCI:SH:77M+---:HS:B4:D02,L:SCI:SV:05W+---:FS:B4:D09","radar_mode_mnemonic_combination_2":"L:SCI:SH:77M+---:HS:B4:D02  S:--:SH:37W:B4,S:DB:SH:37W:B4:D10,L:SCI:SV:05W+---:FS:B4:D09","radar_mode_mnemonic_combination_3":null,"radar_mode_mnemonic_combination_4":null,"radar_mode_mnemonic_combination_5":null,"radar_mode_mnemonic_combination_6":null,"radar_mode_mnemonic_combination_7":null,"radar_mode_mnemonic_combination_8":null,"radar_mode_mnemonic_combination_9":null,"date_cycle_popup":"2025-10-05 | Cycle A\n2025-10-17 | Cycle A\n2025-10-29 | Cycle A\n2025-11-10 | Cycle A\n2025-11-22 | Cycle A\n2025-12-04 | Cycle A\n2025-12-16 | Cycle A\n2025-12-28 | Cycle A\n2026-01-09 | Cycle A\n2026-01-21 | Cycle A\n2026-02-02 | Cycle A\n2026-02-14 | Cycle A\n2026-02-26 | Cycle B\n2026-03-10 | Cycle B\n2026-03-22 | Cycle A\n2026-04-03 | Cycle A\n2026-04-15 | Cycle A\n2026-04-27 | Cycle A\n2026-05-09 | Cycle A\n2026-05-21 | Cycle A\n2026-06-02 | Cycle A\n2026-06-14 | Cycle A\n2026-06-26 | Cycle A\n2026-07-08 | Cycle A\n2026-07-20 | Cycle A\n2026-08-01 | Cycle A\n2026-08-13 | Cycle A\n2026-08-25 | Cycle B\n2026-09-06 | Cycle B\n2026-09-18 | Cycle A\n2026-09-30 | Cycle A\n2026-10-12 | Cycle A\n2026-10-24 | Cycle A\n2026-11-05 | Cycle A\n2026-11-17 | Cycle A\n2026-11-29 | Cycle A\n2026-12-11 | Cycle A\n2026-12-23 | Cycle A","mixed_mode":"yes","l_band":"yes","ls_band":"yes","s_band":"no","SH":1,"SV":1,"DH":0,"DV":0,"QP":0,"CP":0,"QD":0,"QQ":0,"bw_40":"no","bw_20":"no","bw_77":"yes","bw_max_5":"yes","visualization":"S1","Shape__Area":642472332860.76563,"Shape__Length":3207765.5578386355,"tracks":4,"frames":142}},{"type":"Feature","id":3425,"geometry":{"type":"Polygon","coordinates":[[[-131.50299997,-76.059936248],[-131.8762673,-75.517484639],[-132.228044832,-74.974625696],[-127.937714088,-74.747633563],[-126.316282799,-74.6385096819999],[-123.682173925,-74.432373938],[-123.038965745,-74.961089402],[-122.354274516,-75.488162869],[-121.6235559,-76.01341464],[-120.841604996,-76.536637478],[-123.851001177,-76.768456526],[-125.714900524,-76.890857067],[-130.681167648,-77.14343911],[-131.10564369,-76.6019377809999],[-131.50299997,-76.059936248]]]},"properties":{"fid":3425,"track":49,"frame":140,"dates":"2025-09-26, 2025-10-08, 2025-10-20, 2025-11-01, 2025-11-13, 2025-11-25, 2025-12-07, 2025-12-19, 2025-12-31, 2026-01-12, 2026-01-24, 2026-02-05, 2026-02-17, 2026-03-01, 2026-03-13, 2026-03-25, 2026-04-06, 2026-04-18, 2026-04-30, 2026-05-12, 2026-05-24, 2026-06-05, 2026-06-17, 2026-06-29, 2026-07-11, 2026-07-23, 2026-08-04, 2026-08-16, 2026-08-28, 2026-09-09, 2026-09-21, 2026-10-03, 2026-10-15, 2026-10-27, 2026-11-08, 2026-11-20, 2026-12-02, 2026-12-14, 2026-12-26","acquisition_time":"15:15:40","date_mode_popup":"2025-09-26 | 150\n2025-10-08 | 150\n2025-10-20 | 150\n2025-11-01 | 150\n2025-11-13 | 150\n2025-11-25 | 150\n2025-12-07 | 150\n2025-12-19 | 150\n2025-12-31 | 150\n2026-01-12 | 150\n2026-01-24 | 150\n2026-02-05 | 150\n2026-02-17 | 150\n2026-03-01 | 150\n2026-03-13 | 150\n2026-03-25 | 150\n2026-04-06 | 150\n2026-04-18 | 150\n2026-04-30 | 150\n2026-05-12 | 150\n2026-05-24 | 150\n2026-06-05 | 150\n2026-06-17 | 150\n2026-06-29 | 150\n2026-07-11 | 150\n2026-07-23 | 150\n2026-08-04 | 150\n2026-08-16 | 150\n2026-08-28 | 150\n2026-09-09 | 150\n2026-09-21 | 150\n2026-10-03 | 150\n2026-10-15 | 150\n2026-10-27 | 150\n2026-11-08 | 150\n2026-11-20 | 150\n2026-12-02 | 150\n2026-12-14 | 150\n2026-12-26 | 150","producerifg":1,"producerunw":1,"produceroff":1,"producegunw":1,"producegoff":1,"producerslc":1,"producegslc":1,"producegcov":1,"producesmst":0,"passdirection":"Ascending","unique_radar_mode_list":"150","unique_radar_mode_mnemonic_list":"L:SCI:SH:77M+---:HS:B4:D02","number_combos":1,"mode_change":"no","radar_mode_combination_1":"150","radar_mode_combination_2":null,"radar_mode_combination_3":null,"radar_mode_combination_4":null,"radar_mode_combination_5":null,"radar_mode_combination_6":null,"radar_mode_combination_7":null,"radar_mode_combination_8":null,"radar_mode_combination_9":null,"radar_mode_mnemonic_combination_1":"L:SCI:SH:77M+---:HS:B4:D02","radar_mode_mnemonic_combination_2":null,"radar_mode_mnemonic_combination_3":null,"radar_mode_mnemonic_combination_4":null,"radar_mode_mnemonic_combination_5":null,"radar_mode_mnemonic_combination_6":null,"radar_mode_mnemonic_combination_7":null,"radar_mode_mnemonic_combination_8":null,"radar_mode_mnemonic_combination_9":null,"date_cycle_popup":"2025-09-26 | Cycle A\n2025-10-08 | Cycle A\n2025-10-20 | Cycle A\n2025-11-01 | Cycle A\n2025-11-13 | Cycle A\n2025-11-25 | Cycle A\n2025-12-07 | Cycle A\n2025-12-19 | Cycle A\n2025-12-31 | Cycle A\n2026-01-12 | Cycle A\n2026-01-24 | Cycle A\n2026-02-05 | Cycle A\n2026-02-17 | Cycle A\n2026-03-01 | Cycle A\n2026-03-13 | Cycle A\n2026-03-25 | Cycle A\n2026-04-06 | Cycle A\n2026-04-18 | Cycle A\n2026-04-30 | Cycle A\n2026-05-12 | Cycle A\n2026-05-24 | Cycle A\n2026-06-05 | Cycle A\n2026-06-17 | Cycle A\n2026-06-29 | Cycle A\n2026-07-11 | Cycle A\n2026-07-23 | Cycle A\n2026-08-04 | Cycle A\n2026-08-16 | Cycle A\n2026-08-28 | Cycle A\n2026-09-09 | Cycle A\n2026-09-21 | Cycle A\n2026-10-03 | Cycle A\n2026-10-15 | Cycle A\n2026-10-27 | Cycle A\n2026-11-08 | Cycle A\n2026-11-20 | Cycle A\n2026-12-02 | Cycle A\n2026-12-14 | Cycle A\n2026-12-26 | Cycle A","mixed_mode":"no","l_band":"yes","ls_band":"no","s_band":"no","SH":1,"SV":0,"DH":0,"DV":0,"QP":0,"CP":0,"QD":0,"QQ":0,"bw_40":"no","bw_20":"no","bw_77":"yes","bw_max_5":"no","visualization":"F0","Shape__Area":1060699029875.2188,"Shape__Length":4122117.3764699614,"tracks":49,"frames":140}},{"type":"Feature","id":13175,"geometry":{"type":"Polygon","coordinates":[[[-96.316414129,-76.890263092],[-98.180309234,-76.767917684],[-101.189733929,-76.536188694],[-100.40809693,-76.012979825],[-99.6776670689999,-75.48774395],[-98.99324215,-74.960688123],[-98.3502801939999,-74.431991883],[-95.7161196329999,-74.638052217],[-94.094669515,-74.747129736],[-89.804336699,-74.973999713],[-90.1559010349999,-75.516829361],[-90.5289366649999,-76.059252495],[-90.9260402579999,-76.6012264409999],[-91.3502396969999,-77.142701153],[-96.316414129,-76.890263092]]]},"properties":{"fid":13175,"track":155,"frame":126,"dates":"2025-10-03, 2025-10-15, 2025-10-27, 2025-11-08, 2025-11-20, 2025-12-02, 2025-12-14, 2025-12-26, 2026-01-07, 2026-01-19, 2026-01-31, 2026-02-12, 2026-02-24, 2026-03-08, 2026-03-20, 2026-04-01, 2026-04-13, 2026-04-25, 2026-05-07, 2026-05-19, 2026-05-31, 2026-06-12, 2026-06-24, 2026-07-06, 2026-07-18, 2026-07-30, 2026-08-11, 2026-08-23, 2026-09-04, 2026-09-16, 2026-09-28, 2026-10-10, 2026-10-22, 2026-11-03, 2026-11-15, 2026-11-27, 2026-12-09, 2026-12-21","acquisition_time":"23:34:32","date_mode_popup":"2025-10-03 | 150\n2025-10-15 | 150\n2025-10-27 | 150\n2025-11-08 | 150\n2025-11-20 | 150\n2025-12-02 | 150\n2025-12-14 | 150\n2025-12-26 | 150\n2026-01-07 | 150\n2026-01-19 | 150\n2026-01-31 | 150\n2026-02-12 | 150\n2026-02-24 | 150\n2026-03-08 | 150\n2026-03-20 | 150\n2026-04-01 | 150\n2026-04-13 | 150\n2026-04-25 | 150\n2026-05-07 | 150\n2026-05-19 | 150\n2026-05-31 | 150\n2026-06-12 | 150\n2026-06-24 | 150\n2026-07-06 | 150\n2026-07-18 | 150\n2026-07-30 | 150\n2026-08-11 | 150\n2026-08-23 | 150\n2026-09-04 | 150\n2026-09-16 | 150\n2026-09-28 | 150\n2026-10-10 | 150\n2026-10-22 | 150\n2026-11-03 | 150\n2026-11-15 | 150\n2026-11-27 | 150\n2026-12-09 | 150\n2026-12-21 | 150","producerifg":1,"producerunw":1,"produceroff":1,"producegunw":1,"producegoff":1,"producerslc":1,"producegslc":1,"producegcov":1,"producesmst":0,"passdirection":"Descending","unique_radar_mode_list":"150","unique_radar_mode_mnemonic_list":"L:SCI:SH:77M+---:HS:B4:D02","number_combos":1,"mode_change":"no","radar_mode_combination_1":"150","radar_mode_combination_2":null,"radar_mode_combination_3":null,"radar_mode_combination_4":null,"radar_mode_combination_5":null,"radar_mode_combination_6":null,"radar_mode_combination_7":null,"radar_mode_combination_8":null,"radar_mode_combination_9":null,"radar_mode_mnemonic_combination_1":"L:SCI:SH:77M+---:HS:B4:D02","radar_mode_mnemonic_combination_2":null,"radar_mode_mnemonic_combination_3":null,"radar_mode_mnemonic_combination_4":null,"radar_mode_mnemonic_combination_5":null,"radar_mode_mnemonic_combination_6":null,"radar_mode_mnemonic_combination_7":null,"radar_mode_mnemonic_combination_8":null,"radar_mode_mnemonic_combination_9":null,"date_cycle_popup":"2025-10-03 | Cycle A\n2025-10-15 | Cycle A\n2025-10-27 | Cycle A\n2025-11-08 | Cycle A\n2025-11-20 | Cycle A\n2025-12-02 | Cycle A\n2025-12-14 | Cycle A\n2025-12-26 | Cycle A\n2026-01-07 | Cycle A\n2026-01-19 | Cycle A\n2026-01-31 | Cycle A\n2026-02-12 | Cycle A\n2026-02-24 | Cycle A\n2026-03-08 | Cycle A\n2026-03-20 | Cycle A\n2026-04-01 | Cycle A\n2026-04-13 | Cycle A\n2026-04-25 | Cycle A\n2026-05-07 | Cycle A\n2026-05-19 | Cycle A\n2026-05-31 | Cycle A\n2026-06-12 | Cycle A\n2026-06-24 | Cycle A\n2026-07-06 | Cycle A\n2026-07-18 | Cycle A\n2026-07-30 | Cycle A\n2026-08-11 | Cycle A\n2026-08-23 | Cycle A\n2026-09-04 | Cycle A\n2026-09-16 | Cycle A\n2026-09-28 | Cycle A\n2026-10-10 | Cycle A\n2026-10-22 | Cycle A\n2026-11-03 | Cycle A\n2026-11-15 | Cycle A\n2026-11-27 | Cycle A\n2026-12-09 | Cycle A\n2026-12-21 | Cycle A","mixed_mode":"no","l_band":"yes","ls_band":"no","s_band":"no","SH":1,"SV":0,"DH":0,"DV":0,"QP":0,"CP":0,"QD":0,"QQ":0,"bw_40":"no","bw_20":"no","bw_77":"yes","bw_max_5":"no","visualization":"F0","Shape__Area":1060555556205.6719,"Shape__Length":4121841.3656828087,"tracks":155,"frames":126}},{"type":"Feature","id":4633,"geometry":{"type":"Polygon","coordinates":[[[-94.458742816,-78.130418171],[-94.9513307729999,-77.579033298],[-95.408563843,-77.0270097069999],[-90.4828974179999,-76.7761984959999],[-88.6333732589999,-76.6546774139999],[-85.645964832,-76.424522677],[-84.8025908069999,-76.956537366],[-83.893972084,-77.485961499],[-82.911842389,-78.012458219],[-81.8465634149999,-78.535630584],[-85.321645128,-78.801859072],[-87.494296649,-78.9423840119999],[-93.345974664,-79.230909965],[-93.925674848,-78.681078322],[-94.458742816,-78.130418171]]]},"properties":{"fid":4633,"track":62,"frame":139,"dates":"2025-09-27, 2025-10-09, 2025-10-21, 2025-11-02, 2025-11-14, 2025-11-26, 2025-12-08, 2025-12-20, 2026-01-01, 2026-01-13, 2026-01-25, 2026-02-06, 2026-02-18, 2026-03-02, 2026-03-14, 2026-03-26, 2026-04-07, 2026-04-19, 2026-05-01, 2026-05-13, 2026-05-25, 2026-06-06, 2026-06-18, 2026-06-30, 2026-07-12, 2026-07-24, 2026-08-05, 2026-08-17, 2026-08-29, 2026-09-10, 2026-09-22, 2026-10-04, 2026-10-16, 2026-10-28, 2026-11-09, 2026-11-21, 2026-12-03, 2026-12-15, 2026-12-27","acquisition_time":"12:50:52","date_mode_popup":"2025-09-27 | 150\n2025-10-09 | 150\n2025-10-21 | 150\n2025-11-02 | 150\n2025-11-14 | 150\n2025-11-26 | 150\n2025-12-08 | 150\n2025-12-20 | 150\n2026-01-01 | 150\n2026-01-13 | 150\n2026-01-25 | 150\n2026-02-06 | 150\n2026-02-18 | 150\n2026-03-02 | 246\n2026-03-14 | 246\n2026-03-26 | 150\n2026-04-07 | 150\n2026-04-19 | 150\n2026-05-01 | 150\n2026-05-13 | 150\n2026-05-25 | 150\n2026-06-06 | 150\n2026-06-18 | 150\n2026-06-30 | 150\n2026-07-12 | 150\n2026-07-24 | 150\n2026-08-05 | 150\n2026-08-17 | 150\n2026-08-29 | 246\n2026-09-10 | 246\n2026-09-22 | 150\n2026-10-04 | 150\n2026-10-16 | 150\n2026-10-28 | 150\n2026-11-09 | 150\n2026-11-21 | 150\n2026-12-03 | 150\n2026-12-15 | 150\n2026-12-27 | 150","producerifg":1,"producerunw":1,"produceroff":1,"producegunw":1,"producegoff":1,"producerslc":1,"producegslc":1,"producegcov":1,"producesmst":0,"passdirection":"Ascending","unique_radar_mode_list":"150, 246","unique_radar_mode_mnemonic_list":"L:SCI:SH:77M+---:HS:B4:D02, L:SCI:SH:77M+---:HS:B4:D02  S:--:SH:37W:B4","number_combos":2,"mode_change":"yes","radar_mode_combination_1":"150","radar_mode_combination_2":"246","radar_mode_combination_3":null,"radar_mode_combination_4":null,"radar_mode_combination_5":null,"radar_mode_combination_6":null,"radar_mode_combination_7":null,"radar_mode_combination_8":null,"radar_mode_combination_9":null,"radar_mode_mnemonic_combination_1":"L:SCI:SH:77M+---:HS:B4:D02","radar_mode_mnemonic_combination_2":"L:SCI:SH:77M+---:HS:B4:D02  S:--:SH:37W:B4","radar_mode_mnemonic_combination_3":null,"radar_mode_mnemonic_combination_4":null,"radar_mode_mnemonic_combination_5":null,"radar_mode_mnemonic_combination_6":null,"radar_mode_mnemonic_combination_7":null,"radar_mode_mnemonic_combination_8":null,"radar_mode_mnemonic_combination_9":null,"date_cycle_popup":"2025-09-27 | Cycle A\n2025-10-09 | Cycle A\n2025-10-21 | Cycle A\n2025-11-02 | Cycle A\n2025-11-14 | Cycle A\n2025-11-26 | Cycle A\n2025-12-08 | Cycle A\n2025-12-20 | Cycle A\n2026-01-01 | Cycle A\n2026-01-13 | Cycle A\n2026-01-25 | Cycle A\n2026-02-06 | Cycle A\n2026-02-18 | Cycle A\n2026-03-02 | Cycle B\n2026-03-14 | Cycle B\n2026-03-26 | Cycle A\n2026-04-07 | Cycle A\n2026-04-19 | Cycle A\n2026-05-01 | Cycle A\n2026-05-13 | Cycle A\n2026-05-25 | Cycle A\n2026-06-06 | Cycle A\n2026-06-18 | Cycle A\n2026-06-30 | Cycle A\n2026-07-12 | Cycle A\n2026-07-24 | Cycle A\n2026-08-05 | Cycle A\n2026-08-17 | Cycle A\n2026-08-29 | Cycle B\n2026-09-10 | Cycle B\n2026-09-22 | Cycle A\n2026-10-04 | Cycle A\n2026-10-16 | Cycle A\n2026-10-28 | Cycle A\n2026-11-09 | Cycle A\n2026-11-21 | Cycle A\n2026-12-03 | Cycle A\n2026-12-15 | Cycle A\n2026-12-27 | Cycle A","mixed_mode":"no","l_band":"yes","ls_band":"yes","s_band":"no","SH":1,"SV":0,"DH":0,"DV":0,"QP":0,"CP":0,"QD":0,"QQ":0,"bw_40":"no","bw_20":"no","bw_77":"yes","bw_max_5":"no","visualization":"S0","Shape__Area":1470914627220.2266,"Shape__Length":4853991.1163517917,"tracks":62,"frames":139}},{"type":"Feature","id":7836,"geometry":{"type":"Polygon","coordinates":[[[-81.5554350419999,-75.090588649],[-85.877458486,-74.8625399009999],[-87.510389087,-74.752844747],[-90.162481003,-74.545581639],[-89.537738549,-74.005470879],[-88.948982121,-73.463933563],[-88.392864563,-72.9210997709999],[-87.8664314389999,-72.377083719],[-85.518776009,-72.564839057],[-84.079432171,-72.664620385],[-80.287802982,-72.874128017],[-80.580697054,-73.428723712],[-80.888493426,-73.9830167929999],[-81.212793819,-74.536981638],[-81.5554350419999,-75.090588649]]]},"properties":{"fid":7836,"track":97,"frame":125,"dates":"2025-09-29, 2025-10-11, 2025-10-23, 2025-11-04, 2025-11-16, 2025-11-28, 2025-12-10, 2025-12-22, 2026-01-03, 2026-01-15, 2026-01-27, 2026-02-08, 2026-02-20, 2026-03-04, 2026-03-16, 2026-03-28, 2026-04-09, 2026-04-21, 2026-05-03, 2026-05-15, 2026-05-27, 2026-06-08, 2026-06-20, 2026-07-02, 2026-07-14, 2026-07-26, 2026-08-07, 2026-08-19, 2026-08-31, 2026-09-12, 2026-09-24, 2026-10-06, 2026-10-18, 2026-10-30, 2026-11-11, 2026-11-23, 2026-12-05, 2026-12-17, 2026-12-29","acquisition_time":"23:01:20","date_mode_popup":"2025-09-29 | 150\n2025-10-11 | 150\n2025-10-23 | 150\n2025-11-04 | 150\n2025-11-16 | 150\n2025-11-28 | 150\n2025-12-10 | 150\n2025-12-22 | 150\n2026-01-03 | 150\n2026-01-15 | 150\n2026-01-27 | 150\n2026-02-08 | 150\n2026-02-20 | 150\n2026-03-04 | 150\n2026-03-16 | 150\n2026-03-28 | 150\n2026-04-09 | 150\n2026-04-21 | 150\n2026-05-03 | 150\n2026-05-15 | 150\n2026-05-27 | 150\n2026-06-08 | 150\n2026-06-20 | 150\n2026-07-02 | 150\n2026-07-14 | 150\n2026-07-26 | 150\n2026-08-07 | 150\n2026-08-19 | 150\n2026-08-31 | 150\n2026-09-12 | 150\n2026-09-24 | 150\n2026-10-06 | 150\n2026-10-18 | 150\n2026-10-30 | 150\n2026-11-11 | 150\n2026-11-23 | 150\n2026-12-05 | 150\n2026-12-17 | 150\n2026-12-29 | 150","producerifg":1,"producerunw":1,"produceroff":1,"producegunw":1,"producegoff":1,"producerslc":1,"producegslc":1,"producegcov":1,"producesmst":0,"passdirection":"Descending","unique_radar_mode_list":"150","unique_radar_mode_mnemonic_list":"L:SCI:SH:77M+---:HS:B4:D02","number_combos":1,"mode_change":"no","radar_mode_combination_1":"150","radar_mode_combination_2":null,"radar_mode_combination_3":null,"radar_mode_combination_4":null,"radar_mode_combination_5":null,"radar_mode_combination_6":null,"radar_mode_combination_7":null,"radar_mode_combination_8":null,"radar_mode_combination_9":null,"radar_mode_mnemonic_combination_1":"L:SCI:SH:77M+---:HS:B4:D02","radar_mode_mnemonic_combination_2":null,"radar_mode_mnemonic_combination_3":null,"radar_mode_mnemonic_combination_4":null,"radar_mode_mnemonic_combination_5":null,"radar_mode_mnemonic_combination_6":null,"radar_mode_mnemonic_combination_7":null,"radar_mode_mnemonic_combination_8":null,"radar_mode_mnemonic_combination_9":null,"date_cycle_popup":"2025-09-29 | Cycle A\n2025-10-11 | Cycle A\n2025-10-23 | Cycle A\n2025-11-04 | Cycle A\n2025-11-16 | Cycle A\n2025-11-28 | Cycle A\n2025-12-10 | Cycle A\n2025-12-22 | Cycle A\n2026-01-03 | Cycle A\n2026-01-15 | Cycle A\n2026-01-27 | Cycle A\n2026-02-08 | Cycle A\n2026-02-20 | Cycle A\n2026-03-04 | Cycle A\n2026-03-16 | Cycle A\n2026-03-28 | Cycle A\n2026-04-09 | Cycle A\n2026-04-21 | Cycle A\n2026-05-03 | Cycle A\n2026-05-15 | Cycle A\n2026-05-27 | Cycle A\n2026-06-08 | Cycle A\n2026-06-20 | Cycle A\n2026-07-02 | Cycle A\n2026-07-14 | Cycle A\n2026-07-26 | Cycle A\n2026-08-07 | Cycle A\n2026-08-19 | Cycle A\n2026-08-31 | Cycle A\n2026-09-12 | Cycle A\n2026-09-24 | Cycle A\n2026-10-06 | Cycle A\n2026-10-18 | Cycle A\n2026-10-30 | Cycle A\n2026-11-11 | Cycle A\n2026-11-23 | Cycle A\n2026-12-05 | Cycle A\n2026-12-17 | Cycle A\n2026-12-29 | Cycle A","mixed_mode":"no","l_band":"yes","ls_band":"no","s_band":"no","SH":1,"SV":0,"DH":0,"DV":0,"QP":0,"CP":0,"QD":0,"QQ":0,"bw_40":"no","bw_20":"no","bw_77":"yes","bw_max_5":"no","visualization":"F0","Shape__Area":829447411906.05469,"Shape__Length":3644238.7316055,"tracks":97,"frames":125}},{"type":"Feature","id":85,"geometry":{"type":"Polygon","coordinates":[[[-118.03940267,-73.4282679739999],[-118.347220099,-73.982549513],[-118.671542133,-74.536502819],[-119.014205542,-75.09009829],[-123.335313413,-74.862081992],[-124.967915787,-74.7524070969999],[-127.619496936,-74.545186163],[-126.994806399,-74.0050843349999],[-126.406097213,-73.463556222],[-125.850022782,-72.920731879],[-125.323629127,-72.3767254809999],[-122.976411228,-72.564443264],[-121.537346134,-72.664206382],[-117.746488143,-72.873683807],[-118.03940267,-73.4282679739999]]]},"properties":{"fid":85,"track":12,"frame":125,"dates":"2025-09-24, 2025-10-06, 2025-10-18, 2025-10-30, 2025-11-11, 2025-11-23, 2025-12-05, 2025-12-17, 2025-12-29, 2026-01-10, 2026-01-22, 2026-02-03, 2026-02-15, 2026-02-27, 2026-03-11, 2026-03-23, 2026-04-04, 2026-04-16, 2026-04-28, 2026-05-10, 2026-05-22, 2026-06-03, 2026-06-15, 2026-06-27, 2026-07-09, 2026-07-21, 2026-08-02, 2026-08-14, 2026-08-26, 2026-09-07, 2026-09-19, 2026-10-01, 2026-10-13, 2026-10-25, 2026-11-06, 2026-11-18, 2026-11-30, 2026-12-12, 2026-12-24","acquisition_time":"01:28:44, 01:28:40, 01:29:28, 01:29:00","date_mode_popup":"2025-09-24 | 153,246\n2025-10-06 | 153,246\n2025-10-18 | 153,246\n2025-10-30 | 153,246\n2025-11-11 | 153,246\n2025-11-23 | 153,246\n2025-12-05 | 153,246\n2025-12-17 | 153,246\n2025-12-29 | 153,246\n2026-01-10 | 153,246\n2026-01-22 | 153,246\n2026-02-03 | 153,220\n2026-02-15 | 153,220\n2026-02-27 | 153,246\n2026-03-11 | 153,246\n2026-03-23 | 153,246\n2026-04-04 | 153,246\n2026-04-16 | 153,246\n2026-04-28 | 153,246\n2026-05-10 | 153,246\n2026-05-22 | 153,246\n2026-06-03 | 153,246\n2026-06-15 | 153,246\n2026-06-27 | 153,246\n2026-07-09 | 153,246\n2026-07-21 | 153,246\n2026-08-02 | 153,220\n2026-08-14 | 153,220\n2026-08-26 | 153,246\n2026-09-07 | 153,246\n2026-09-19 | 153,246\n2026-10-01 | 153,246\n2026-10-13 | 153,246\n2026-10-25 | 153,246\n2026-11-06 | 153,246\n2026-11-18 | 153,246\n2026-11-30 | 153,246\n2026-12-12 | 153,246\n2026-12-24 | 153,246","producerifg":1,"producerunw":1,"produceroff":1,"producegunw":1,"producegoff":1,"producerslc":1,"producegslc":1,"producegcov":1,"producesmst":0,"passdirection":"Descending","unique_radar_mode_list":"153, 220, 246","unique_radar_mode_mnemonic_list":"L:SCI:SH:77M+---:HS:B4:D02  S:--:SH:37W:B4, L:SCI:SH:77M+---:HS:B4:D02  S:DB:CP:25W:B4, L:SCI:SV:05W+---:FS:B4:D09","number_combos":2,"mode_change":"yes","radar_mode_combination_1":"153,246","radar_mode_combination_2":"153,220","radar_mode_combination_3":null,"radar_mode_combination_4":null,"radar_mode_combination_5":null,"radar_mode_combination_6":null,"radar_mode_combination_7":null,"radar_mode_combination_8":null,"radar_mode_combination_9":null,"radar_mode_mnemonic_combination_1":"L:SCI:SV:05W+---:FS:B4:D09,L:SCI:SH:77M+---:HS:B4:D02  S:--:SH:37W:B4","radar_mode_mnemonic_combination_2":"L:SCI:SV:05W+---:FS:B4:D09,L:SCI:SH:77M+---:HS:B4:D02  S:DB:CP:25W:B4","radar_mode_mnemonic_combination_3":null,"radar_mode_mnemonic_combination_4":null,"radar_mode_mnemonic_combination_5":null,"radar_mode_mnemonic_combination_6":null,"radar_mode_mnemonic_combination_7":null,"radar_mode_mnemonic_combination_8":null,"radar_mode_mnemonic_combination_9":null,"date_cycle_popup":"2025-09-24 | Cycle A\n2025-10-06 | Cycle A\n2025-10-18 | Cycle A\n2025-10-30 | Cycle A\n2025-11-11 | Cycle A\n2025-11-23 | Cycle A\n2025-12-05 | Cycle A\n2025-12-17 | Cycle A\n2025-12-29 | Cycle A\n2026-01-10 | Cycle A\n2026-01-22 | Cycle A\n2026-02-03 | Cycle B\n2026-02-15 | Cycle B\n2026-02-27 | Cycle A\n2026-03-11 | Cycle A\n2026-03-23 | Cycle A\n2026-04-04 | Cycle A\n2026-04-16 | Cycle A\n2026-04-28 | Cycle A\n2026-05-10 | Cycle A\n2026-05-22 | Cycle A\n2026-06-03 | Cycle A\n2026-06-15 | Cycle A\n2026-06-27 | Cycle A\n2026-07-09 | Cycle A\n2026-07-21 | Cycle A\n2026-08-02 | Cycle B\n2026-08-14 | Cycle B\n2026-08-26 | Cycle A\n2026-09-07 | Cycle A\n2026-09-19 | Cycle A\n2026-10-01 | Cycle A\n2026-10-13 | Cycle A\n2026-10-25 | Cycle A\n2026-11-06 | Cycle A\n2026-11-18 | Cycle A\n2026-11-30 | Cycle A\n2026-12-12 | Cycle A\n2026-12-24 | Cycle A","mixed_mode":"yes","l_band":"yes","ls_band":"yes","s_band":"no","SH":1,"SV":1,"DH":0,"DV":0,"QP":0,"CP":0,"QD":0,"QQ":0,"bw_40":"no","bw_20":"no","bw_77":"yes","bw_max_5":"yes","visualization":"S1","Shape__Area":829243832623.15625,"Shape__Length":3643787.5049602622,"tracks":12,"frames":125}},{"type":"Feature","id":13979,"geometry":{"type":"Polygon","coordinates":[[[-123.55657587,-75.517306899],[-123.90818692,-74.9744569499999],[-119.61751739,-74.747521454],[-117.995954419,-74.638416138],[-115.361627942,-74.432307189],[-114.718558668,-74.961018204],[-114.034016685,-75.488087946],[-113.303458767,-76.013336811],[-112.521681276,-76.536557666],[-115.531339624,-76.768344695],[-117.395396436,-76.890722987],[-122.362061722,-77.1432370049999],[-122.786326464,-76.601743298],[-123.183488219,-76.05974991],[-123.55657587,-75.517306899]]]},"properties":{"fid":13979,"track":164,"frame":140,"dates":"2025-10-04, 2025-10-16, 2025-10-28, 2025-11-09, 2025-11-21, 2025-12-03, 2025-12-15, 2025-12-27, 2026-01-08, 2026-01-20, 2026-02-01, 2026-02-13, 2026-02-25, 2026-03-09, 2026-03-21, 2026-04-02, 2026-04-14, 2026-04-26, 2026-05-08, 2026-05-20, 2026-06-01, 2026-06-13, 2026-06-25, 2026-07-07, 2026-07-19, 2026-07-31, 2026-08-12, 2026-08-24, 2026-09-05, 2026-09-17, 2026-09-29, 2026-10-11, 2026-10-23, 2026-11-04, 2026-11-16, 2026-11-28, 2026-12-10, 2026-12-22","acquisition_time":"14:42:20","date_mode_popup":"2025-10-04 | 150\n2025-10-16 | 150\n2025-10-28 | 150\n2025-11-09 | 150\n2025-11-21 | 150\n2025-12-03 | 150\n2025-12-15 | 150\n2025-12-27 | 150\n2026-01-08 | 150\n2026-01-20 | 150\n2026-02-01 | 150\n2026-02-13 | 150\n2026-02-25 | 150\n2026-03-09 | 150\n2026-03-21 | 150\n2026-04-02 | 150\n2026-04-14 | 150\n2026-04-26 | 150\n2026-05-08 | 150\n2026-05-20 | 150\n2026-06-01 | 150\n2026-06-13 | 150\n2026-06-25 | 150\n2026-07-07 | 150\n2026-07-19 | 150\n2026-07-31 | 150\n2026-08-12 | 150\n2026-08-24 | 150\n2026-09-05 | 150\n2026-09-17 | 150\n2026-09-29 | 150\n2026-10-11 | 150\n2026-10-23 | 150\n2026-11-04 | 150\n2026-11-16 | 150\n2026-11-28 | 150\n2026-12-10 | 150\n2026-12-22 | 150","producerifg":1,"producerunw":1,"produceroff":1,"producegunw":1,"producegoff":1,"producerslc":1,"producegslc":1,"producegcov":1,"producesmst":0,"passdirection":"Ascending","unique_radar_mode_list":"150","unique_radar_mode_mnemonic_list":"L:SCI:SH:77M+---:HS:B4:D02","number_combos":1,"mode_change":"no","radar_mode_combination_1":"150","radar_mode_combination_2":null,"radar_mode_combination_3":null,"radar_mode_combination_4":null,"radar_mode_combination_5":null,"radar_mode_combination_6":null,"radar_mode_combination_7":null,"radar_mode_combination_8":null,"radar_mode_combination_9":null,"radar_mode_mnemonic_combination_1":"L:SCI:SH:77M+---:HS:B4:D02","radar_mode_mnemonic_combination_2":null,"radar_mode_mnemonic_combination_3":null,"radar_mode_mnemonic_combination_4":null,"radar_mode_mnemonic_combination_5":null,"radar_mode_mnemonic_combination_6":null,"radar_mode_mnemonic_combination_7":null,"radar_mode_mnemonic_combination_8":null,"radar_mode_mnemonic_combination_9":null,"date_cycle_popup":"2025-10-04 | Cycle A\n2025-10-16 | Cycle A\n2025-10-28 | Cycle A\n2025-11-09 | Cycle A\n2025-11-21 | Cycle A\n2025-12-03 | Cycle A\n2025-12-15 | Cycle A\n2025-12-27 | Cycle A\n2026-01-08 | Cycle A\n2026-01-20 | Cycle A\n2026-02-01 | Cycle A\n2026-02-13 | Cycle A\n2026-02-25 | Cycle A\n2026-03-09 | Cycle A\n2026-03-21 | Cycle A\n2026-04-02 | Cycle A\n2026-04-14 | Cycle A\n2026-04-26 | Cycle A\n2026-05-08 | Cycle A\n2026-05-20 | Cycle A\n2026-06-01 | Cycle A\n2026-06-13 | Cycle A\n2026-06-25 | Cycle A\n2026-07-07 | Cycle A\n2026-07-19 | Cycle A\n2026-07-31 | Cycle A\n2026-08-12 | Cycle A\n2026-08-24 | Cycle A\n2026-09-05 | Cycle A\n2026-09-17 | Cycle A\n2026-09-29 | Cycle A\n2026-10-11 | Cycle A\n2026-10-23 | Cycle A\n2026-11-04 | Cycle A\n2026-11-16 | Cycle A\n2026-11-28 | Cycle A\n2026-12-10 | Cycle A\n2026-12-22 | Cycle A","mixed_mode":"no","l_band":"yes","ls_band":"no","s_band":"no","SH":1,"SV":0,"DH":0,"DV":0,"QP":0,"CP":0,"QD":0,"QQ":0,"bw_40":"no","bw_20":"no","bw_77":"yes","bw_max_5":"no","visualization":"F0","Shape__Area":1060728047608.0469,"Shape__Length":4122178.68090808,"tracks":164,"frames":140}},{"type":"Feature","id":11915,"geometry":{"type":"Polygon","coordinates":[[[-99.9392970279999,-74.536491087],[-100.281834123,-75.090084931],[-104.603417799,-74.862104776],[-106.236198718,-74.7524394769999],[-108.888067561,-74.545229362],[-108.263464284,-74.00512645],[-107.674836948,-73.463597648],[-107.118839416,-72.920772964],[-106.592518145,-72.3767665509999],[-104.245055227,-72.5644755639999],[-102.805838158,-72.664230803],[-99.0145740949999,-72.873678322],[-99.3073854529999,-73.4282602009999],[-99.615092778,-73.982539655],[-99.9392970279999,-74.536491087]]]},"properties":{"fid":11915,"track":141,"frame":125,"dates":"2025-10-03, 2025-10-15, 2025-10-27, 2025-11-08, 2025-11-20, 2025-12-02, 2025-12-14, 2025-12-26, 2026-01-07, 2026-01-19, 2026-01-31, 2026-02-12, 2026-02-24, 2026-03-08, 2026-03-20, 2026-04-01, 2026-04-13, 2026-04-25, 2026-05-07, 2026-05-19, 2026-05-31, 2026-06-12, 2026-06-24, 2026-07-06, 2026-07-18, 2026-07-30, 2026-08-11, 2026-08-23, 2026-09-04, 2026-09-16, 2026-09-28, 2026-10-10, 2026-10-22, 2026-11-03, 2026-11-15, 2026-11-27, 2026-12-09, 2026-12-21","acquisition_time":"00:16:16","date_mode_popup":"2025-10-03 | 150,153\n2025-10-15 | 150,153\n2025-10-27 | 150,153\n2025-11-08 | 150,153\n2025-11-20 | 150,153\n2025-12-02 | 150,153\n2025-12-14 | 150,153\n2025-12-26 | 150,153\n2026-01-07 | 150,153\n2026-01-19 | 150,153\n2026-01-31 | 150,153\n2026-02-12 | 150,153\n2026-02-24 | 150,153\n2026-03-08 | 150,153\n2026-03-20 | 150,153\n2026-04-01 | 150,153\n2026-04-13 | 150,153\n2026-04-25 | 150,153\n2026-05-07 | 150,153\n2026-05-19 | 150,153\n2026-05-31 | 150,153\n2026-06-12 | 150,153\n2026-06-24 | 150,153\n2026-07-06 | 150,153\n2026-07-18 | 150,153\n2026-07-30 | 150,153\n2026-08-11 | 150,153\n2026-08-23 | 150,153\n2026-09-04 | 150,153\n2026-09-16 | 150,153\n2026-09-28 | 150,153\n2026-10-10 | 150,153\n2026-10-22 | 150,153\n2026-11-03 | 150,153\n2026-11-15 | 150,153\n2026-11-27 | 150,153\n2026-12-09 | 150,153\n2026-12-21 | 150,153","producerifg":1,"producerunw":1,"produceroff":1,"producegunw":1,"producegoff":1,"producerslc":1,"producegslc":1,"producegcov":1,"producesmst":0,"passdirection":"Descending","unique_radar_mode_list":"150, 153","unique_radar_mode_mnemonic_list":"L:SCI:SH:77M+---:HS:B4:D02, L:SCI:SV:05W+---:FS:B4:D09","number_combos":1,"mode_change":"no","radar_mode_combination_1":"150,153","radar_mode_combination_2":null,"radar_mode_combination_3":null,"radar_mode_combination_4":null,"radar_mode_combination_5":null,"radar_mode_combination_6":null,"radar_mode_combination_7":null,"radar_mode_combination_8":null,"radar_mode_combination_9":null,"radar_mode_mnemonic_combination_1":"L:SCI:SH:77M+---:HS:B4:D02,L:SCI:SV:05W+---:FS:B4:D09","radar_mode_mnemonic_combination_2":null,"radar_mode_mnemonic_combination_3":null,"radar_mode_mnemonic_combination_4":null,"radar_mode_mnemonic_combination_5":null,"radar_mode_mnemonic_combination_6":null,"radar_mode_mnemonic_combination_7":null,"radar_mode_mnemonic_combination_8":null,"radar_mode_mnemonic_combination_9":null,"date_cycle_popup":"2025-10-03 | Cycle A\n2025-10-15 | Cycle A\n2025-10-27 | Cycle A\n2025-11-08 | Cycle A\n2025-11-20 | Cycle A\n2025-12-02 | Cycle A\n2025-12-14 | Cycle A\n2025-12-26 | Cycle A\n2026-01-07 | Cycle A\n2026-01-19 | Cycle A\n2026-01-31 | Cycle A\n2026-02-12 | Cycle A\n2026-02-24 | Cycle A\n2026-03-08 | Cycle A\n2026-03-20 | Cycle A\n2026-04-01 | Cycle A\n2026-04-13 | Cycle A\n2026-04-25 | Cycle A\n2026-05-07 | Cycle A\n2026-05-19 | Cycle A\n2026-05-31 | Cycle A\n2026-06-12 | Cycle A\n2026-06-24 | Cycle A\n2026-07-06 | Cycle A\n2026-07-18 | Cycle A\n2026-07-30 | Cycle A\n2026-08-11 | Cycle A\n2026-08-23 | Cycle A\n2026-09-04 | Cycle A\n2026-09-16 | Cycle A\n2026-09-28 | Cycle A\n2026-10-10 | Cycle A\n2026-10-22 | Cycle A\n2026-11-03 | Cycle A\n2026-11-15 | Cycle A\n2026-11-27 | Cycle A\n2026-12-09 | Cycle A\n2026-12-21 | Cycle A","mixed_mode":"yes","l_band":"yes","ls_band":"no","s_band":"no","SH":1,"SV":1,"DH":0,"DV":0,"QP":0,"CP":0,"QD":0,"QQ":0,"bw_40":"no","bw_20":"no","bw_77":"yes","bw_max_5":"yes","visualization":"F1","Shape__Area":829316041576.64844,"Shape__Length":3643948.8499976373,"tracks":141,"frames":125}},{"type":"Feature","id":10513,"geometry":{"type":"Polygon","coordinates":[[[-84.233189919,-72.448418968],[-84.509034512,-72.9906719859999],[-88.325283363,-72.780362663],[-89.773676979,-72.68014184],[-92.1356568859999,-72.491511149],[-91.641980115,-71.958981104],[-91.172430508,-71.425484105],[-90.7250199599999,-70.89109594],[-90.297968474,-70.355884174],[-88.176643839,-70.530015609],[-86.879650663,-70.622992044],[-83.47343026,-70.8202033589999],[-83.716377202,-71.363169302],[-83.9693201859999,-71.90591263],[-84.233189919,-72.448418968]]]},"properties":{"fid":10513,"track":126,"frame":124,"dates":"2025-10-01, 2025-10-13, 2025-10-25, 2025-11-06, 2025-11-18, 2025-11-30, 2025-12-12, 2025-12-24, 2026-01-05, 2026-01-17, 2026-01-29, 2026-02-10, 2026-02-22, 2026-03-06, 2026-03-18, 2026-03-30, 2026-04-11, 2026-04-23, 2026-05-05, 2026-05-17, 2026-05-29, 2026-06-10, 2026-06-22, 2026-07-04, 2026-07-16, 2026-07-28, 2026-08-09, 2026-08-21, 2026-09-02, 2026-09-14, 2026-09-26, 2026-10-08, 2026-10-20, 2026-11-01, 2026-11-13, 2026-11-25, 2026-12-07, 2026-12-19","acquisition_time":"23:15:24, 23:16:32, 23:15:16, 23:15:20","date_mode_popup":"2025-10-01 | 153,246\n2025-10-13 | 153,246\n2025-10-25 | 153,246\n2025-11-06 | 153,246\n2025-11-18 | 153,246\n2025-11-30 | 153,246\n2025-12-12 | 153,246\n2025-12-24 | 153,246\n2026-01-05 | 153,246\n2026-01-17 | 153,246\n2026-01-29 | 153,220\n2026-02-10 | 153,220\n2026-02-22 | 153,246\n2026-03-06 | 153,246\n2026-03-18 | 153,246\n2026-03-30 | 153,246\n2026-04-11 | 153,246\n2026-04-23 | 153,246\n2026-05-05 | 153,246\n2026-05-17 | 153,246\n2026-05-29 | 153,246\n2026-06-10 | 153,246\n2026-06-22 | 153,246\n2026-07-04 | 153,246\n2026-07-16 | 153,246\n2026-07-28 | 153,220\n2026-08-09 | 153,220\n2026-08-21 | 153,246\n2026-09-02 | 153,246\n2026-09-14 | 153,246\n2026-09-26 | 153,246\n2026-10-08 | 153,246\n2026-10-20 | 153,246\n2026-11-01 | 153,246\n2026-11-13 | 153,246\n2026-11-25 | 153,246\n2026-12-07 | 153,246\n2026-12-19 | 153,246","producerifg":1,"producerunw":1,"produceroff":1,"producegunw":1,"producegoff":1,"producerslc":1,"producegslc":1,"producegcov":1,"producesmst":0,"passdirection":"Descending","unique_radar_mode_list":"153, 220, 246","unique_radar_mode_mnemonic_list":"L:SCI:SH:77M+---:HS:B4:D02  S:--:SH:37W:B4, L:SCI:SH:77M+---:HS:B4:D02  S:DB:CP:25W:B4, L:SCI:SV:05W+---:FS:B4:D09","number_combos":2,"mode_change":"yes","radar_mode_combination_1":"153,246","radar_mode_combination_2":"153,220","radar_mode_combination_3":null,"radar_mode_combination_4":null,"radar_mode_combination_5":null,"radar_mode_combination_6":null,"radar_mode_combination_7":null,"radar_mode_combination_8":null,"radar_mode_combination_9":null,"radar_mode_mnemonic_combination_1":"L:SCI:SV:05W+---:FS:B4:D09,L:SCI:SH:77M+---:HS:B4:D02  S:--:SH:37W:B4","radar_mode_mnemonic_combination_2":"L:SCI:SV:05W+---:FS:B4:D09,L:SCI:SH:77M+---:HS:B4:D02  S:DB:CP:25W:B4","radar_mode_mnemonic_combination_3":null,"radar_mode_mnemonic_combination_4":null,"radar_mode_mnemonic_combination_5":null,"radar_mode_mnemonic_combination_6":null,"radar_mode_mnemonic_combination_7":null,"radar_mode_mnemonic_combination_8":null,"radar_mode_mnemonic_combination_9":null,"date_cycle_popup":"2025-10-01 | Cycle A\n2025-10-13 | Cycle A\n2025-10-25 | Cycle A\n2025-11-06 | Cycle A\n2025-11-18 | Cycle A\n2025-11-30 | Cycle A\n2025-12-12 | Cycle A\n2025-12-24 | Cycle A\n2026-01-05 | Cycle A\n2026-01-17 | Cycle A\n2026-01-29 | Cycle B\n2026-02-10 | Cycle B\n2026-02-22 | Cycle A\n2026-03-06 | Cycle A\n2026-03-18 | Cycle A\n2026-03-30 | Cycle A\n2026-04-11 | Cycle A\n2026-04-23 | Cycle A\n2026-05-05 | Cycle A\n2026-05-17 | Cycle A\n2026-05-29 | Cycle A\n2026-06-10 | Cycle A\n2026-06-22 | Cycle A\n2026-07-04 | Cycle A\n2026-07-16 | Cycle A\n2026-07-28 | Cycle B\n2026-08-09 | Cycle B\n2026-08-21 | Cycle A\n2026-09-02 | Cycle A\n2026-09-14 | Cycle A\n2026-09-26 | Cycle A\n2026-10-08 | Cycle A\n2026-10-20 | Cycle A\n2026-11-01 | Cycle A\n2026-11-13 | Cycle A\n2026-11-25 | Cycle A\n2026-12-07 | Cycle A\n2026-12-19 | Cycle A","mixed_mode":"yes","l_band":"yes","ls_band":"yes","s_band":"no","SH":1,"SV":1,"DH":0,"DV":0,"QP":0,"CP":0,"QD":0,"QQ":0,"bw_40":"no","bw_20":"no","bw_77":"yes","bw_max_5":"yes","visualization":"S1","Shape__Area":642423237297.26563,"Shape__Length":3207640.1155951242,"tracks":126,"frames":124}},{"type":"Feature","id":7928,"geometry":{"type":"Polygon","coordinates":[[[-107.174416897,-76.058830052],[-107.57139533,-76.600787786],[-107.995457569,-77.142246646],[-112.961283144,-76.8898767009999],[-114.825066179,-76.76755999],[-117.834332716,-76.535880854],[-117.052865159,-76.012681507],[-116.32259083,-75.487456056],[-115.638309071,-74.9604114479999],[-114.99547924,-74.431727129],[-112.361452691,-74.6377451239999],[-110.740094277,-74.746798331],[-106.450036913,-74.973610581],[-106.801495891,-75.5164234389999],[-107.174416897,-76.058830052]]]},"properties":{"fid":7928,"track":98,"frame":126,"dates":"2025-09-30, 2025-10-12, 2025-10-24, 2025-11-05, 2025-11-17, 2025-11-29, 2025-12-11, 2025-12-23, 2026-01-04, 2026-01-16, 2026-01-28, 2026-02-09, 2026-02-21, 2026-03-05, 2026-03-17, 2026-03-29, 2026-04-10, 2026-04-22, 2026-05-04, 2026-05-16, 2026-05-28, 2026-06-09, 2026-06-21, 2026-07-03, 2026-07-15, 2026-07-27, 2026-08-08, 2026-08-20, 2026-09-01, 2026-09-13, 2026-09-25, 2026-10-07, 2026-10-19, 2026-10-31, 2026-11-12, 2026-11-24, 2026-12-06, 2026-12-18, 2026-12-30","acquisition_time":"00:41:36","date_mode_popup":"2025-09-30 | 150\n2025-10-12 | 150\n2025-10-24 | 150\n2025-11-05 | 150\n2025-11-17 | 150\n2025-11-29 | 150\n2025-12-11 | 150\n2025-12-23 | 150\n2026-01-04 | 150\n2026-01-16 | 150\n2026-01-28 | 150\n2026-02-09 | 150\n2026-02-21 | 150\n2026-03-05 | 150\n2026-03-17 | 150\n2026-03-29 | 150\n2026-04-10 | 150\n2026-04-22 | 150\n2026-05-04 | 150\n2026-05-16 | 150\n2026-05-28 | 150\n2026-06-09 | 150\n2026-06-21 | 150\n2026-07-03 | 150\n2026-07-15 | 150\n2026-07-27 | 150\n2026-08-08 | 150\n2026-08-20 | 150\n2026-09-01 | 150\n2026-09-13 | 150\n2026-09-25 | 150\n2026-10-07 | 150\n2026-10-19 | 150\n2026-10-31 | 150\n2026-11-12 | 150\n2026-11-24 | 150\n2026-12-06 | 150\n2026-12-18 | 150\n2026-12-30 | 150","producerifg":1,"producerunw":1,"produceroff":1,"producegunw":1,"producegoff":1,"producerslc":1,"producegslc":1,"producegcov":1,"producesmst":0,"passdirection":"Descending","unique_radar_mode_list":"150","unique_radar_mode_mnemonic_list":"L:SCI:SH:77M+---:HS:B4:D02","number_combos":1,"mode_change":"no","radar_mode_combination_1":"150","radar_mode_combination_2":null,"radar_mode_combination_3":null,"radar_mode_combination_4":null,"radar_mode_combination_5":null,"radar_mode_combination_6":null,"radar_mode_combination_7":null,"radar_mode_combination_8":null,"radar_mode_combination_9":null,"radar_mode_mnemonic_combination_1":"L:SCI:SH:77M+---:HS:B4:D02","radar_mode_mnemonic_combination_2":null,"radar_mode_mnemonic_combination_3":null,"radar_mode_mnemonic_combination_4":null,"radar_mode_mnemonic_combination_5":null,"radar_mode_mnemonic_combination_6":null,"radar_mode_mnemonic_combination_7":null,"radar_mode_mnemonic_combination_8":null,"radar_mode_mnemonic_combination_9":null,"date_cycle_popup":"2025-09-30 | Cycle A\n2025-10-12 | Cycle A\n2025-10-24 | Cycle A\n2025-11-05 | Cycle A\n2025-11-17 | Cycle A\n2025-11-29 | Cycle A\n2025-12-11 | Cycle A\n2025-12-23 | Cycle A\n2026-01-04 | Cycle A\n2026-01-16 | Cycle A\n2026-01-28 | Cycle A\n2026-02-09 | Cycle A\n2026-02-21 | Cycle A\n2026-03-05 | Cycle A\n2026-03-17 | Cycle A\n2026-03-29 | Cycle A\n2026-04-10 | Cycle A\n2026-04-22 | Cycle A\n2026-05-04 | Cycle A\n2026-05-16 | Cycle A\n2026-05-28 | Cycle A\n2026-06-09 | Cycle A\n2026-06-21 | Cycle A\n2026-07-03 | Cycle A\n2026-07-15 | Cycle A\n2026-07-27 | Cycle A\n2026-08-08 | Cycle A\n2026-08-20 | Cycle A\n2026-09-01 | Cycle A\n2026-09-13 | Cycle A\n2026-09-25 | Cycle A\n2026-10-07 | Cycle A\n2026-10-19 | Cycle A\n2026-10-31 | Cycle A\n2026-11-12 | Cycle A\n2026-11-24 | Cycle A\n2026-12-06 | Cycle A\n2026-12-18 | Cycle A\n2026-12-30 | Cycle A","mixed_mode":"no","l_band":"yes","ls_band":"no","s_band":"no","SH":1,"SV":0,"DH":0,"DV":0,"QP":0,"CP":0,"QD":0,"QQ":0,"bw_40":"no","bw_20":"no","bw_77":"yes","bw_max_5":"no","visualization":"F0","Shape__Area":1060411416998.9844,"Shape__Length":4121560.5856102742,"tracks":98,"frames":126}},{"type":"Feature","id":4725,"geometry":{"type":"Polygon","coordinates":[[[-122.421469823,-73.983207562],[-122.729218965,-73.428905345],[-123.022068184,-72.874300308],[-119.230224206,-72.664774791],[-117.790803812,-72.5649847779999],[-115.443029556,-72.377213078],[-114.916599402,-72.921237075],[-114.36048423,-73.464078534],[-113.771729479,-74.005623246],[-113.146987845,-74.545741138],[-115.7992514,-74.753023799],[-117.432293285,-74.862729029],[-121.75463062,-75.090797144],[-122.097219238,-74.537181354],[-122.421469823,-73.983207562]]]},"properties":{"fid":4725,"track":63,"frame":141,"dates":"2025-09-27, 2025-10-09, 2025-10-21, 2025-11-02, 2025-11-14, 2025-11-26, 2025-12-08, 2025-12-20, 2026-01-01, 2026-01-13, 2026-01-25, 2026-02-06, 2026-02-18, 2026-03-02, 2026-03-14, 2026-03-26, 2026-04-07, 2026-04-19, 2026-05-01, 2026-05-13, 2026-05-25, 2026-06-06, 2026-06-18, 2026-06-30, 2026-07-12, 2026-07-24, 2026-08-05, 2026-08-17, 2026-08-29, 2026-09-10, 2026-09-22, 2026-10-04, 2026-10-16, 2026-10-28, 2026-11-09, 2026-11-21, 2026-12-03, 2026-12-15, 2026-12-27","acquisition_time":"14:33:12","date_mode_popup":"2025-09-27 | 150,153\n2025-10-09 | 150,153\n2025-10-21 | 150,153\n2025-11-02 | 150,153\n2025-11-14 | 150,153\n2025-11-26 | 150,153\n2025-12-08 | 150,153\n2025-12-20 | 150,153\n2026-01-01 | 150,153\n2026-01-13 | 150,153\n2026-01-25 | 150,153\n2026-02-06 | 150,153\n2026-02-18 | 150,153\n2026-03-02 | 246,76,153\n2026-03-14 | 246,76,153\n2026-03-26 | 150,153\n2026-04-07 | 150,153\n2026-04-19 | 150,153\n2026-05-01 | 150,153\n2026-05-13 | 150,153\n2026-05-25 | 150,153\n2026-06-06 | 150,153\n2026-06-18 | 150,153\n2026-06-30 | 150,153\n2026-07-12 | 150,153\n2026-07-24 | 150,153\n2026-08-05 | 150,153\n2026-08-17 | 150,153\n2026-08-29 | 246,76,153\n2026-09-10 | 246,76,153\n2026-09-22 | 150,153\n2026-10-04 | 150,153\n2026-10-16 | 150,153\n2026-10-28 | 150,153\n2026-11-09 | 150,153\n2026-11-21 | 150,153\n2026-12-03 | 150,153\n2026-12-15 | 150,153\n2026-12-27 | 150,153","producerifg":1,"producerunw":1,"produceroff":1,"producegunw":1,"producegoff":1,"producerslc":1,"producegslc":1,"producegcov":1,"producesmst":0,"passdirection":"Ascending","unique_radar_mode_list":"150, 153, 246, 76","unique_radar_mode_mnemonic_list":"L:SCI:SH:77M+---:HS:B4:D02, L:SCI:SH:77M+---:HS:B4:D02  S:--:SH:37W:B4, L:SCI:SV:05W+---:FS:B4:D09, S:DB:SH:37W:B4:D10","number_combos":2,"mode_change":"yes","radar_mode_combination_1":"150,153","radar_mode_combination_2":"246,76,153","radar_mode_combination_3":null,"radar_mode_combination_4":null,"radar_mode_combination_5":null,"radar_mode_combination_6":null,"radar_mode_combination_7":null,"radar_mode_combination_8":null,"radar_mode_combination_9":null,"radar_mode_mnemonic_combination_1":"L:SCI:SH:77M+---:HS:B4:D02,L:SCI:SV:05W+---:FS:B4:D09","radar_mode_mnemonic_combination_2":"L:SCI:SH:77M+---:HS:B4:D02  S:--:SH:37W:B4,S:DB:SH:37W:B4:D10,L:SCI:SV:05W+---:FS:B4:D09","radar_mode_mnemonic_combination_3":null,"radar_mode_mnemonic_combination_4":null,"radar_mode_mnemonic_combination_5":null,"radar_mode_mnemonic_combination_6":null,"radar_mode_mnemonic_combination_7":null,"radar_mode_mnemonic_combination_8":null,"radar_mode_mnemonic_combination_9":null,"date_cycle_popup":"2025-09-27 | Cycle A\n2025-10-09 | Cycle A\n2025-10-21 | Cycle A\n2025-11-02 | Cycle A\n2025-11-14 | Cycle A\n2025-11-26 | Cycle A\n2025-12-08 | Cycle A\n2025-12-20 | Cycle A\n2026-01-01 | Cycle A\n2026-01-13 | Cycle A\n2026-01-25 | Cycle A\n2026-02-06 | Cycle A\n2026-02-18 | Cycle A\n2026-03-02 | Cycle B\n2026-03-14 | Cycle B\n2026-03-26 | Cycle A\n2026-04-07 | Cycle A\n2026-04-19 | Cycle A\n2026-05-01 | Cycle A\n2026-05-13 | Cycle A\n2026-05-25 | Cycle A\n2026-06-06 | Cycle A\n2026-06-18 | Cycle A\n2026-06-30 | Cycle A\n2026-07-12 | Cycle A\n2026-07-24 | Cycle A\n2026-08-05 | Cycle A\n2026-08-17 | Cycle A\n2026-08-29 | Cycle B\n2026-09-10 | Cycle B\n2026-09-22 | Cycle A\n2026-10-04 | Cycle A\n2026-10-16 | Cycle A\n2026-10-28 | Cycle A\n2026-11-09 | Cycle A\n2026-11-21 | Cycle A\n2026-12-03 | Cycle A\n2026-12-15 | Cycle A\n2026-12-27 | Cycle A","mixed_mode":"yes","l_band":"yes","ls_band":"yes","s_band":"no","SH":1,"SV":1,"DH":0,"DV":0,"QP":0,"CP":0,"QD":0,"QQ":0,"bw_40":"no","bw_20":"no","bw_77":"yes","bw_max_5":"yes","visualization":"S1","Shape__Area":829518676851.46875,"Shape__Length":3644396.85434452,"tracks":63,"frames":141}},{"type":"Feature","id":3992,"geometry":{"type":"Polygon","coordinates":[[[-112.425654146,-74.536418555],[-112.768205607,-75.090010266],[-117.08962626,-74.862033524],[-118.722348381,-74.7523709339999],[-121.374125287,-74.54516687],[-120.749523209,-74.005065841],[-120.160896763,-73.463538961],[-119.60489987,-72.920716244],[-119.078579013,-72.376711827],[-116.731192224,-72.564415443],[-115.292023499,-72.664168204],[-111.500892642,-72.8736122559999],[-111.793716164,-73.4281919709999],[-112.101436326,-73.982469265],[-112.425654146,-74.536418555]]]},"properties":{"fid":3992,"track":55,"frame":125,"dates":"2025-09-27, 2025-10-09, 2025-10-21, 2025-11-02, 2025-11-14, 2025-11-26, 2025-12-08, 2025-12-20, 2026-01-01, 2026-01-13, 2026-01-25, 2026-02-06, 2026-02-18, 2026-03-02, 2026-03-14, 2026-03-26, 2026-04-07, 2026-04-19, 2026-05-01, 2026-05-13, 2026-05-25, 2026-06-06, 2026-06-18, 2026-06-30, 2026-07-12, 2026-07-24, 2026-08-05, 2026-08-17, 2026-08-29, 2026-09-10, 2026-09-22, 2026-10-04, 2026-10-16, 2026-10-28, 2026-11-09, 2026-11-21, 2026-12-03, 2026-12-15, 2026-12-27","acquisition_time":"01:03:52, 01:03:48, 01:04:28, 01:04:04","date_mode_popup":"2025-09-27 | 153,150\n2025-10-09 | 153,150\n2025-10-21 | 153,150\n2025-11-02 | 153,150\n2025-11-14 | 153,150\n2025-11-26 | 153,150\n2025-12-08 | 153,150\n2025-12-20 | 153,150\n2026-01-01 | 153,150\n2026-01-13 | 153,150\n2026-01-25 | 153,150\n2026-02-06 | 153,150\n2026-02-18 | 153,150\n2026-03-02 | 153,150\n2026-03-14 | 153,150\n2026-03-26 | 153,150\n2026-04-07 | 153,150\n2026-04-19 | 153,150\n2026-05-01 | 153,150\n2026-05-13 | 153,150\n2026-05-25 | 153,150\n2026-06-06 | 153,150\n2026-06-18 | 153,150\n2026-06-30 | 153,150\n2026-07-12 | 153,150\n2026-07-24 | 153,150\n2026-08-05 | 153,150\n2026-08-17 | 153,150\n2026-08-29 | 153,150\n2026-09-10 | 153,150\n2026-09-22 | 153,150\n2026-10-04 | 153,150\n2026-10-16 | 153,150\n2026-10-28 | 153,150\n2026-11-09 | 153,150\n2026-11-21 | 153,150\n2026-12-03 | 153,150\n2026-12-15 | 153,150\n2026-12-27 | 153,150","producerifg":1,"producerunw":1,"produceroff":1,"producegunw":1,"producegoff":1,"producerslc":1,"producegslc":1,"producegcov":1,"producesmst":0,"passdirection":"Descending","unique_radar_mode_list":"150, 153","unique_radar_mode_mnemonic_list":"L:SCI:SH:77M+---:HS:B4:D02, L:SCI:SV:05W+---:FS:B4:D09","number_combos":1,"mode_change":"no","radar_mode_combination_1":"153,150","radar_mode_combination_2":null,"radar_mode_combination_3":null,"radar_mode_combination_4":null,"radar_mode_combination_5":null,"radar_mode_combination_6":null,"radar_mode_combination_7":null,"radar_mode_combination_8":null,"radar_mode_combination_9":null,"radar_mode_mnemonic_combination_1":"L:SCI:SV:05W+---:FS:B4:D09,L:SCI:SH:77M+---:HS:B4:D02","radar_mode_mnemonic_combination_2":null,"radar_mode_mnemonic_combination_3":null,"radar_mode_mnemonic_combination_4":null,"radar_mode_mnemonic_combination_5":null,"radar_mode_mnemonic_combination_6":null,"radar_mode_mnemonic_combination_7":null,"radar_mode_mnemonic_combination_8":null,"radar_mode_mnemonic_combination_9":null,"date_cycle_popup":"2025-09-27 | Cycle A\n2025-10-09 | Cycle A\n2025-10-21 | Cycle A\n2025-11-02 | Cycle A\n2025-11-14 | Cycle A\n2025-11-26 | Cycle A\n2025-12-08 | Cycle A\n2025-12-20 | Cycle A\n2026-01-01 | Cycle A\n2026-01-13 | Cycle A\n2026-01-25 | Cycle A\n2026-02-06 | Cycle A\n2026-02-18 | Cycle A\n2026-03-02 | Cycle A\n2026-03-14 | Cycle A\n2026-03-26 | Cycle A\n2026-04-07 | Cycle A\n2026-04-19 | Cycle A\n2026-05-01 | Cycle A\n2026-05-13 | Cycle A\n2026-05-25 | Cycle A\n2026-06-06 | Cycle A\n2026-06-18 | Cycle A\n2026-06-30 | Cycle A\n2026-07-12 | Cycle A\n2026-07-24 | Cycle A\n2026-08-05 | Cycle A\n2026-08-17 | Cycle A\n2026-08-29 | Cycle A\n2026-09-10 | Cycle A\n2026-09-22 | Cycle A\n2026-10-04 | Cycle A\n2026-10-16 | Cycle A\n2026-10-28 | Cycle A\n2026-11-09 | Cycle A\n2026-11-21 | Cycle A\n2026-12-03 | Cycle A\n2026-12-15 | Cycle A\n2026-12-27 | Cycle A","mixed_mode":"yes","l_band":"yes","ls_band":"no","s_band":"no","SH":1,"SV":1,"DH":0,"DV":0,"QP":0,"CP":0,"QD":0,"QQ":0,"bw_40":"no","bw_20":"no","bw_77":"yes","bw_max_5":"yes","visualization":"F1","Shape__Area":829281451806.125,"Shape__Length":3643872.1040651239,"tracks":55,"frames":125}},{"type":"Feature","id":732,"geometry":{"type":"Polygon","coordinates":[[[-105.270295588,-70.820413291],[-101.863738079,-70.623186167],[-100.566622552,-70.530200777],[-98.44510496,-70.3560512669999],[-98.0180556719999,-70.89126924],[-97.570646788,-71.425663427],[-97.101098212,-71.95916628],[-96.607421738,-72.49170201],[-98.9696392879999,-72.680353368],[-100.418184406,-72.780584241],[-104.234852732,-72.990910366],[-104.510654337,-72.4486503859999],[-104.774482924,-71.906136994],[-105.027386475,-71.363386513],[-105.270295588,-70.820413291]]]},"properties":{"fid":732,"track":19,"frame":142,"dates":"2025-09-24, 2025-10-06, 2025-10-18, 2025-10-30, 2025-11-11, 2025-11-23, 2025-12-05, 2025-12-17, 2025-12-29, 2026-01-10, 2026-01-22, 2026-02-03, 2026-02-15, 2026-02-27, 2026-03-11, 2026-03-23, 2026-04-04, 2026-04-16, 2026-04-28, 2026-05-10, 2026-05-22, 2026-06-03, 2026-06-15, 2026-06-27, 2026-07-09, 2026-07-21, 2026-08-02, 2026-08-14, 2026-08-26, 2026-09-07, 2026-09-19, 2026-10-01, 2026-10-13, 2026-10-25, 2026-11-06, 2026-11-18, 2026-11-30, 2026-12-12, 2026-12-24","acquisition_time":"13:17:48","date_mode_popup":"2025-09-24 | 150,153\n2025-10-06 | 150,153\n2025-10-18 | 150,153\n2025-10-30 | 150,153\n2025-11-11 | 150,153\n2025-11-23 | 150,153\n2025-12-05 | 150,153\n2025-12-17 | 150,153\n2025-12-29 | 150,153\n2026-01-10 | 150,153\n2026-01-22 | 150,153\n2026-02-03 | 150,153\n2026-02-15 | 150,153\n2026-02-27 | 150,153\n2026-03-11 | 150,153\n2026-03-23 | 150,153\n2026-04-04 | 150,153\n2026-04-16 | 150,153\n2026-04-28 | 150,153\n2026-05-10 | 150,153\n2026-05-22 | 150,153\n2026-06-03 | 150,153\n2026-06-15 | 150,153\n2026-06-27 | 150,153\n2026-07-09 | 150,153\n2026-07-21 | 150,153\n2026-08-02 | 150,153\n2026-08-14 | 150,153\n2026-08-26 | 150,153\n2026-09-07 | 150,153\n2026-09-19 | 150,153\n2026-10-01 | 150,153\n2026-10-13 | 150,153\n2026-10-25 | 150,153\n2026-11-06 | 150,153\n2026-11-18 | 150,153\n2026-11-30 | 150,153\n2026-12-12 | 150,153\n2026-12-24 | 150,153","producerifg":1,"producerunw":1,"produceroff":1,"producegunw":1,"producegoff":1,"producerslc":1,"producegslc":1,"producegcov":1,"producesmst":0,"passdirection":"Ascending","unique_radar_mode_list":"150, 153","unique_radar_mode_mnemonic_list":"L:SCI:SH:77M+---:HS:B4:D02, L:SCI:SV:05W+---:FS:B4:D09","number_combos":1,"mode_change":"no","radar_mode_combination_1":"150,153","radar_mode_combination_2":null,"radar_mode_combination_3":null,"radar_mode_combination_4":null,"radar_mode_combination_5":null,"radar_mode_combination_6":null,"radar_mode_combination_7":null,"radar_mode_combination_8":null,"radar_mode_combination_9":null,"radar_mode_mnemonic_combination_1":"L:SCI:SH:77M+---:HS:B4:D02,L:SCI:SV:05W+---:FS:B4:D09","radar_mode_mnemonic_combination_2":null,"radar_mode_mnemonic_combination_3":null,"radar_mode_mnemonic_combination_4":null,"radar_mode_mnemonic_combination_5":null,"radar_mode_mnemonic_combination_6":null,"radar_mode_mnemonic_combination_7":null,"radar_mode_mnemonic_combination_8":null,"radar_mode_mnemonic_combination_9":null,"date_cycle_popup":"2025-09-24 | Cycle A\n2025-10-06 | Cycle A\n2025-10-18 | Cycle A\n2025-10-30 | Cycle A\n2025-11-11 | Cycle A\n2025-11-23 | Cycle A\n2025-12-05 | Cycle A\n2025-12-17 | Cycle A\n2025-12-29 | Cycle A\n2026-01-10 | Cycle A\n2026-01-22 | Cycle A\n2026-02-03 | Cycle A\n2026-02-15 | Cycle A\n2026-02-27 | Cycle A\n2026-03-11 | Cycle A\n2026-03-23 | Cycle A\n2026-04-04 | Cycle A\n2026-04-16 | Cycle A\n2026-04-28 | Cycle A\n2026-05-10 | Cycle A\n2026-05-22 | Cycle A\n2026-06-03 | Cycle A\n2026-06-15 | Cycle A\n2026-06-27 | Cycle A\n2026-07-09 | Cycle A\n2026-07-21 | Cycle A\n2026-08-02 | Cycle A\n2026-08-14 | Cycle A\n2026-08-26 | Cycle A\n2026-09-07 | Cycle A\n2026-09-19 | Cycle A\n2026-10-01 | Cycle A\n2026-10-13 | Cycle A\n2026-10-25 | Cycle A\n2026-11-06 | Cycle A\n2026-11-18 | Cycle A\n2026-11-30 | Cycle A\n2026-12-12 | Cycle A\n2026-12-24 | Cycle A","mixed_mode":"yes","l_band":"yes","ls_band":"no","s_band":"no","SH":1,"SV":1,"DH":0,"DV":0,"QP":0,"CP":0,"QD":0,"QQ":0,"bw_40":"no","bw_20":"no","bw_77":"yes","bw_max_5":"yes","visualization":"F1","Shape__Area":642501226775.78906,"Shape__Length":3207838.2595300046,"tracks":19,"frames":142}},{"type":"Feature","id":2612,"geometry":{"type":"Polygon","coordinates":[[[-100.529908746,-78.1297906409999],[-101.063062297,-78.680426204],[-101.642851033,-79.2302330589999],[-107.492885737,-78.941741878],[-109.664962609,-78.801243715],[-113.139173669,-78.5350738769999],[-112.073999352,-78.0119194549999],[-111.091958909,-77.485441329],[-110.183416523,-76.956036368],[-109.340107934,-76.424041356],[-106.353397812,-76.654148612],[-104.504325495,-76.7756481069999],[-99.579926181,-77.02643095],[-100.037238395,-77.578430211],[-100.529908746,-78.1297906409999]]]},"properties":{"fid":2612,"track":40,"frame":127,"dates":"2025-09-26, 2025-10-08, 2025-10-20, 2025-11-01, 2025-11-13, 2025-11-25, 2025-12-07, 2025-12-19, 2025-12-31, 2026-01-12, 2026-01-24, 2026-02-05, 2026-02-17, 2026-03-01, 2026-03-13, 2026-03-25, 2026-04-06, 2026-04-18, 2026-04-30, 2026-05-12, 2026-05-24, 2026-06-05, 2026-06-17, 2026-06-29, 2026-07-11, 2026-07-23, 2026-08-04, 2026-08-16, 2026-08-28, 2026-09-09, 2026-09-21, 2026-10-03, 2026-10-15, 2026-10-27, 2026-11-08, 2026-11-20, 2026-12-02, 2026-12-14, 2026-12-26","acquisition_time":"00:07:40","date_mode_popup":"2025-09-26 | 150\n2025-10-08 | 150\n2025-10-20 | 150\n2025-11-01 | 150\n2025-11-13 | 150\n2025-11-25 | 150\n2025-12-07 | 150\n2025-12-19 | 150\n2025-12-31 | 150\n2026-01-12 | 150\n2026-01-24 | 150\n2026-02-05 | 150\n2026-02-17 | 150\n2026-03-01 | 150\n2026-03-13 | 150\n2026-03-25 | 150\n2026-04-06 | 150\n2026-04-18 | 150\n2026-04-30 | 150\n2026-05-12 | 150\n2026-05-24 | 150\n2026-06-05 | 150\n2026-06-17 | 150\n2026-06-29 | 150\n2026-07-11 | 150\n2026-07-23 | 150\n2026-08-04 | 150\n2026-08-16 | 150\n2026-08-28 | 150\n2026-09-09 | 150\n2026-09-21 | 150\n2026-10-03 | 150\n2026-10-15 | 150\n2026-10-27 | 150\n2026-11-08 | 150\n2026-11-20 | 150\n2026-12-02 | 150\n2026-12-14 | 150\n2026-12-26 | 150","producerifg":1,"producerunw":1,"produceroff":1,"producegunw":1,"producegoff":1,"producerslc":1,"producegslc":1,"producegcov":1,"producesmst":0,"passdirection":"Descending","unique_radar_mode_list":"150","unique_radar_mode_mnemonic_list":"L:SCI:SH:77M+---:HS:B4:D02","number_combos":1,"mode_change":"no","radar_mode_combination_1":"150","radar_mode_combination_2":null,"radar_mode_combination_3":null,"radar_mode_combination_4":null,"radar_mode_combination_5":null,"radar_mode_combination_6":null,"radar_mode_combination_7":null,"radar_mode_combination_8":null,"radar_mode_combination_9":null,"radar_mode_mnemonic_combination_1":"L:SCI:SH:77M+---:HS:B4:D02","radar_mode_mnemonic_combination_2":null,"radar_mode_mnemonic_combination_3":null,"radar_mode_mnemonic_combination_4":null,"radar_mode_mnemonic_combination_5":null,"radar_mode_mnemonic_combination_6":null,"radar_mode_mnemonic_combination_7":null,"radar_mode_mnemonic_combination_8":null,"radar_mode_mnemonic_combination_9":null,"date_cycle_popup":"2025-09-26 | Cycle A\n2025-10-08 | Cycle A\n2025-10-20 | Cycle A\n2025-11-01 | Cycle A\n2025-11-13 | Cycle A\n2025-11-25 | Cycle A\n2025-12-07 | Cycle A\n2025-12-19 | Cycle A\n2025-12-31 | Cycle A\n2026-01-12 | Cycle A\n2026-01-24 | Cycle A\n2026-02-05 | Cycle A\n2026-02-17 | Cycle A\n2026-03-01 | Cycle A\n2026-03-13 | Cycle A\n2026-03-25 | Cycle A\n2026-04-06 | Cycle A\n2026-04-18 | Cycle A\n2026-04-30 | Cycle A\n2026-05-12 | Cycle A\n2026-05-24 | Cycle A\n2026-06-05 | Cycle A\n2026-06-17 | Cycle A\n2026-06-29 | Cycle A\n2026-07-11 | Cycle A\n2026-07-23 | Cycle A\n2026-08-04 | Cycle A\n2026-08-16 | Cycle A\n2026-08-28 | Cycle A\n2026-09-09 | Cycle A\n2026-09-21 | Cycle A\n2026-10-03 | Cycle A\n2026-10-15 | Cycle A\n2026-10-27 | Cycle A\n2026-11-08 | Cycle A\n2026-11-20 | Cycle A\n2026-12-02 | Cycle A\n2026-12-14 | Cycle A\n2026-12-26 | Cycle A","mixed_mode":"no","l_band":"yes","ls_band":"no","s_band":"no","SH":1,"SV":0,"DH":0,"DV":0,"QP":0,"CP":0,"QD":0,"QQ":0,"bw_40":"no","bw_20":"no","bw_77":"yes","bw_max_5":"no","visualization":"F0","Shape__Area":1470414881112.2344,"Shape__Length":4853159.7290677894,"tracks":40,"frames":127}},{"type":"Feature","id":5956,"geometry":{"type":"Polygon","coordinates":[[[-86.102951183,-75.5170160969999],[-86.454503798,-74.974182727],[-82.163803359,-74.7473036069999],[-80.542220791,-74.638219432],[-77.9078532789999,-74.432144572],[-77.2648747599999,-74.960843179],[-76.580430898,-75.487901279],[-75.849979369,-76.0131393299999],[-75.068317599,-76.5363502559999],[-78.07798252,-76.768096567],[-79.942033426,-76.8904499969999],[-84.9086459809999,-77.142899322],[-85.3328346449999,-76.601420747],[-85.7299270519999,-76.05944299],[-86.102951183,-75.5170160969999]]]},"properties":{"fid":5956,"track":76,"frame":140,"dates":"2025-09-28, 2025-10-10, 2025-10-22, 2025-11-03, 2025-11-15, 2025-11-27, 2025-12-09, 2025-12-21, 2026-01-02, 2026-01-14, 2026-01-26, 2026-02-07, 2026-02-19, 2026-03-03, 2026-03-15, 2026-03-27, 2026-04-08, 2026-04-20, 2026-05-02, 2026-05-14, 2026-05-26, 2026-06-07, 2026-06-19, 2026-07-01, 2026-07-13, 2026-07-25, 2026-08-06, 2026-08-18, 2026-08-30, 2026-09-11, 2026-09-23, 2026-10-05, 2026-10-17, 2026-10-29, 2026-11-10, 2026-11-22, 2026-12-04, 2026-12-16, 2026-12-28","acquisition_time":"12:06:36","date_mode_popup":"2025-09-28 | 150\n2025-10-10 | 150\n2025-10-22 | 150\n2025-11-03 | 150\n2025-11-15 | 150\n2025-11-27 | 150\n2025-12-09 | 150\n2025-12-21 | 150\n2026-01-02 | 150\n2026-01-14 | 150\n2026-01-26 | 150\n2026-02-07 | 150\n2026-02-19 | 150\n2026-03-03 | 150\n2026-03-15 | 150\n2026-03-27 | 150\n2026-04-08 | 150\n2026-04-20 | 150\n2026-05-02 | 150\n2026-05-14 | 150\n2026-05-26 | 150\n2026-06-07 | 150\n2026-06-19 | 150\n2026-07-01 | 150\n2026-07-13 | 150\n2026-07-25 | 150\n2026-08-06 | 150\n2026-08-18 | 150\n2026-08-30 | 150\n2026-09-11 | 150\n2026-09-23 | 150\n2026-10-05 | 150\n2026-10-17 | 150\n2026-10-29 | 150\n2026-11-10 | 150\n2026-11-22 | 150\n2026-12-04 | 150\n2026-12-16 | 150\n2026-12-28 | 150","producerifg":1,"producerunw":1,"produceroff":1,"producegunw":1,"producegoff":1,"producerslc":1,"producegslc":1,"producegcov":1,"producesmst":0,"passdirection":"Ascending","unique_radar_mode_list":"150","unique_radar_mode_mnemonic_list":"L:SCI:SH:77M+---:HS:B4:D02","number_combos":1,"mode_change":"no","radar_mode_combination_1":"150","radar_mode_combination_2":null,"radar_mode_combination_3":null,"radar_mode_combination_4":null,"radar_mode_combination_5":null,"radar_mode_combination_6":null,"radar_mode_combination_7":null,"radar_mode_combination_8":null,"radar_mode_combination_9":null,"radar_mode_mnemonic_combination_1":"L:SCI:SH:77M+---:HS:B4:D02","radar_mode_mnemonic_combination_2":null,"radar_mode_mnemonic_combination_3":null,"radar_mode_mnemonic_combination_4":null,"radar_mode_mnemonic_combination_5":null,"radar_mode_mnemonic_combination_6":null,"radar_mode_mnemonic_combination_7":null,"radar_mode_mnemonic_combination_8":null,"radar_mode_mnemonic_combination_9":null,"date_cycle_popup":"2025-09-28 | Cycle A\n2025-10-10 | Cycle A\n2025-10-22 | Cycle A\n2025-11-03 | Cycle A\n2025-11-15 | Cycle A\n2025-11-27 | Cycle A\n2025-12-09 | Cycle A\n2025-12-21 | Cycle A\n2026-01-02 | Cycle A\n2026-01-14 | Cycle A\n2026-01-26 | Cycle A\n2026-02-07 | Cycle A\n2026-02-19 | Cycle A\n2026-03-03 | Cycle A\n2026-03-15 | Cycle A\n2026-03-27 | Cycle A\n2026-04-08 | Cycle A\n2026-04-20 | Cycle A\n2026-05-02 | Cycle A\n2026-05-14 | Cycle A\n2026-05-26 | Cycle A\n2026-06-07 | Cycle A\n2026-06-19 | Cycle A\n2026-07-01 | Cycle A\n2026-07-13 | Cycle A\n2026-07-25 | Cycle A\n2026-08-06 | Cycle A\n2026-08-18 | Cycle A\n2026-08-30 | Cycle A\n2026-09-11 | Cycle A\n2026-09-23 | Cycle A\n2026-10-05 | Cycle A\n2026-10-17 | Cycle A\n2026-10-29 | Cycle A\n2026-11-10 | Cycle A\n2026-11-22 | Cycle A\n2026-12-04 | Cycle A\n2026-12-16 | Cycle A\n2026-12-28 | Cycle A","mixed_mode":"no","l_band":"yes","ls_band":"no","s_band":"no","SH":1,"SV":0,"DH":0,"DV":0,"QP":0,"CP":0,"QD":0,"QQ":0,"bw_40":"no","bw_20":"no","bw_77":"yes","bw_max_5":"no","visualization":"F0","Shape__Area":1060662710131.3594,"Shape__Length":4122052.7826761184,"tracks":76,"frames":140}},{"type":"Feature","id":6113,"geometry":{"type":"Polygon","coordinates":[[[-136.982863414,-73.98345787],[-137.290810253,-73.4291460219999],[-137.583844363,-72.874530975],[-133.792392035,-72.664933757],[-132.35312308,-72.5651198049999],[-130.005598825,-72.377312948],[-129.479012265,-72.921341718],[-128.922730354,-73.464187233],[-128.333797513,-74.005735199],[-127.708865294,-74.5458554479999],[-130.360834492,-74.753179361],[-131.993699224,-74.862912749],[-136.315584556,-75.091065363],[-136.658400918,-74.537440862],[-136.982863414,-73.98345787]]]},"properties":{"fid":6113,"track":78,"frame":141,"dates":"2025-09-28, 2025-10-10, 2025-10-22, 2025-11-03, 2025-11-15, 2025-11-27, 2025-12-09, 2025-12-21, 2026-01-02, 2026-01-14, 2026-01-26, 2026-02-07, 2026-02-19, 2026-03-03, 2026-03-15, 2026-03-27, 2026-04-08, 2026-04-20, 2026-05-02, 2026-05-14, 2026-05-26, 2026-06-07, 2026-06-19, 2026-07-01, 2026-07-13, 2026-07-25, 2026-08-06, 2026-08-18, 2026-08-30, 2026-09-11, 2026-09-23, 2026-10-05, 2026-10-17, 2026-10-29, 2026-11-10, 2026-11-22, 2026-12-04, 2026-12-16, 2026-12-28","acquisition_time":"15:32:20","date_mode_popup":"2025-09-28 | 150,153\n2025-10-10 | 150,153\n2025-10-22 | 150,153\n2025-11-03 | 150,153\n2025-11-15 | 150,153\n2025-11-27 | 150,153\n2025-12-09 | 150,153\n2025-12-21 | 150,153\n2026-01-02 | 150,153\n2026-01-14 | 150,153\n2026-01-26 | 150,153\n2026-02-07 | 150,153\n2026-02-19 | 150,153\n2026-03-03 | 150,153\n2026-03-15 | 150,153\n2026-03-27 | 150,153\n2026-04-08 | 150,153\n2026-04-20 | 150,153\n2026-05-02 | 150,153\n2026-05-14 | 150,153\n2026-05-26 | 150,153\n2026-06-07 | 150,153\n2026-06-19 | 150,153\n2026-07-01 | 150,153\n2026-07-13 | 150,153\n2026-07-25 | 150,153\n2026-08-06 | 150,153\n2026-08-18 | 150,153\n2026-08-30 | 150,153\n2026-09-11 | 150,153\n2026-09-23 | 150,153\n2026-10-05 | 150,153\n2026-10-17 | 150,153\n2026-10-29 | 150,153\n2026-11-10 | 150,153\n2026-11-22 | 150,153\n2026-12-04 | 150,153\n2026-12-16 | 150,153\n2026-12-28 | 150,153","producerifg":1,"producerunw":1,"produceroff":1,"producegunw":1,"producegoff":1,"producerslc":1,"producegslc":1,"producegcov":1,"producesmst":0,"passdirection":"Ascending","unique_radar_mode_list":"150, 153","unique_radar_mode_mnemonic_list":"L:SCI:SH:77M+---:HS:B4:D02, L:SCI:SV:05W+---:FS:B4:D09","number_combos":1,"mode_change":"no","radar_mode_combination_1":"150,153","radar_mode_combination_2":null,"radar_mode_combination_3":null,"radar_mode_combination_4":null,"radar_mode_combination_5":null,"radar_mode_combination_6":null,"radar_mode_combination_7":null,"radar_mode_combination_8":null,"radar_mode_combination_9":null,"radar_mode_mnemonic_combination_1":"L:SCI:SH:77M+---:HS:B4:D02,L:SCI:SV:05W+---:FS:B4:D09","radar_mode_mnemonic_combination_2":null,"radar_mode_mnemonic_combination_3":null,"radar_mode_mnemonic_combination_4":null,"radar_mode_mnemonic_combination_5":null,"radar_mode_mnemonic_combination_6":null,"radar_mode_mnemonic_combination_7":null,"radar_mode_mnemonic_combination_8":null,"radar_mode_mnemonic_combination_9":null,"date_cycle_popup":"2025-09-28 | Cycle A\n2025-10-10 | Cycle A\n2025-10-22 | Cycle A\n2025-11-03 | Cycle A\n2025-11-15 | Cycle A\n2025-11-27 | Cycle A\n2025-12-09 | Cycle A\n2025-12-21 | Cycle A\n2026-01-02 | Cycle A\n2026-01-14 | Cycle A\n2026-01-26 | Cycle A\n2026-02-07 | Cycle A\n2026-02-19 | Cycle A\n2026-03-03 | Cycle A\n2026-03-15 | Cycle A\n2026-03-27 | Cycle A\n2026-04-08 | Cycle A\n2026-04-20 | Cycle A\n2026-05-02 | Cycle A\n2026-05-14 | Cycle A\n2026-05-26 | Cycle A\n2026-06-07 | Cycle A\n2026-06-19 | Cycle A\n2026-07-01 | Cycle A\n2026-07-13 | Cycle A\n2026-07-25 | Cycle A\n2026-08-06 | Cycle A\n2026-08-18 | Cycle A\n2026-08-30 | Cycle A\n2026-09-11 | Cycle A\n2026-09-23 | Cycle A\n2026-10-05 | Cycle A\n2026-10-17 | Cycle A\n2026-10-29 | Cycle A\n2026-11-10 | Cycle A\n2026-11-22 | Cycle A\n2026-12-04 | Cycle A\n2026-12-16 | Cycle A\n2026-12-28 | Cycle A","mixed_mode":"yes","l_band":"yes","ls_band":"no","s_band":"no","SH":1,"SV":1,"DH":0,"DV":0,"QP":0,"CP":0,"QD":0,"QQ":0,"bw_40":"no","bw_20":"no","bw_77":"yes","bw_max_5":"yes","visualization":"F1","Shape__Area":829481848432.42188,"Shape__Length":3644312.7737463047,"tracks":78,"frames":141}},{"type":"Feature","id":10049,"geometry":{"type":"Polygon","coordinates":[[[-128.236969149,-77.5794321779999],[-128.694606127,-77.02738446],[-123.769735576,-76.776442017],[-121.920524904,-76.6548782309999],[-118.933637148,-76.42466232],[-118.089915117,-76.956689351],[-117.180917726,-77.486123462],[-116.198374892,-78.012627482],[-115.132643959,-78.535804103],[-118.607099205,-78.802107909],[-120.779378554,-78.94268534],[-126.63014142,-79.231372125],[-127.21038206,-78.68152112],[-127.743938162,-78.130839797],[-128.236969149,-77.5794321779999]]]},"properties":{"fid":10049,"track":121,"frame":139,"dates":"2025-10-01, 2025-10-13, 2025-10-25, 2025-11-06, 2025-11-18, 2025-11-30, 2025-12-12, 2025-12-24, 2026-01-05, 2026-01-17, 2026-01-29, 2026-02-10, 2026-02-22, 2026-03-06, 2026-03-18, 2026-03-30, 2026-04-11, 2026-04-23, 2026-05-05, 2026-05-17, 2026-05-29, 2026-06-10, 2026-06-22, 2026-07-04, 2026-07-16, 2026-07-28, 2026-08-09, 2026-08-21, 2026-09-02, 2026-09-14, 2026-09-26, 2026-10-08, 2026-10-20, 2026-11-01, 2026-11-13, 2026-11-25, 2026-12-07, 2026-12-19","acquisition_time":"15:06:08","date_mode_popup":"2025-10-01 | 150\n2025-10-13 | 150\n2025-10-25 | 150\n2025-11-06 | 150\n2025-11-18 | 150\n2025-11-30 | 150\n2025-12-12 | 150\n2025-12-24 | 150\n2026-01-05 | 150\n2026-01-17 | 150\n2026-01-29 | 150\n2026-02-10 | 150\n2026-02-22 | 150\n2026-03-06 | 150\n2026-03-18 | 150\n2026-03-30 | 150\n2026-04-11 | 150\n2026-04-23 | 150\n2026-05-05 | 150\n2026-05-17 | 150\n2026-05-29 | 150\n2026-06-10 | 150\n2026-06-22 | 150\n2026-07-04 | 150\n2026-07-16 | 150\n2026-07-28 | 150\n2026-08-09 | 150\n2026-08-21 | 150\n2026-09-02 | 150\n2026-09-14 | 150\n2026-09-26 | 150\n2026-10-08 | 150\n2026-10-20 | 150\n2026-11-01 | 150\n2026-11-13 | 150\n2026-11-25 | 150\n2026-12-07 | 150\n2026-12-19 | 150","producerifg":1,"producerunw":1,"produceroff":1,"producegunw":1,"producegoff":1,"producerslc":1,"producegslc":1,"producegcov":1,"producesmst":0,"passdirection":"Ascending","unique_radar_mode_list":"150","unique_radar_mode_mnemonic_list":"L:SCI:SH:77M+---:HS:B4:D02","number_combos":1,"mode_change":"no","radar_mode_combination_1":"150","radar_mode_combination_2":null,"radar_mode_combination_3":null,"radar_mode_combination_4":null,"radar_mode_combination_5":null,"radar_mode_combination_6":null,"radar_mode_combination_7":null,"radar_mode_combination_8":null,"radar_mode_combination_9":null,"radar_mode_mnemonic_combination_1":"L:SCI:SH:77M+---:HS:B4:D02","radar_mode_mnemonic_combination_2":null,"radar_mode_mnemonic_combination_3":null,"radar_mode_mnemonic_combination_4":null,"radar_mode_mnemonic_combination_5":null,"radar_mode_mnemonic_combination_6":null,"radar_mode_mnemonic_combination_7":null,"radar_mode_mnemonic_combination_8":null,"radar_mode_mnemonic_combination_9":null,"date_cycle_popup":"2025-10-01 | Cycle A\n2025-10-13 | Cycle A\n2025-10-25 | Cycle A\n2025-11-06 | Cycle A\n2025-11-18 | Cycle A\n2025-11-30 | Cycle A\n2025-12-12 | Cycle A\n2025-12-24 | Cycle A\n2026-01-05 | Cycle A\n2026-01-17 | Cycle A\n2026-01-29 | Cycle A\n2026-02-10 | Cycle A\n2026-02-22 | Cycle A\n2026-03-06 | Cycle A\n2026-03-18 | Cycle A\n2026-03-30 | Cycle A\n2026-04-11 | Cycle A\n2026-04-23 | Cycle A\n2026-05-05 | Cycle A\n2026-05-17 | Cycle A\n2026-05-29 | Cycle A\n2026-06-10 | Cycle A\n2026-06-22 | Cycle A\n2026-07-04 | Cycle A\n2026-07-16 | Cycle A\n2026-07-28 | Cycle A\n2026-08-09 | Cycle A\n2026-08-21 | Cycle A\n2026-09-02 | Cycle A\n2026-09-14 | Cycle A\n2026-09-26 | Cycle A\n2026-10-08 | Cycle A\n2026-10-20 | Cycle A\n2026-11-01 | Cycle A\n2026-11-13 | Cycle A\n2026-11-25 | Cycle A\n2026-12-07 | Cycle A\n2026-12-19 | Cycle A","mixed_mode":"no","l_band":"yes","ls_band":"no","s_band":"no","SH":1,"SV":0,"DH":0,"DV":0,"QP":0,"CP":0,"QD":0,"QQ":0,"bw_40":"no","bw_20":"no","bw_77":"yes","bw_max_5":"no","visualization":"F0","Shape__Area":1470873314746.4688,"Shape__Length":4853916.3483144864,"tracks":121,"frames":139}},{"type":"Feature","id":1250,"geometry":{"type":"Polygon","coordinates":[[[-81.888697479,-71.905959518],[-82.152578434,-72.448466708],[-82.428434989,-72.990720543],[-86.244700358,-72.7804032889999],[-87.693099106,-72.680179301],[-90.05508602,-72.491543271],[-89.561395927,-71.959012908],[-89.0918337839999,-71.425515525],[-88.6444114289999,-70.8911269279999],[-88.217348799,-70.355914679],[-86.096018193,-70.5300508569999],[-84.7990207719999,-70.623030106],[-81.392787082,-70.8202484819999],[-81.635743952,-71.3632153189999],[-81.888697479,-71.905959518]]]},"properties":{"fid":1250,"track":25,"frame":124,"dates":"2025-09-24, 2025-10-06, 2025-10-18, 2025-10-30, 2025-11-11, 2025-11-23, 2025-12-05, 2025-12-17, 2025-12-29, 2026-01-10, 2026-01-22, 2026-02-03, 2026-02-15, 2026-02-27, 2026-03-11, 2026-03-23, 2026-04-04, 2026-04-16, 2026-04-28, 2026-05-10, 2026-05-22, 2026-06-03, 2026-06-15, 2026-06-27, 2026-07-09, 2026-07-21, 2026-08-02, 2026-08-14, 2026-08-26, 2026-09-07, 2026-09-19, 2026-10-01, 2026-10-13, 2026-10-25, 2026-11-06, 2026-11-18, 2026-11-30, 2026-12-12, 2026-12-24","acquisition_time":"23:07:00, 23:07:04, 23:08:16","date_mode_popup":"2025-09-24 | 153,150\n2025-10-06 | 153,150\n2025-10-18 | 153,150\n2025-10-30 | 153,150\n2025-11-11 | 153,150\n2025-11-23 | 153,150\n2025-12-05 | 153,150\n2025-12-17 | 153,150\n2025-12-29 | 153,150\n2026-01-10 | 153,150\n2026-01-22 | 153,150\n2026-02-03 | 153,150\n2026-02-15 | 153,150\n2026-02-27 | 153,150\n2026-03-11 | 153,150\n2026-03-23 | 153,150\n2026-04-04 | 153,150\n2026-04-16 | 153,150\n2026-04-28 | 153,150\n2026-05-10 | 153,150\n2026-05-22 | 153,150\n2026-06-03 | 153,150\n2026-06-15 | 153,150\n2026-06-27 | 153,150\n2026-07-09 | 153,150\n2026-07-21 | 153,150\n2026-08-02 | 153,150\n2026-08-14 | 153,150\n2026-08-26 | 153,150\n2026-09-07 | 153,150\n2026-09-19 | 153,150\n2026-10-01 | 153,150\n2026-10-13 | 153,150\n2026-10-25 | 153,150\n2026-11-06 | 153,150\n2026-11-18 | 153,150\n2026-11-30 | 153,150\n2026-12-12 | 153,150\n2026-12-24 | 153,150","producerifg":1,"producerunw":1,"produceroff":1,"producegunw":1,"producegoff":1,"producerslc":1,"producegslc":1,"producegcov":1,"producesmst":0,"passdirection":"Descending","unique_radar_mode_list":"150, 153","unique_radar_mode_mnemonic_list":"L:SCI:SH:77M+---:HS:B4:D02, L:SCI:SV:05W+---:FS:B4:D09","number_combos":1,"mode_change":"no","radar_mode_combination_1":"153,150","radar_mode_combination_2":null,"radar_mode_combination_3":null,"radar_mode_combination_4":null,"radar_mode_combination_5":null,"radar_mode_combination_6":null,"radar_mode_combination_7":null,"radar_mode_combination_8":null,"radar_mode_combination_9":null,"radar_mode_mnemonic_combination_1":"L:SCI:SV:05W+---:FS:B4:D09,L:SCI:SH:77M+---:HS:B4:D02","radar_mode_mnemonic_combination_2":null,"radar_mode_mnemonic_combination_3":null,"radar_mode_mnemonic_combination_4":null,"radar_mode_mnemonic_combination_5":null,"radar_mode_mnemonic_combination_6":null,"radar_mode_mnemonic_combination_7":null,"radar_mode_mnemonic_combination_8":null,"radar_mode_mnemonic_combination_9":null,"date_cycle_popup":"2025-09-24 | Cycle A\n2025-10-06 | Cycle A\n2025-10-18 | Cycle A\n2025-10-30 | Cycle A\n2025-11-11 | Cycle A\n2025-11-23 | Cycle A\n2025-12-05 | Cycle A\n2025-12-17 | Cycle A\n2025-12-29 | Cycle A\n2026-01-10 | Cycle A\n2026-01-22 | Cycle A\n2026-02-03 | Cycle A\n2026-02-15 | Cycle A\n2026-02-27 | Cycle A\n2026-03-11 | Cycle A\n2026-03-23 | Cycle A\n2026-04-04 | Cycle A\n2026-04-16 | Cycle A\n2026-04-28 | Cycle A\n2026-05-10 | Cycle A\n2026-05-22 | Cycle A\n2026-06-03 | Cycle A\n2026-06-15 | Cycle A\n2026-06-27 | Cycle A\n2026-07-09 | Cycle A\n2026-07-21 | Cycle A\n2026-08-02 | Cycle A\n2026-08-14 | Cycle A\n2026-08-26 | Cycle A\n2026-09-07 | Cycle A\n2026-09-19 | Cycle A\n2026-10-01 | Cycle A\n2026-10-13 | Cycle A\n2026-10-25 | Cycle A\n2026-11-06 | Cycle A\n2026-11-18 | Cycle A\n2026-11-30 | Cycle A\n2026-12-12 | Cycle A\n2026-12-24 | Cycle A","mixed_mode":"yes","l_band":"yes","ls_band":"no","s_band":"no","SH":1,"SV":1,"DH":0,"DV":0,"QP":0,"CP":0,"QD":0,"QQ":0,"bw_40":"no","bw_20":"no","bw_77":"yes","bw_max_5":"yes","visualization":"F1","Shape__Area":642429304630.14063,"Shape__Length":3207655.2888513021,"tracks":25,"frames":124}},{"type":"Feature","id":5286,"geometry":{"type":"Polygon","coordinates":[[[-103.01324236,-76.0588746989999],[-103.410257138,-76.60083344],[-103.83435888,-77.142293191],[-108.800123174,-76.889908896],[-110.663881183,-76.767587291],[-113.673105193,-76.535900845],[-112.891603989,-76.012701767],[-112.16129844,-75.487476388],[-111.47698768,-74.960431694],[-110.83413083,-74.4317471309999],[-108.200139604,-74.637771304],[-106.578802237,-74.7468286339999],[-102.28879779,-74.973652954],[-102.640287819,-75.516466995],[-103.01324236,-76.0588746989999]]]},"properties":{"fid":5286,"track":69,"frame":126,"dates":"2025-09-28, 2025-10-10, 2025-10-22, 2025-11-03, 2025-11-15, 2025-11-27, 2025-12-09, 2025-12-21, 2026-01-02, 2026-01-14, 2026-01-26, 2026-02-07, 2026-02-19, 2026-03-03, 2026-03-15, 2026-03-27, 2026-04-08, 2026-04-20, 2026-05-02, 2026-05-14, 2026-05-26, 2026-06-07, 2026-06-19, 2026-07-01, 2026-07-13, 2026-07-25, 2026-08-06, 2026-08-18, 2026-08-30, 2026-09-11, 2026-09-23, 2026-10-05, 2026-10-17, 2026-10-29, 2026-11-10, 2026-11-22, 2026-12-04, 2026-12-16, 2026-12-28","acquisition_time":"00:25:00","date_mode_popup":"2025-09-28 | 246\n2025-10-10 | 246\n2025-10-22 | 246\n2025-11-03 | 246\n2025-11-15 | 246\n2025-11-27 | 246\n2025-12-09 | 246\n2025-12-21 | 246\n2026-01-02 | 246\n2026-01-14 | 246\n2026-01-26 | 246\n2026-02-07 | 220\n2026-02-19 | 220\n2026-03-03 | 246\n2026-03-15 | 246\n2026-03-27 | 246\n2026-04-08 | 246\n2026-04-20 | 246\n2026-05-02 | 246\n2026-05-14 | 246\n2026-05-26 | 246\n2026-06-07 | 246\n2026-06-19 | 246\n2026-07-01 | 246\n2026-07-13 | 246\n2026-07-25 | 246\n2026-08-06 | 220\n2026-08-18 | 220\n2026-08-30 | 246\n2026-09-11 | 246\n2026-09-23 | 246\n2026-10-05 | 246\n2026-10-17 | 246\n2026-10-29 | 246\n2026-11-10 | 246\n2026-11-22 | 246\n2026-12-04 | 246\n2026-12-16 | 246\n2026-12-28 | 246","producerifg":1,"producerunw":1,"produceroff":1,"producegunw":1,"producegoff":1,"producerslc":1,"producegslc":1,"producegcov":1,"producesmst":0,"passdirection":"Descending","unique_radar_mode_list":"220, 246","unique_radar_mode_mnemonic_list":"L:SCI:SH:77M+---:HS:B4:D02  S:--:SH:37W:B4, L:SCI:SH:77M+---:HS:B4:D02  S:DB:CP:25W:B4","number_combos":2,"mode_change":"yes","radar_mode_combination_1":"246","radar_mode_combination_2":"220","radar_mode_combination_3":null,"radar_mode_combination_4":null,"radar_mode_combination_5":null,"radar_mode_combination_6":null,"radar_mode_combination_7":null,"radar_mode_combination_8":null,"radar_mode_combination_9":null,"radar_mode_mnemonic_combination_1":"L:SCI:SH:77M+---:HS:B4:D02  S:--:SH:37W:B4","radar_mode_mnemonic_combination_2":"L:SCI:SH:77M+---:HS:B4:D02  S:DB:CP:25W:B4","radar_mode_mnemonic_combination_3":null,"radar_mode_mnemonic_combination_4":null,"radar_mode_mnemonic_combination_5":null,"radar_mode_mnemonic_combination_6":null,"radar_mode_mnemonic_combination_7":null,"radar_mode_mnemonic_combination_8":null,"radar_mode_mnemonic_combination_9":null,"date_cycle_popup":"2025-09-28 | Cycle A\n2025-10-10 | Cycle A\n2025-10-22 | Cycle A\n2025-11-03 | Cycle A\n2025-11-15 | Cycle A\n2025-11-27 | Cycle A\n2025-12-09 | Cycle A\n2025-12-21 | Cycle A\n2026-01-02 | Cycle A\n2026-01-14 | Cycle A\n2026-01-26 | Cycle A\n2026-02-07 | Cycle B\n2026-02-19 | Cycle B\n2026-03-03 | Cycle A\n2026-03-15 | Cycle A\n2026-03-27 | Cycle A\n2026-04-08 | Cycle A\n2026-04-20 | Cycle A\n2026-05-02 | Cycle A\n2026-05-14 | Cycle A\n2026-05-26 | Cycle A\n2026-06-07 | Cycle A\n2026-06-19 | Cycle A\n2026-07-01 | Cycle A\n2026-07-13 | Cycle A\n2026-07-25 | Cycle A\n2026-08-06 | Cycle B\n2026-08-18 | Cycle B\n2026-08-30 | Cycle A\n2026-09-11 | Cycle A\n2026-09-23 | Cycle A\n2026-10-05 | Cycle A\n2026-10-17 | Cycle A\n2026-10-29 | Cycle A\n2026-11-10 | Cycle A\n2026-11-22 | Cycle A\n2026-12-04 | Cycle A\n2026-12-16 | Cycle A\n2026-12-28 | Cycle A","mixed_mode":"no","l_band":"yes","ls_band":"yes","s_band":"no","SH":1,"SV":0,"DH":0,"DV":0,"QP":0,"CP":0,"QD":0,"QQ":0,"bw_40":"no","bw_20":"no","bw_77":"yes","bw_max_5":"no","visualization":"S0","Shape__Area":1060408377179.4219,"Shape__Length":4121553.91674374,"tracks":69,"frames":126}},{"type":"Feature","id":14434,"geometry":{"type":"Polygon","coordinates":[[[-80.523964701,-76.6015263739999],[-80.9482983549999,-77.143009907],[-85.914555008,-76.8905141499999],[-87.778468077,-76.7681462589999],[-90.7879067109999,-76.5363801],[-90.0061292929999,-76.0131675],[-89.275569973,-75.487927144],[-88.5910254089999,-74.960866181],[-87.947952571,-74.432164195],[-85.313777912,-74.638256069],[-83.692313264,-74.747352603],[-79.4019207169999,-74.974271299],[-79.7535894119999,-75.51711068],[-80.126738128,-76.0595432659999],[-80.523964701,-76.6015263739999]]]},"properties":{"fid":14434,"track":169,"frame":126,"dates":"2025-10-04, 2025-10-16, 2025-10-28, 2025-11-09, 2025-11-21, 2025-12-03, 2025-12-15, 2025-12-27, 2026-01-08, 2026-01-20, 2026-02-01, 2026-02-13, 2026-02-25, 2026-03-09, 2026-03-21, 2026-04-02, 2026-04-14, 2026-04-26, 2026-05-08, 2026-05-20, 2026-06-01, 2026-06-13, 2026-06-25, 2026-07-07, 2026-07-19, 2026-07-31, 2026-08-12, 2026-08-24, 2026-09-05, 2026-09-17, 2026-09-29, 2026-10-11, 2026-10-23, 2026-11-04, 2026-11-16, 2026-11-28, 2026-12-10, 2026-12-22","acquisition_time":"22:52:48","date_mode_popup":"2025-10-04 | 246\n2025-10-16 | 246\n2025-10-28 | 246\n2025-11-09 | 246\n2025-11-21 | 246\n2025-12-03 | 246\n2025-12-15 | 246\n2025-12-27 | 246\n2026-01-08 | 246\n2026-01-20 | 246\n2026-02-01 | 220\n2026-02-13 | 220\n2026-02-25 | 246\n2026-03-09 | 246\n2026-03-21 | 246\n2026-04-02 | 246\n2026-04-14 | 246\n2026-04-26 | 246\n2026-05-08 | 246\n2026-05-20 | 246\n2026-06-01 | 246\n2026-06-13 | 246\n2026-06-25 | 246\n2026-07-07 | 246\n2026-07-19 | 246\n2026-07-31 | 220\n2026-08-12 | 220\n2026-08-24 | 246\n2026-09-05 | 246\n2026-09-17 | 246\n2026-09-29 | 246\n2026-10-11 | 246\n2026-10-23 | 246\n2026-11-04 | 246\n2026-11-16 | 246\n2026-11-28 | 246\n2026-12-10 | 246\n2026-12-22 | 246","producerifg":1,"producerunw":1,"produceroff":1,"producegunw":1,"producegoff":1,"producerslc":1,"producegslc":1,"producegcov":1,"producesmst":0,"passdirection":"Descending","unique_radar_mode_list":"220, 246","unique_radar_mode_mnemonic_list":"L:SCI:SH:77M+---:HS:B4:D02  S:--:SH:37W:B4, L:SCI:SH:77M+---:HS:B4:D02  S:DB:CP:25W:B4","number_combos":2,"mode_change":"yes","radar_mode_combination_1":"246","radar_mode_combination_2":"220","radar_mode_combination_3":null,"radar_mode_combination_4":null,"radar_mode_combination_5":null,"radar_mode_combination_6":null,"radar_mode_combination_7":null,"radar_mode_combination_8":null,"radar_mode_combination_9":null,"radar_mode_mnemonic_combination_1":"L:SCI:SH:77M+---:HS:B4:D02  S:--:SH:37W:B4","radar_mode_mnemonic_combination_2":"L:SCI:SH:77M+---:HS:B4:D02  S:DB:CP:25W:B4","radar_mode_mnemonic_combination_3":null,"radar_mode_mnemonic_combination_4":null,"radar_mode_mnemonic_combination_5":null,"radar_mode_mnemonic_combination_6":null,"radar_mode_mnemonic_combination_7":null,"radar_mode_mnemonic_combination_8":null,"radar_mode_mnemonic_combination_9":null,"date_cycle_popup":"2025-10-04 | Cycle A\n2025-10-16 | Cycle A\n2025-10-28 | Cycle A\n2025-11-09 | Cycle A\n2025-11-21 | Cycle A\n2025-12-03 | Cycle A\n2025-12-15 | Cycle A\n2025-12-27 | Cycle A\n2026-01-08 | Cycle A\n2026-01-20 | Cycle A\n2026-02-01 | Cycle B\n2026-02-13 | Cycle B\n2026-02-25 | Cycle A\n2026-03-09 | Cycle A\n2026-03-21 | Cycle A\n2026-04-02 | Cycle A\n2026-04-14 | Cycle A\n2026-04-26 | Cycle A\n2026-05-08 | Cycle A\n2026-05-20 | Cycle A\n2026-06-01 | Cycle A\n2026-06-13 | Cycle A\n2026-06-25 | Cycle A\n2026-07-07 | Cycle A\n2026-07-19 | Cycle A\n2026-07-31 | Cycle B\n2026-08-12 | Cycle B\n2026-08-24 | Cycle A\n2026-09-05 | Cycle A\n2026-09-17 | Cycle A\n2026-09-29 | Cycle A\n2026-10-11 | Cycle A\n2026-10-23 | Cycle A\n2026-11-04 | Cycle A\n2026-11-16 | Cycle A\n2026-11-28 | Cycle A\n2026-12-10 | Cycle A\n2026-12-22 | Cycle A","mixed_mode":"no","l_band":"yes","ls_band":"yes","s_band":"no","SH":1,"SV":0,"DH":0,"DV":0,"QP":0,"CP":0,"QD":0,"QQ":0,"bw_40":"no","bw_20":"no","bw_77":"yes","bw_max_5":"no","visualization":"S0","Shape__Area":1060623898353.5859,"Shape__Length":4121973.3608499938,"tracks":169,"frames":126}},{"type":"Feature","id":9322,"geometry":{"type":"Polygon","coordinates":[[[-121.74695097,-76.05898278],[-122.144169985,-76.600947623],[-122.568493257,-77.142412937],[-127.53366189,-76.88996372],[-129.397191795,-76.7676227319999],[-132.406044233,-76.535910857],[-131.624376788,-76.012711462],[-130.893916839,-75.48748488],[-130.209462379,-74.9604381999999],[-129.56647152,-74.431750955],[-126.932790583,-74.637796137],[-125.311644086,-74.746869491],[-121.022142246,-74.973747492],[-121.373807525,-75.516568508],[-121.74695097,-76.05898278]]]},"properties":{"fid":9322,"track":113,"frame":126,"dates":"2025-10-01, 2025-10-13, 2025-10-25, 2025-11-06, 2025-11-18, 2025-11-30, 2025-12-12, 2025-12-24, 2026-01-05, 2026-01-17, 2026-01-29, 2026-02-10, 2026-02-22, 2026-03-06, 2026-03-18, 2026-03-30, 2026-04-11, 2026-04-23, 2026-05-05, 2026-05-17, 2026-05-29, 2026-06-10, 2026-06-22, 2026-07-04, 2026-07-16, 2026-07-28, 2026-08-09, 2026-08-21, 2026-09-02, 2026-09-14, 2026-09-26, 2026-10-08, 2026-10-20, 2026-11-01, 2026-11-13, 2026-11-25, 2026-12-07, 2026-12-19, 2026-12-31","acquisition_time":"01:39:36","date_mode_popup":"2025-10-01 | 150\n2025-10-13 | 150\n2025-10-25 | 150\n2025-11-06 | 150\n2025-11-18 | 150\n2025-11-30 | 150\n2025-12-12 | 150\n2025-12-24 | 150\n2026-01-05 | 150\n2026-01-17 | 150\n2026-01-29 | 150\n2026-02-10 | 150\n2026-02-22 | 150\n2026-03-06 | 150\n2026-03-18 | 150\n2026-03-30 | 150\n2026-04-11 | 150\n2026-04-23 | 150\n2026-05-05 | 150\n2026-05-17 | 150\n2026-05-29 | 150\n2026-06-10 | 150\n2026-06-22 | 150\n2026-07-04 | 150\n2026-07-16 | 150\n2026-07-28 | 150\n2026-08-09 | 150\n2026-08-21 | 150\n2026-09-02 | 150\n2026-09-14 | 150\n2026-09-26 | 150\n2026-10-08 | 150\n2026-10-20 | 150\n2026-11-01 | 150\n2026-11-13 | 150\n2026-11-25 | 150\n2026-12-07 | 150\n2026-12-19 | 150\n2026-12-31 | 150","producerifg":1,"producerunw":1,"produceroff":1,"producegunw":1,"producegoff":1,"producerslc":1,"producegslc":1,"producegcov":1,"producesmst":0,"passdirection":"Descending","unique_radar_mode_list":"150","unique_radar_mode_mnemonic_list":"L:SCI:SH:77M+---:HS:B4:D02","number_combos":1,"mode_change":"no","radar_mode_combination_1":"150","radar_mode_combination_2":null,"radar_mode_combination_3":null,"radar_mode_combination_4":null,"radar_mode_combination_5":null,"radar_mode_combination_6":null,"radar_mode_combination_7":null,"radar_mode_combination_8":null,"radar_mode_combination_9":null,"radar_mode_mnemonic_combination_1":"L:SCI:SH:77M+---:HS:B4:D02","radar_mode_mnemonic_combination_2":null,"radar_mode_mnemonic_combination_3":null,"radar_mode_mnemonic_combination_4":null,"radar_mode_mnemonic_combination_5":null,"radar_mode_mnemonic_combination_6":null,"radar_mode_mnemonic_combination_7":null,"radar_mode_mnemonic_combination_8":null,"radar_mode_mnemonic_combination_9":null,"date_cycle_popup":"2025-10-01 | Cycle A\n2025-10-13 | Cycle A\n2025-10-25 | Cycle A\n2025-11-06 | Cycle A\n2025-11-18 | Cycle A\n2025-11-30 | Cycle A\n2025-12-12 | Cycle A\n2025-12-24 | Cycle A\n2026-01-05 | Cycle A\n2026-01-17 | Cycle A\n2026-01-29 | Cycle A\n2026-02-10 | Cycle A\n2026-02-22 | Cycle A\n2026-03-06 | Cycle A\n2026-03-18 | Cycle A\n2026-03-30 | Cycle A\n2026-04-11 | Cycle A\n2026-04-23 | Cycle A\n2026-05-05 | Cycle A\n2026-05-17 | Cycle A\n2026-05-29 | Cycle A\n2026-06-10 | Cycle A\n2026-06-22 | Cycle A\n2026-07-04 | Cycle A\n2026-07-16 | Cycle A\n2026-07-28 | Cycle A\n2026-08-09 | Cycle A\n2026-08-21 | Cycle A\n2026-09-02 | Cycle A\n2026-09-14 | Cycle A\n2026-09-26 | Cycle A\n2026-10-08 | Cycle A\n2026-10-20 | Cycle A\n2026-11-01 | Cycle A\n2026-11-13 | Cycle A\n2026-11-25 | Cycle A\n2026-12-07 | Cycle A\n2026-12-19 | Cycle A\n2026-12-31 | Cycle A","mixed_mode":"no","l_band":"yes","ls_band":"no","s_band":"no","SH":1,"SV":0,"DH":0,"DV":0,"QP":0,"CP":0,"QD":0,"QQ":0,"bw_40":"no","bw_20":"no","bw_77":"yes","bw_max_5":"no","visualization":"F0","Shape__Area":1060331416918.6875,"Shape__Length":4121398.0188363628,"tracks":113,"frames":126}},{"type":"Feature","id":15814,"geometry":{"type":"Polygon","coordinates":[[[-96.368768774,-78.129975115],[-96.901977592,-78.68061799],[-97.4818285809999,-79.230431972],[-103.332084739,-78.94191387],[-105.504232614,-78.801403791],[-108.978543521,-78.535212749],[-107.913283818,-78.012054474],[-106.931166521,-77.4855719729999],[-106.022554696,-76.95616218],[-105.179183165,-76.42416195],[-102.19238982,-76.654286528],[-100.343260822,-76.775795699],[-95.418692505,-77.026600344],[-95.876049053,-77.57860721],[-96.368768774,-78.129975115]]]},"properties":{"fid":15814,"track":11,"frame":127,"dates":"2025-10-05, 2025-10-17, 2025-10-29, 2025-11-10, 2025-11-22, 2025-12-04, 2025-12-16, 2025-12-28, 2026-01-09, 2026-01-21, 2026-02-02, 2026-02-14, 2026-02-26, 2026-03-10, 2026-03-22, 2026-04-03, 2026-04-15, 2026-04-27, 2026-05-09, 2026-05-21, 2026-06-02, 2026-06-14, 2026-06-26, 2026-07-08, 2026-07-20, 2026-08-01, 2026-08-13, 2026-08-25, 2026-09-06, 2026-09-18, 2026-09-30, 2026-10-12, 2026-10-24, 2026-11-05, 2026-11-17, 2026-11-29, 2026-12-11, 2026-12-23","acquisition_time":"23:52:20","date_mode_popup":"2025-10-05 | 151\n2025-10-17 | 151\n2025-10-29 | 151\n2025-11-10 | 151\n2025-11-22 | 151\n2025-12-04 | 151\n2025-12-16 | 151\n2025-12-28 | 151\n2026-01-09 | 151\n2026-01-21 | 151\n2026-02-02 | 151\n2026-02-14 | 151\n2026-02-26 | 151\n2026-03-10 | 151\n2026-03-22 | 151\n2026-04-03 | 151\n2026-04-15 | 151\n2026-04-27 | 151\n2026-05-09 | 151\n2026-05-21 | 151\n2026-06-02 | 151\n2026-06-14 | 151\n2026-06-26 | 151\n2026-07-08 | 151\n2026-07-20 | 151\n2026-08-01 | 151\n2026-08-13 | 151\n2026-08-25 | 151\n2026-09-06 | 151\n2026-09-18 | 151\n2026-09-30 | 151\n2026-10-12 | 151\n2026-10-24 | 151\n2026-11-05 | 151\n2026-11-17 | 151\n2026-11-29 | 151\n2026-12-11 | 151\n2026-12-23 | 151","producerifg":1,"producerunw":1,"produceroff":1,"producegunw":1,"producegoff":1,"producerslc":1,"producegslc":1,"producegcov":1,"producesmst":0,"passdirection":"Descending","unique_radar_mode_list":"151","unique_radar_mode_mnemonic_list":"L:SCI:SH:40M+05N:FS:B4:D02","number_combos":1,"mode_change":"no","radar_mode_combination_1":"151","radar_mode_combination_2":null,"radar_mode_combination_3":null,"radar_mode_combination_4":null,"radar_mode_combination_5":null,"radar_mode_combination_6":null,"radar_mode_combination_7":null,"radar_mode_combination_8":null,"radar_mode_combination_9":null,"radar_mode_mnemonic_combination_1":"L:SCI:SH:40M+05N:FS:B4:D02","radar_mode_mnemonic_combination_2":null,"radar_mode_mnemonic_combination_3":null,"radar_mode_mnemonic_combination_4":null,"radar_mode_mnemonic_combination_5":null,"radar_mode_mnemonic_combination_6":null,"radar_mode_mnemonic_combination_7":null,"radar_mode_mnemonic_combination_8":null,"radar_mode_mnemonic_combination_9":null,"date_cycle_popup":"2025-10-05 | Cycle A\n2025-10-17 | Cycle A\n2025-10-29 | Cycle A\n2025-11-10 | Cycle A\n2025-11-22 | Cycle A\n2025-12-04 | Cycle A\n2025-12-16 | Cycle A\n2025-12-28 | Cycle A\n2026-01-09 | Cycle A\n2026-01-21 | Cycle A\n2026-02-02 | Cycle A\n2026-02-14 | Cycle A\n2026-02-26 | Cycle A\n2026-03-10 | Cycle A\n2026-03-22 | Cycle A\n2026-04-03 | Cycle A\n2026-04-15 | Cycle A\n2026-04-27 | Cycle A\n2026-05-09 | Cycle A\n2026-05-21 | Cycle A\n2026-06-02 | Cycle A\n2026-06-14 | Cycle A\n2026-06-26 | Cycle A\n2026-07-08 | Cycle A\n2026-07-20 | Cycle A\n2026-08-01 | Cycle A\n2026-08-13 | Cycle A\n2026-08-25 | Cycle A\n2026-09-06 | Cycle A\n2026-09-18 | Cycle A\n2026-09-30 | Cycle A\n2026-10-12 | Cycle A\n2026-10-24 | Cycle A\n2026-11-05 | Cycle A\n2026-11-17 | Cycle A\n2026-11-29 | Cycle A\n2026-12-11 | Cycle A\n2026-12-23 | Cycle A","mixed_mode":"no","l_band":"yes","ls_band":"no","s_band":"no","SH":1,"SV":0,"DH":0,"DV":0,"QP":0,"CP":0,"QD":0,"QQ":0,"bw_40":"yes","bw_20":"no","bw_77":"no","bw_max_5":"no","visualization":"F0","Shape__Area":1470513858144.4063,"Shape__Length":4853323.4977238728,"tracks":11,"frames":127}},{"type":"Feature","id":3912,"geometry":{"type":"Polygon","coordinates":[[[-87.4543813989999,-74.536825244],[-87.796968517,-75.090427625],[-92.118940857,-74.862407221],[-93.751857128,-74.752723271],[-96.403931678,-74.545478905],[-95.779248124,-74.0053706099999],[-95.19054647,-73.4638360399999],[-94.6344799829999,-72.9210052619999],[-94.108094572,-72.376992462],[-91.76045371,-72.564731551],[-90.321121228,-72.664503175],[-86.529530705,-72.87398624],[-86.822381359,-73.42857695],[-87.130131138,-73.982865153],[-87.4543813989999,-74.536825244]]]},"properties":{"fid":3912,"track":54,"frame":125,"dates":"2025-09-26, 2025-10-08, 2025-10-20, 2025-11-01, 2025-11-13, 2025-11-25, 2025-12-07, 2025-12-19, 2025-12-31, 2026-01-12, 2026-01-24, 2026-02-05, 2026-02-17, 2026-03-01, 2026-03-13, 2026-03-25, 2026-04-06, 2026-04-18, 2026-04-30, 2026-05-12, 2026-05-24, 2026-06-05, 2026-06-17, 2026-06-29, 2026-07-11, 2026-07-23, 2026-08-04, 2026-08-16, 2026-08-28, 2026-09-09, 2026-09-21, 2026-10-03, 2026-10-15, 2026-10-27, 2026-11-08, 2026-11-20, 2026-12-02, 2026-12-14, 2026-12-26","acquisition_time":"23:26:12","date_mode_popup":"2025-09-26 | 150\n2025-10-08 | 150\n2025-10-20 | 150\n2025-11-01 | 150\n2025-11-13 | 150\n2025-11-25 | 150\n2025-12-07 | 150\n2025-12-19 | 150\n2025-12-31 | 150\n2026-01-12 | 150\n2026-01-24 | 150\n2026-02-05 | 150\n2026-02-17 | 150\n2026-03-01 | 150\n2026-03-13 | 150\n2026-03-25 | 150\n2026-04-06 | 150\n2026-04-18 | 150\n2026-04-30 | 150\n2026-05-12 | 150\n2026-05-24 | 150\n2026-06-05 | 150\n2026-06-17 | 150\n2026-06-29 | 150\n2026-07-11 | 150\n2026-07-23 | 150\n2026-08-04 | 150\n2026-08-16 | 150\n2026-08-28 | 150\n2026-09-09 | 150\n2026-09-21 | 150\n2026-10-03 | 150\n2026-10-15 | 150\n2026-10-27 | 150\n2026-11-08 | 150\n2026-11-20 | 150\n2026-12-02 | 150\n2026-12-14 | 150\n2026-12-26 | 150","producerifg":1,"producerunw":1,"produceroff":1,"producegunw":1,"producegoff":1,"producerslc":1,"producegslc":1,"producegcov":1,"producesmst":0,"passdirection":"Descending","unique_radar_mode_list":"150","unique_radar_mode_mnemonic_list":"L:SCI:SH:77M+---:HS:B4:D02","number_combos":1,"mode_change":"no","radar_mode_combination_1":"150","radar_mode_combination_2":null,"radar_mode_combination_3":null,"radar_mode_combination_4":null,"radar_mode_combination_5":null,"radar_mode_combination_6":null,"radar_mode_combination_7":null,"radar_mode_combination_8":null,"radar_mode_combination_9":null,"radar_mode_mnemonic_combination_1":"L:SCI:SH:77M+---:HS:B4:D02","radar_mode_mnemonic_combination_2":null,"radar_mode_mnemonic_combination_3":null,"radar_mode_mnemonic_combination_4":null,"radar_mode_mnemonic_combination_5":null,"radar_mode_mnemonic_combination_6":null,"radar_mode_mnemonic_combination_7":null,"radar_mode_mnemonic_combination_8":null,"radar_mode_mnemonic_combination_9":null,"date_cycle_popup":"2025-09-26 | Cycle A\n2025-10-08 | Cycle A\n2025-10-20 | Cycle A\n2025-11-01 | Cycle A\n2025-11-13 | Cycle A\n2025-11-25 | Cycle A\n2025-12-07 | Cycle A\n2025-12-19 | Cycle A\n2025-12-31 | Cycle A\n2026-01-12 | Cycle A\n2026-01-24 | Cycle A\n2026-02-05 | Cycle A\n2026-02-17 | Cycle A\n2026-03-01 | Cycle A\n2026-03-13 | Cycle A\n2026-03-25 | Cycle A\n2026-04-06 | Cycle A\n2026-04-18 | Cycle A\n2026-04-30 | Cycle A\n2026-05-12 | Cycle A\n2026-05-24 | Cycle A\n2026-06-05 | Cycle A\n2026-06-17 | Cycle A\n2026-06-29 | Cycle A\n2026-07-11 | Cycle A\n2026-07-23 | Cycle A\n2026-08-04 | Cycle A\n2026-08-16 | Cycle A\n2026-08-28 | Cycle A\n2026-09-09 | Cycle A\n2026-09-21 | Cycle A\n2026-10-03 | Cycle A\n2026-10-15 | Cycle A\n2026-10-27 | Cycle A\n2026-11-08 | Cycle A\n2026-11-20 | Cycle A\n2026-12-02 | Cycle A\n2026-12-14 | Cycle A\n2026-12-26 | Cycle A","mixed_mode":"no","l_band":"yes","ls_band":"no","s_band":"no","SH":1,"SV":0,"DH":0,"DV":0,"QP":0,"CP":0,"QD":0,"QQ":0,"bw_40":"no","bw_20":"no","bw_77":"yes","bw_max_5":"no","visualization":"F0","Shape__Area":829419310398.70313,"Shape__Length":3644177.0883979946,"tracks":54,"frames":125}},{"type":"Feature","id":5369,"geometry":{"type":"Polygon","coordinates":[[[-127.990929139,-76.059098432],[-128.388198451,-76.601067885],[-128.812576631,-77.14253769],[-133.777775164,-76.890064982],[-135.641311095,-76.767714872],[-138.650167199,-76.535987951],[-137.868441764,-76.01278618],[-137.13792843,-75.487556932],[-136.45342466,-74.960507303],[-135.81038815,-74.4318168679999],[-133.176703991,-74.6378747489999],[-131.555553184,-74.746955784],[-127.266031457,-74.973853552],[-127.61773943,-75.516679417],[-127.990929139,-76.059098432]]]},"properties":{"fid":5369,"track":70,"frame":126,"dates":"2025-09-28, 2025-10-10, 2025-10-22, 2025-11-03, 2025-11-15, 2025-11-27, 2025-12-09, 2025-12-21, 2026-01-02, 2026-01-14, 2026-01-26, 2026-02-07, 2026-02-19, 2026-03-03, 2026-03-15, 2026-03-27, 2026-04-08, 2026-04-20, 2026-05-02, 2026-05-14, 2026-05-26, 2026-06-07, 2026-06-19, 2026-07-01, 2026-07-13, 2026-07-25, 2026-08-06, 2026-08-18, 2026-08-30, 2026-09-11, 2026-09-23, 2026-10-05, 2026-10-17, 2026-10-29, 2026-11-10, 2026-11-22, 2026-12-04, 2026-12-16, 2026-12-28","acquisition_time":"02:04:56","date_mode_popup":"2025-09-28 | 150\n2025-10-10 | 150\n2025-10-22 | 150\n2025-11-03 | 150\n2025-11-15 | 150\n2025-11-27 | 150\n2025-12-09 | 150\n2025-12-21 | 150\n2026-01-02 | 150\n2026-01-14 | 150\n2026-01-26 | 150\n2026-02-07 | 150\n2026-02-19 | 150\n2026-03-03 | 150\n2026-03-15 | 150\n2026-03-27 | 150\n2026-04-08 | 150\n2026-04-20 | 150\n2026-05-02 | 150\n2026-05-14 | 150\n2026-05-26 | 150\n2026-06-07 | 150\n2026-06-19 | 150\n2026-07-01 | 150\n2026-07-13 | 150\n2026-07-25 | 150\n2026-08-06 | 150\n2026-08-18 | 150\n2026-08-30 | 150\n2026-09-11 | 150\n2026-09-23 | 150\n2026-10-05 | 150\n2026-10-17 | 150\n2026-10-29 | 150\n2026-11-10 | 150\n2026-11-22 | 150\n2026-12-04 | 150\n2026-12-16 | 150\n2026-12-28 | 150","producerifg":1,"producerunw":1,"produceroff":1,"producegunw":1,"producegoff":1,"producerslc":1,"producegslc":1,"producegcov":1,"producesmst":0,"passdirection":"Descending","unique_radar_mode_list":"150","unique_radar_mode_mnemonic_list":"L:SCI:SH:77M+---:HS:B4:D02","number_combos":1,"mode_change":"no","radar_mode_combination_1":"150","radar_mode_combination_2":null,"radar_mode_combination_3":null,"radar_mode_combination_4":null,"radar_mode_combination_5":null,"radar_mode_combination_6":null,"radar_mode_combination_7":null,"radar_mode_combination_8":null,"radar_mode_combination_9":null,"radar_mode_mnemonic_combination_1":"L:SCI:SH:77M+---:HS:B4:D02","radar_mode_mnemonic_combination_2":null,"radar_mode_mnemonic_combination_3":null,"radar_mode_mnemonic_combination_4":null,"radar_mode_mnemonic_combination_5":null,"radar_mode_mnemonic_combination_6":null,"radar_mode_mnemonic_combination_7":null,"radar_mode_mnemonic_combination_8":null,"radar_mode_mnemonic_combination_9":null,"date_cycle_popup":"2025-09-28 | Cycle A\n2025-10-10 | Cycle A\n2025-10-22 | Cycle A\n2025-11-03 | Cycle A\n2025-11-15 | Cycle A\n2025-11-27 | Cycle A\n2025-12-09 | Cycle A\n2025-12-21 | Cycle A\n2026-01-02 | Cycle A\n2026-01-14 | Cycle A\n2026-01-26 | Cycle A\n2026-02-07 | Cycle A\n2026-02-19 | Cycle A\n2026-03-03 | Cycle A\n2026-03-15 | Cycle A\n2026-03-27 | Cycle A\n2026-04-08 | Cycle A\n2026-04-20 | Cycle A\n2026-05-02 | Cycle A\n2026-05-14 | Cycle A\n2026-05-26 | Cycle A\n2026-06-07 | Cycle A\n2026-06-19 | Cycle A\n2026-07-01 | Cycle A\n2026-07-13 | Cycle A\n2026-07-25 | Cycle A\n2026-08-06 | Cycle A\n2026-08-18 | Cycle A\n2026-08-30 | Cycle A\n2026-09-11 | Cycle A\n2026-09-23 | Cycle A\n2026-10-05 | Cycle A\n2026-10-17 | Cycle A\n2026-10-29 | Cycle A\n2026-11-10 | Cycle A\n2026-11-22 | Cycle A\n2026-12-04 | Cycle A\n2026-12-16 | Cycle A\n2026-12-28 | Cycle A","mixed_mode":"no","l_band":"yes","ls_band":"no","s_band":"no","SH":1,"SV":0,"DH":0,"DV":0,"QP":0,"CP":0,"QD":0,"QQ":0,"bw_40":"no","bw_20":"no","bw_77":"yes","bw_max_5":"no","visualization":"F0","Shape__Area":1060359856870.3281,"Shape__Length":4121452.8677810356,"tracks":70,"frames":126}},{"type":"Feature","id":15187,"geometry":{"type":"Polygon","coordinates":[[[-86.1342491779999,-78.130276887],[-86.626905993,-77.578897453],[-87.084202717,-77.026879251],[-82.1588887509999,-76.776070397],[-80.3094913749999,-76.654553236],[-77.322280227,-76.4244083409999],[-76.478892822,-76.956418035],[-75.5702606239999,-77.485837201],[-74.5881175229999,-78.012328966],[-73.522825439,-78.535496371],[-76.997646032,-78.8017128289999],[-79.1701271809999,-78.942233141],[-85.0213250909999,-79.2307575089999],[-85.60110652,-78.680931514],[-86.1342491779999,-78.130276887]]]},"properties":{"fid":15187,"track":4,"frame":139,"dates":"2025-10-05, 2025-10-17, 2025-10-29, 2025-11-10, 2025-11-22, 2025-12-04, 2025-12-16, 2025-12-28, 2026-01-09, 2026-01-21, 2026-02-02, 2026-02-14, 2026-02-26, 2026-03-10, 2026-03-22, 2026-04-03, 2026-04-15, 2026-04-27, 2026-05-09, 2026-05-21, 2026-06-02, 2026-06-14, 2026-06-26, 2026-07-08, 2026-07-20, 2026-08-01, 2026-08-13, 2026-08-25, 2026-09-06, 2026-09-18, 2026-09-30, 2026-10-12, 2026-10-24, 2026-11-05, 2026-11-17, 2026-11-29, 2026-12-11, 2026-12-23","acquisition_time":"12:17:44","date_mode_popup":"2025-10-05 | 150\n2025-10-17 | 150\n2025-10-29 | 150\n2025-11-10 | 150\n2025-11-22 | 150\n2025-12-04 | 150\n2025-12-16 | 150\n2025-12-28 | 150\n2026-01-09 | 150\n2026-01-21 | 150\n2026-02-02 | 150\n2026-02-14 | 150\n2026-02-26 | 246\n2026-03-10 | 246\n2026-03-22 | 150\n2026-04-03 | 150\n2026-04-15 | 150\n2026-04-27 | 150\n2026-05-09 | 150\n2026-05-21 | 150\n2026-06-02 | 150\n2026-06-14 | 150\n2026-06-26 | 150\n2026-07-08 | 150\n2026-07-20 | 150\n2026-08-01 | 150\n2026-08-13 | 150\n2026-08-25 | 246\n2026-09-06 | 246\n2026-09-18 | 150\n2026-09-30 | 150\n2026-10-12 | 150\n2026-10-24 | 150\n2026-11-05 | 150\n2026-11-17 | 150\n2026-11-29 | 150\n2026-12-11 | 150\n2026-12-23 | 150","producerifg":1,"producerunw":1,"produceroff":1,"producegunw":1,"producegoff":1,"producerslc":1,"producegslc":1,"producegcov":1,"producesmst":0,"passdirection":"Ascending","unique_radar_mode_list":"150, 246","unique_radar_mode_mnemonic_list":"L:SCI:SH:77M+---:HS:B4:D02, L:SCI:SH:77M+---:HS:B4:D02  S:--:SH:37W:B4","number_combos":2,"mode_change":"yes","radar_mode_combination_1":"150","radar_mode_combination_2":"246","radar_mode_combination_3":null,"radar_mode_combination_4":null,"radar_mode_combination_5":null,"radar_mode_combination_6":null,"radar_mode_combination_7":null,"radar_mode_combination_8":null,"radar_mode_combination_9":null,"radar_mode_mnemonic_combination_1":"L:SCI:SH:77M+---:HS:B4:D02","radar_mode_mnemonic_combination_2":"L:SCI:SH:77M+---:HS:B4:D02  S:--:SH:37W:B4","radar_mode_mnemonic_combination_3":null,"radar_mode_mnemonic_combination_4":null,"radar_mode_mnemonic_combination_5":null,"radar_mode_mnemonic_combination_6":null,"radar_mode_mnemonic_combination_7":null,"radar_mode_mnemonic_combination_8":null,"radar_mode_mnemonic_combination_9":null,"date_cycle_popup":"2025-10-05 | Cycle A\n2025-10-17 | Cycle A\n2025-10-29 | Cycle A\n2025-11-10 | Cycle A\n2025-11-22 | Cycle A\n2025-12-04 | Cycle A\n2025-12-16 | Cycle A\n2025-12-28 | Cycle A\n2026-01-09 | Cycle A\n2026-01-21 | Cycle A\n2026-02-02 | Cycle A\n2026-02-14 | Cycle A\n2026-02-26 | Cycle B\n2026-03-10 | Cycle B\n2026-03-22 | Cycle A\n2026-04-03 | Cycle A\n2026-04-15 | Cycle A\n2026-04-27 | Cycle A\n2026-05-09 | Cycle A\n2026-05-21 | Cycle A\n2026-06-02 | Cycle A\n2026-06-14 | Cycle A\n2026-06-26 | Cycle A\n2026-07-08 | Cycle A\n2026-07-20 | Cycle A\n2026-08-01 | Cycle A\n2026-08-13 | Cycle A\n2026-08-25 | Cycle B\n2026-09-06 | Cycle B\n2026-09-18 | Cycle A\n2026-09-30 | Cycle A\n2026-10-12 | Cycle A\n2026-10-24 | Cycle A\n2026-11-05 | Cycle A\n2026-11-17 | Cycle A\n2026-11-29 | Cycle A\n2026-12-11 | Cycle A\n2026-12-23 | Cycle A","mixed_mode":"no","l_band":"yes","ls_band":"yes","s_band":"no","SH":1,"SV":0,"DH":0,"DV":0,"QP":0,"CP":0,"QD":0,"QQ":0,"bw_40":"no","bw_20":"no","bw_77":"yes","bw_max_5":"no","visualization":"S0","Shape__Area":1470786054154.7734,"Shape__Length":4853776.5443714559,"tracks":4,"frames":139}},{"type":"Feature","id":15287,"geometry":{"type":"Polygon","coordinates":[[[-114.915413888,-72.4485824019999],[-115.179234113,-71.90607081],[-115.432129918,-71.363322114],[-115.675031833,-70.820350682],[-112.268563869,-70.623129327],[-110.971480698,-70.530146917],[-108.850013956,-70.356003195],[-108.422975562,-70.891219726],[-107.975578332,-71.425612506],[-107.506042259,-71.9591139739999],[-107.012379226,-72.491648348],[-109.374541744,-72.680293307],[-110.823051552,-72.7805208729999],[-114.639621325,-72.990840571],[-114.915413888,-72.4485824019999]]]},"properties":{"fid":15287,"track":5,"frame":142,"dates":"2025-10-05, 2025-10-17, 2025-10-29, 2025-11-10, 2025-11-22, 2025-12-04, 2025-12-16, 2025-12-28, 2026-01-09, 2026-01-21, 2026-02-02, 2026-02-14, 2026-02-26, 2026-03-10, 2026-03-22, 2026-04-03, 2026-04-15, 2026-04-27, 2026-05-09, 2026-05-21, 2026-06-02, 2026-06-14, 2026-06-26, 2026-07-08, 2026-07-20, 2026-08-01, 2026-08-13, 2026-08-25, 2026-09-06, 2026-09-18, 2026-09-30, 2026-10-12, 2026-10-24, 2026-11-05, 2026-11-17, 2026-11-29, 2026-12-11, 2026-12-23","acquisition_time":"14:01:12","date_mode_popup":"2025-10-05 | 153\n2025-10-17 | 153\n2025-10-29 | 153\n2025-11-10 | 153\n2025-11-22 | 153\n2025-12-04 | 153\n2025-12-16 | 153\n2025-12-28 | 153\n2026-01-09 | 153\n2026-01-21 | 153\n2026-02-02 | 153\n2026-02-14 | 153\n2026-02-26 | 153\n2026-03-10 | 153\n2026-03-22 | 153\n2026-04-03 | 153\n2026-04-15 | 153\n2026-04-27 | 153\n2026-05-09 | 153\n2026-05-21 | 153\n2026-06-02 | 153\n2026-06-14 | 153\n2026-06-26 | 153\n2026-07-08 | 153\n2026-07-20 | 153\n2026-08-01 | 153\n2026-08-13 | 153\n2026-08-25 | 153\n2026-09-06 | 153\n2026-09-18 | 153\n2026-09-30 | 153\n2026-10-12 | 153\n2026-10-24 | 153\n2026-11-05 | 153\n2026-11-17 | 153\n2026-11-29 | 153\n2026-12-11 | 153\n2026-12-23 | 153","producerifg":0,"producerunw":0,"produceroff":0,"producegunw":0,"producegoff":0,"producerslc":1,"producegslc":1,"producegcov":1,"producesmst":0,"passdirection":"Ascending","unique_radar_mode_list":"153","unique_radar_mode_mnemonic_list":"L:SCI:SV:05W+---:FS:B4:D09","number_combos":1,"mode_change":"no","radar_mode_combination_1":"153","radar_mode_combination_2":null,"radar_mode_combination_3":null,"radar_mode_combination_4":null,"radar_mode_combination_5":null,"radar_mode_combination_6":null,"radar_mode_combination_7":null,"radar_mode_combination_8":null,"radar_mode_combination_9":null,"radar_mode_mnemonic_combination_1":"L:SCI:SV:05W+---:FS:B4:D09","radar_mode_mnemonic_combination_2":null,"radar_mode_mnemonic_combination_3":null,"radar_mode_mnemonic_combination_4":null,"radar_mode_mnemonic_combination_5":null,"radar_mode_mnemonic_combination_6":null,"radar_mode_mnemonic_combination_7":null,"radar_mode_mnemonic_combination_8":null,"radar_mode_mnemonic_combination_9":null,"date_cycle_popup":"2025-10-05 | Cycle A\n2025-10-17 | Cycle A\n2025-10-29 | Cycle A\n2025-11-10 | Cycle A\n2025-11-22 | Cycle A\n2025-12-04 | Cycle A\n2025-12-16 | Cycle A\n2025-12-28 | Cycle A\n2026-01-09 | Cycle A\n2026-01-21 | Cycle A\n2026-02-02 | Cycle A\n2026-02-14 | Cycle A\n2026-02-26 | Cycle A\n2026-03-10 | Cycle A\n2026-03-22 | Cycle A\n2026-04-03 | Cycle A\n2026-04-15 | Cycle A\n2026-04-27 | Cycle A\n2026-05-09 | Cycle A\n2026-05-21 | Cycle A\n2026-06-02 | Cycle A\n2026-06-14 | Cycle A\n2026-06-26 | Cycle A\n2026-07-08 | Cycle A\n2026-07-20 | Cycle A\n2026-08-01 | Cycle A\n2026-08-13 | Cycle A\n2026-08-25 | Cycle A\n2026-09-06 | Cycle A\n2026-09-18 | Cycle A\n2026-09-30 | Cycle A\n2026-10-12 | Cycle A\n2026-10-24 | Cycle A\n2026-11-05 | Cycle A\n2026-11-17 | Cycle A\n2026-11-29 | Cycle A\n2026-12-11 | Cycle A\n2026-12-23 | Cycle A","mixed_mode":"no","l_band":"yes","ls_band":"no","s_band":"no","SH":0,"SV":1,"DH":0,"DV":0,"QP":0,"CP":0,"QD":0,"QQ":0,"bw_40":"no","bw_20":"no","bw_77":"no","bw_max_5":"yes","visualization":"F0","Shape__Area":642480277313.80469,"Shape__Length":3207785.2751127137,"tracks":5,"frames":142}},{"type":"Feature","id":13905,"geometry":{"type":"Polygon","coordinates":[[[-100.866550605,-71.363337037],[-101.109432953,-70.820366561],[-97.7027997819999,-70.6231538009999],[-96.405655176,-70.530173251],[-94.2840897,-70.356030913],[-93.857064997,-70.891247054],[-93.409682093,-71.425639545],[-92.940161034,-71.959140828],[-92.44651376,-72.491675124],[-94.808782884,-72.680318174],[-96.2573590869999,-72.780543467],[-100.074107215,-72.990853136],[-100.349876858,-72.448595666],[-100.613675385,-71.90608486],[-100.866550605,-71.363337037]]]},"properties":{"fid":13905,"track":163,"frame":142,"dates":"2025-10-04, 2025-10-16, 2025-10-28, 2025-11-09, 2025-11-21, 2025-12-03, 2025-12-15, 2025-12-27, 2026-01-08, 2026-01-20, 2026-02-01, 2026-02-13, 2026-02-25, 2026-03-09, 2026-03-21, 2026-04-02, 2026-04-14, 2026-04-26, 2026-05-08, 2026-05-20, 2026-06-01, 2026-06-13, 2026-06-25, 2026-07-07, 2026-07-19, 2026-07-31, 2026-08-12, 2026-08-24, 2026-09-05, 2026-09-17, 2026-09-29, 2026-10-11, 2026-10-23, 2026-11-04, 2026-11-16, 2026-11-28, 2026-12-10, 2026-12-22","acquisition_time":"13:00:36","date_mode_popup":"2025-10-04 | 150,153\n2025-10-16 | 150,153\n2025-10-28 | 150,153\n2025-11-09 | 150,153\n2025-11-21 | 150,153\n2025-12-03 | 150,153\n2025-12-15 | 150,153\n2025-12-27 | 150,153\n2026-01-08 | 150,153\n2026-01-20 | 150,153\n2026-02-01 | 150,153\n2026-02-13 | 150,153\n2026-02-25 | 246,76,153\n2026-03-09 | 246,76,153\n2026-03-21 | 150,153\n2026-04-02 | 150,153\n2026-04-14 | 150,153\n2026-04-26 | 150,153\n2026-05-08 | 150,153\n2026-05-20 | 150,153\n2026-06-01 | 150,153\n2026-06-13 | 150,153\n2026-06-25 | 150,153\n2026-07-07 | 150,153\n2026-07-19 | 150,153\n2026-07-31 | 150,153\n2026-08-12 | 150,153\n2026-08-24 | 246,76,153\n2026-09-05 | 246,76,153\n2026-09-17 | 150,153\n2026-09-29 | 150,153\n2026-10-11 | 150,153\n2026-10-23 | 150,153\n2026-11-04 | 150,153\n2026-11-16 | 150,153\n2026-11-28 | 150,153\n2026-12-10 | 150,153\n2026-12-22 | 150,153","producerifg":1,"producerunw":1,"produceroff":1,"producegunw":1,"producegoff":1,"producerslc":1,"producegslc":1,"producegcov":1,"producesmst":0,"passdirection":"Ascending","unique_radar_mode_list":"150, 153, 246, 76","unique_radar_mode_mnemonic_list":"L:SCI:SH:77M+---:HS:B4:D02, L:SCI:SH:77M+---:HS:B4:D02  S:--:SH:37W:B4, L:SCI:SV:05W+---:FS:B4:D09, S:DB:SH:37W:B4:D10","number_combos":2,"mode_change":"yes","radar_mode_combination_1":"150,153","radar_mode_combination_2":"246,76,153","radar_mode_combination_3":null,"radar_mode_combination_4":null,"radar_mode_combination_5":null,"radar_mode_combination_6":null,"radar_mode_combination_7":null,"radar_mode_combination_8":null,"radar_mode_combination_9":null,"radar_mode_mnemonic_combination_1":"L:SCI:SH:77M+---:HS:B4:D02,L:SCI:SV:05W+---:FS:B4:D09","radar_mode_mnemonic_combination_2":"L:SCI:SH:77M+---:HS:B4:D02  S:--:SH:37W:B4,S:DB:SH:37W:B4:D10,L:SCI:SV:05W+---:FS:B4:D09","radar_mode_mnemonic_combination_3":null,"radar_mode_mnemonic_combination_4":null,"radar_mode_mnemonic_combination_5":null,"radar_mode_mnemonic_combination_6":null,"radar_mode_mnemonic_combination_7":null,"radar_mode_mnemonic_combination_8":null,"radar_mode_mnemonic_combination_9":null,"date_cycle_popup":"2025-10-04 | Cycle A\n2025-10-16 | Cycle A\n2025-10-28 | Cycle A\n2025-11-09 | Cycle A\n2025-11-21 | Cycle A\n2025-12-03 | Cycle A\n2025-12-15 | Cycle A\n2025-12-27 | Cycle A\n2026-01-08 | Cycle A\n2026-01-20 | Cycle A\n2026-02-01 | Cycle A\n2026-02-13 | Cycle A\n2026-02-25 | Cycle B\n2026-03-09 | Cycle B\n2026-03-21 | Cycle A\n2026-04-02 | Cycle A\n2026-04-14 | Cycle A\n2026-04-26 | Cycle A\n2026-05-08 | Cycle A\n2026-05-20 | Cycle A\n2026-06-01 | Cycle A\n2026-06-13 | Cycle A\n2026-06-25 | Cycle A\n2026-07-07 | Cycle A\n2026-07-19 | Cycle A\n2026-07-31 | Cycle A\n2026-08-12 | Cycle A\n2026-08-24 | Cycle B\n2026-09-05 | Cycle B\n2026-09-17 | Cycle A\n2026-09-29 | Cycle A\n2026-10-11 | Cycle A\n2026-10-23 | Cycle A\n2026-11-04 | Cycle A\n2026-11-16 | Cycle A\n2026-11-28 | Cycle A\n2026-12-10 | Cycle A\n2026-12-22 | Cycle A","mixed_mode":"yes","l_band":"yes","ls_band":"yes","s_band":"no","SH":1,"SV":1,"DH":0,"DV":0,"QP":0,"CP":0,"QD":0,"QQ":0,"bw_40":"no","bw_20":"no","bw_77":"yes","bw_max_5":"yes","visualization":"S1","Shape__Area":642507202146.78125,"Shape__Length":3207854.2024775879,"tracks":163,"frames":142}},{"type":"Feature","id":7390,"geometry":{"type":"Polygon","coordinates":[[[-126.581405097,-73.983286135],[-126.88922351,-73.428980475],[-127.182137527,-72.8743718329999],[-123.390466747,-72.664820598],[-121.951112643,-72.565022283],[-119.603447027,-72.37723877],[-119.076962687,-72.921264507],[-118.52078978,-73.464107431],[-117.931973391,-74.005653313],[-117.307165839,-74.545772034],[-119.959304457,-74.75306865],[-121.5922705,-74.862783672],[-125.914411884,-75.0908820619999],[-126.25708027,-74.537263201],[-126.581405097,-73.983286135]]]},"properties":{"fid":7390,"track":92,"frame":141,"dates":"2025-09-29, 2025-10-11, 2025-10-23, 2025-11-04, 2025-11-16, 2025-11-28, 2025-12-10, 2025-12-22, 2026-01-03, 2026-01-15, 2026-01-27, 2026-02-08, 2026-02-20, 2026-03-04, 2026-03-16, 2026-03-28, 2026-04-09, 2026-04-21, 2026-05-03, 2026-05-15, 2026-05-27, 2026-06-08, 2026-06-20, 2026-07-02, 2026-07-14, 2026-07-26, 2026-08-07, 2026-08-19, 2026-08-31, 2026-09-12, 2026-09-24, 2026-10-06, 2026-10-18, 2026-10-30, 2026-11-11, 2026-11-23, 2026-12-05, 2026-12-17, 2026-12-29","acquisition_time":"14:49:48","date_mode_popup":"2025-09-29 | 150,153\n2025-10-11 | 150,153\n2025-10-23 | 150,153\n2025-11-04 | 150,153\n2025-11-16 | 150,153\n2025-11-28 | 150,153\n2025-12-10 | 150,153\n2025-12-22 | 150,153\n2026-01-03 | 150,153\n2026-01-15 | 150,153\n2026-01-27 | 150,153\n2026-02-08 | 150,153\n2026-02-20 | 150,153\n2026-03-04 | 150,153\n2026-03-16 | 150,153\n2026-03-28 | 150,153\n2026-04-09 | 150,153\n2026-04-21 | 150,153\n2026-05-03 | 150,153\n2026-05-15 | 150,153\n2026-05-27 | 150,153\n2026-06-08 | 150,153\n2026-06-20 | 150,153\n2026-07-02 | 150,153\n2026-07-14 | 150,153\n2026-07-26 | 150,153\n2026-08-07 | 150,153\n2026-08-19 | 150,153\n2026-08-31 | 150,153\n2026-09-12 | 150,153\n2026-09-24 | 150,153\n2026-10-06 | 150,153\n2026-10-18 | 150,153\n2026-10-30 | 150,153\n2026-11-11 | 150,153\n2026-11-23 | 150,153\n2026-12-05 | 150,153\n2026-12-17 | 150,153\n2026-12-29 | 150,153","producerifg":1,"producerunw":1,"produceroff":1,"producegunw":1,"producegoff":1,"producerslc":1,"producegslc":1,"producegcov":1,"producesmst":0,"passdirection":"Ascending","unique_radar_mode_list":"150, 153","unique_radar_mode_mnemonic_list":"L:SCI:SH:77M+---:HS:B4:D02, L:SCI:SV:05W+---:FS:B4:D09","number_combos":1,"mode_change":"no","radar_mode_combination_1":"150,153","radar_mode_combination_2":null,"radar_mode_combination_3":null,"radar_mode_combination_4":null,"radar_mode_combination_5":null,"radar_mode_combination_6":null,"radar_mode_combination_7":null,"radar_mode_combination_8":null,"radar_mode_combination_9":null,"radar_mode_mnemonic_combination_1":"L:SCI:SH:77M+---:HS:B4:D02,L:SCI:SV:05W+---:FS:B4:D09","radar_mode_mnemonic_combination_2":null,"radar_mode_mnemonic_combination_3":null,"radar_mode_mnemonic_combination_4":null,"radar_mode_mnemonic_combination_5":null,"radar_mode_mnemonic_combination_6":null,"radar_mode_mnemonic_combination_7":null,"radar_mode_mnemonic_combination_8":null,"radar_mode_mnemonic_combination_9":null,"date_cycle_popup":"2025-09-29 | Cycle A\n2025-10-11 | Cycle A\n2025-10-23 | Cycle A\n2025-11-04 | Cycle A\n2025-11-16 | Cycle A\n2025-11-28 | Cycle A\n2025-12-10 | Cycle A\n2025-12-22 | Cycle A\n2026-01-03 | Cycle A\n2026-01-15 | Cycle A\n2026-01-27 | Cycle A\n2026-02-08 | Cycle A\n2026-02-20 | Cycle A\n2026-03-04 | Cycle A\n2026-03-16 | Cycle A\n2026-03-28 | Cycle A\n2026-04-09 | Cycle A\n2026-04-21 | Cycle A\n2026-05-03 | Cycle A\n2026-05-15 | Cycle A\n2026-05-27 | Cycle A\n2026-06-08 | Cycle A\n2026-06-20 | Cycle A\n2026-07-02 | Cycle A\n2026-07-14 | Cycle A\n2026-07-26 | Cycle A\n2026-08-07 | Cycle A\n2026-08-19 | Cycle A\n2026-08-31 | Cycle A\n2026-09-12 | Cycle A\n2026-09-24 | Cycle A\n2026-10-06 | Cycle A\n2026-10-18 | Cycle A\n2026-10-30 | Cycle A\n2026-11-11 | Cycle A\n2026-11-23 | Cycle A\n2026-12-05 | Cycle A\n2026-12-17 | Cycle A\n2026-12-29 | Cycle A","mixed_mode":"yes","l_band":"yes","ls_band":"no","s_band":"no","SH":1,"SV":1,"DH":0,"DV":0,"QP":0,"CP":0,"QD":0,"QQ":0,"bw_40":"no","bw_20":"no","bw_77":"yes","bw_max_5":"yes","visualization":"F1","Shape__Area":829498330542,"Shape__Length":3644350.881218378,"tracks":92,"frames":141}},{"type":"Feature","id":4636,"geometry":{"type":"Polygon","coordinates":[[[-98.533215776,-71.906058305],[-98.786080682,-71.363310582],[-99.028953277,-70.8203402469999],[-95.62229204,-70.623134395],[-94.325136506,-70.530156245],[-92.203552867,-70.356017557],[-91.7765376629999,-70.891233965],[-91.329164765,-71.425626784],[-90.859654254,-71.9591284639999],[-90.366018128,-72.4916632169999],[-92.7283062079999,-72.680302087],[-94.176893676,-72.780524649],[-97.993670132,-72.990826515],[-98.2694281729999,-72.448569059],[-98.533215776,-71.906058305]]]},"properties":{"fid":4636,"track":62,"frame":142,"dates":"2025-09-27, 2025-10-09, 2025-10-21, 2025-11-02, 2025-11-14, 2025-11-26, 2025-12-08, 2025-12-20, 2026-01-01, 2026-01-13, 2026-01-25, 2026-02-06, 2026-02-18, 2026-03-02, 2026-03-14, 2026-03-26, 2026-04-07, 2026-04-19, 2026-05-01, 2026-05-13, 2026-05-25, 2026-06-06, 2026-06-18, 2026-06-30, 2026-07-12, 2026-07-24, 2026-08-05, 2026-08-17, 2026-08-29, 2026-09-10, 2026-09-22, 2026-10-04, 2026-10-16, 2026-10-28, 2026-11-09, 2026-11-21, 2026-12-03, 2026-12-15, 2026-12-27","acquisition_time":"12:50:52","date_mode_popup":"2025-09-27 | 150,153\n2025-10-09 | 150,153\n2025-10-21 | 150,153\n2025-11-02 | 150,153\n2025-11-14 | 150,153\n2025-11-26 | 150,153\n2025-12-08 | 150,153\n2025-12-20 | 150,153\n2026-01-01 | 150,153\n2026-01-13 | 150,153\n2026-01-25 | 150,153\n2026-02-06 | 150,153\n2026-02-18 | 150,153\n2026-03-02 | 246,76,153\n2026-03-14 | 246,76,153\n2026-03-26 | 150,153\n2026-04-07 | 150,153\n2026-04-19 | 150,153\n2026-05-01 | 150,153\n2026-05-13 | 150,153\n2026-05-25 | 150,153\n2026-06-06 | 150,153\n2026-06-18 | 150,153\n2026-06-30 | 150,153\n2026-07-12 | 150,153\n2026-07-24 | 150,153\n2026-08-05 | 150,153\n2026-08-17 | 150,153\n2026-08-29 | 246,76,153\n2026-09-10 | 246,76,153\n2026-09-22 | 150,153\n2026-10-04 | 150,153\n2026-10-16 | 150,153\n2026-10-28 | 150,153\n2026-11-09 | 150,153\n2026-11-21 | 150,153\n2026-12-03 | 150,153\n2026-12-15 | 150,153\n2026-12-27 | 150,153","producerifg":1,"producerunw":1,"produceroff":1,"producegunw":1,"producegoff":1,"producerslc":1,"producegslc":1,"producegcov":1,"producesmst":0,"passdirection":"Ascending","unique_radar_mode_list":"150, 153, 246, 76","unique_radar_mode_mnemonic_list":"L:SCI:SH:77M+---:HS:B4:D02, L:SCI:SH:77M+---:HS:B4:D02  S:--:SH:37W:B4, L:SCI:SV:05W+---:FS:B4:D09, S:DB:SH:37W:B4:D10","number_combos":2,"mode_change":"yes","radar_mode_combination_1":"150,153","radar_mode_combination_2":"246,76,153","radar_mode_combination_3":null,"radar_mode_combination_4":null,"radar_mode_combination_5":null,"radar_mode_combination_6":null,"radar_mode_combination_7":null,"radar_mode_combination_8":null,"radar_mode_combination_9":null,"radar_mode_mnemonic_combination_1":"L:SCI:SH:77M+---:HS:B4:D02,L:SCI:SV:05W+---:FS:B4:D09","radar_mode_mnemonic_combination_2":"L:SCI:SH:77M+---:HS:B4:D02  S:--:SH:37W:B4,S:DB:SH:37W:B4:D10,L:SCI:SV:05W+---:FS:B4:D09","radar_mode_mnemonic_combination_3":null,"radar_mode_mnemonic_combination_4":null,"radar_mode_mnemonic_combination_5":null,"radar_mode_mnemonic_combination_6":null,"radar_mode_mnemonic_combination_7":null,"radar_mode_mnemonic_combination_8":null,"radar_mode_mnemonic_combination_9":null,"date_cycle_popup":"2025-09-27 | Cycle A\n2025-10-09 | Cycle A\n2025-10-21 | Cycle A\n2025-11-02 | Cycle A\n2025-11-14 | Cycle A\n2025-11-26 | Cycle A\n2025-12-08 | Cycle A\n2025-12-20 | Cycle A\n2026-01-01 | Cycle A\n2026-01-13 | Cycle A\n2026-01-25 | Cycle A\n2026-02-06 | Cycle A\n2026-02-18 | Cycle A\n2026-03-02 | Cycle B\n2026-03-14 | Cycle B\n2026-03-26 | Cycle A\n2026-04-07 | Cycle A\n2026-04-19 | Cycle A\n2026-05-01 | Cycle A\n2026-05-13 | Cycle A\n2026-05-25 | Cycle A\n2026-06-06 | Cycle A\n2026-06-18 | Cycle A\n2026-06-30 | Cycle A\n2026-07-12 | Cycle A\n2026-07-24 | Cycle A\n2026-08-05 | Cycle A\n2026-08-17 | Cycle A\n2026-08-29 | Cycle B\n2026-09-10 | Cycle B\n2026-09-22 | Cycle A\n2026-10-04 | Cycle A\n2026-10-16 | Cycle A\n2026-10-28 | Cycle A\n2026-11-09 | Cycle A\n2026-11-21 | Cycle A\n2026-12-03 | Cycle A\n2026-12-15 | Cycle A\n2026-12-27 | Cycle A","mixed_mode":"yes","l_band":"yes","ls_band":"yes","s_band":"no","SH":1,"SV":1,"DH":0,"DV":0,"QP":0,"CP":0,"QD":0,"QQ":0,"bw_40":"no","bw_20":"no","bw_77":"yes","bw_max_5":"yes","visualization":"S1","Shape__Area":642510043785.78125,"Shape__Length":3207861.5930515286,"tracks":62,"frames":142}},{"type":"Feature","id":11271,"geometry":{"type":"Polygon","coordinates":[[[-95.6808103019999,-73.4287502079999],[-95.9735623399999,-72.874154515],[-92.181374593,-72.6646809809999],[-90.74182252,-72.564907804],[-88.393832329,-72.377160136],[-87.867492558,-72.921178346],[-87.311473618,-73.464014617],[-86.722821514,-74.0055548019999],[-86.098189632,-74.545668856],[-88.750682363,-74.752923003],[-90.383862833,-74.862608498],[-94.7065562399999,-75.090616484],[-95.0490255019999,-74.5370087599999],[-95.373164951,-73.983043477],[-95.6808103019999,-73.4287502079999]]]},"properties":{"fid":11271,"track":134,"frame":141,"dates":"2025-10-02, 2025-10-14, 2025-10-26, 2025-11-07, 2025-11-19, 2025-12-01, 2025-12-13, 2025-12-25, 2026-01-06, 2026-01-18, 2026-01-30, 2026-02-11, 2026-02-23, 2026-03-07, 2026-03-19, 2026-03-31, 2026-04-12, 2026-04-24, 2026-05-06, 2026-05-18, 2026-05-30, 2026-06-11, 2026-06-23, 2026-07-05, 2026-07-17, 2026-07-29, 2026-08-10, 2026-08-22, 2026-09-03, 2026-09-15, 2026-09-27, 2026-10-09, 2026-10-21, 2026-11-02, 2026-11-14, 2026-11-26, 2026-12-08, 2026-12-20","acquisition_time":"12:45:48","date_mode_popup":"2025-10-02 | 150\n2025-10-14 | 150\n2025-10-26 | 150\n2025-11-07 | 150\n2025-11-19 | 150\n2025-12-01 | 150\n2025-12-13 | 150\n2025-12-25 | 150\n2026-01-06 | 150\n2026-01-18 | 150\n2026-01-30 | 150\n2026-02-11 | 150\n2026-02-23 | 150\n2026-03-07 | 150\n2026-03-19 | 150\n2026-03-31 | 150\n2026-04-12 | 150\n2026-04-24 | 150\n2026-05-06 | 150\n2026-05-18 | 150\n2026-05-30 | 150\n2026-06-11 | 150\n2026-06-23 | 150\n2026-07-05 | 150\n2026-07-17 | 150\n2026-07-29 | 150\n2026-08-10 | 150\n2026-08-22 | 150\n2026-09-03 | 150\n2026-09-15 | 150\n2026-09-27 | 150\n2026-10-09 | 150\n2026-10-21 | 150\n2026-11-02 | 150\n2026-11-14 | 150\n2026-11-26 | 150\n2026-12-08 | 150\n2026-12-20 | 150","producerifg":1,"producerunw":1,"produceroff":1,"producegunw":1,"producegoff":1,"producerslc":1,"producegslc":1,"producegcov":1,"producesmst":0,"passdirection":"Ascending","unique_radar_mode_list":"150","unique_radar_mode_mnemonic_list":"L:SCI:SH:77M+---:HS:B4:D02","number_combos":1,"mode_change":"no","radar_mode_combination_1":"150","radar_mode_combination_2":null,"radar_mode_combination_3":null,"radar_mode_combination_4":null,"radar_mode_combination_5":null,"radar_mode_combination_6":null,"radar_mode_combination_7":null,"radar_mode_combination_8":null,"radar_mode_combination_9":null,"radar_mode_mnemonic_combination_1":"L:SCI:SH:77M+---:HS:B4:D02","radar_mode_mnemonic_combination_2":null,"radar_mode_mnemonic_combination_3":null,"radar_mode_mnemonic_combination_4":null,"radar_mode_mnemonic_combination_5":null,"radar_mode_mnemonic_combination_6":null,"radar_mode_mnemonic_combination_7":null,"radar_mode_mnemonic_combination_8":null,"radar_mode_mnemonic_combination_9":null,"date_cycle_popup":"2025-10-02 | Cycle A\n2025-10-14 | Cycle A\n2025-10-26 | Cycle A\n2025-11-07 | Cycle A\n2025-11-19 | Cycle A\n2025-12-01 | Cycle A\n2025-12-13 | Cycle A\n2025-12-25 | Cycle A\n2026-01-06 | Cycle A\n2026-01-18 | Cycle A\n2026-01-30 | Cycle A\n2026-02-11 | Cycle A\n2026-02-23 | Cycle A\n2026-03-07 | Cycle A\n2026-03-19 | Cycle A\n2026-03-31 | Cycle A\n2026-04-12 | Cycle A\n2026-04-24 | Cycle A\n2026-05-06 | Cycle A\n2026-05-18 | Cycle A\n2026-05-30 | Cycle A\n2026-06-11 | Cycle A\n2026-06-23 | Cycle A\n2026-07-05 | Cycle A\n2026-07-17 | Cycle A\n2026-07-29 | Cycle A\n2026-08-10 | Cycle A\n2026-08-22 | Cycle A\n2026-09-03 | Cycle A\n2026-09-15 | Cycle A\n2026-09-27 | Cycle A\n2026-10-09 | Cycle A\n2026-10-21 | Cycle A\n2026-11-02 | Cycle A\n2026-11-14 | Cycle A\n2026-11-26 | Cycle A\n2026-12-08 | Cycle A\n2026-12-20 | Cycle A","mixed_mode":"no","l_band":"yes","ls_band":"no","s_band":"no","SH":1,"SV":0,"DH":0,"DV":0,"QP":0,"CP":0,"QD":0,"QQ":0,"bw_40":"no","bw_20":"no","bw_77":"yes","bw_max_5":"no","visualization":"F0","Shape__Area":829554790244.27344,"Shape__Length":3644478.3852975587,"tracks":134,"frames":141}},{"type":"Feature","id":729,"geometry":{"type":"Polygon","coordinates":[[[-100.699272707,-78.130559186],[-101.1919608,-77.579166261],[-101.649284877,-77.027134292],[-96.723732863,-76.776290519],[-94.8742564949999,-76.654758132],[-91.886930456,-76.424586251],[-91.0434688509999,-76.9566062379999],[-90.1347544,-77.486035068],[-89.152519754,-78.0125358029999],[-88.087125365,-78.535711406],[-91.562111648,-78.801961107],[-93.734709924,-78.942500001],[-99.5862708239999,-79.231065917],[-100.166094033,-78.681227018],[-100.699272707,-78.130559186]]]},"properties":{"fid":729,"track":19,"frame":139,"dates":"2025-09-24, 2025-10-06, 2025-10-18, 2025-10-30, 2025-11-11, 2025-11-23, 2025-12-05, 2025-12-17, 2025-12-29, 2026-01-10, 2026-01-22, 2026-02-03, 2026-02-15, 2026-02-27, 2026-03-11, 2026-03-23, 2026-04-04, 2026-04-16, 2026-04-28, 2026-05-10, 2026-05-22, 2026-06-03, 2026-06-15, 2026-06-27, 2026-07-09, 2026-07-21, 2026-08-02, 2026-08-14, 2026-08-26, 2026-09-07, 2026-09-19, 2026-10-01, 2026-10-13, 2026-10-25, 2026-11-06, 2026-11-18, 2026-11-30, 2026-12-12, 2026-12-24","acquisition_time":"13:17:48","date_mode_popup":"2025-09-24 | 150\n2025-10-06 | 150\n2025-10-18 | 150\n2025-10-30 | 150\n2025-11-11 | 150\n2025-11-23 | 150\n2025-12-05 | 150\n2025-12-17 | 150\n2025-12-29 | 150\n2026-01-10 | 150\n2026-01-22 | 150\n2026-02-03 | 150\n2026-02-15 | 150\n2026-02-27 | 150\n2026-03-11 | 150\n2026-03-23 | 150\n2026-04-04 | 150\n2026-04-16 | 150\n2026-04-28 | 150\n2026-05-10 | 150\n2026-05-22 | 150\n2026-06-03 | 150\n2026-06-15 | 150\n2026-06-27 | 150\n2026-07-09 | 150\n2026-07-21 | 150\n2026-08-02 | 150\n2026-08-14 | 150\n2026-08-26 | 150\n2026-09-07 | 150\n2026-09-19 | 150\n2026-10-01 | 150\n2026-10-13 | 150\n2026-10-25 | 150\n2026-11-06 | 150\n2026-11-18 | 150\n2026-11-30 | 150\n2026-12-12 | 150\n2026-12-24 | 150","producerifg":1,"producerunw":1,"produceroff":1,"producegunw":1,"producegoff":1,"producerslc":1,"producegslc":1,"producegcov":1,"producesmst":0,"passdirection":"Ascending","unique_radar_mode_list":"150","unique_radar_mode_mnemonic_list":"L:SCI:SH:77M+---:HS:B4:D02","number_combos":1,"mode_change":"no","radar_mode_combination_1":"150","radar_mode_combination_2":null,"radar_mode_combination_3":null,"radar_mode_combination_4":null,"radar_mode_combination_5":null,"radar_mode_combination_6":null,"radar_mode_combination_7":null,"radar_mode_combination_8":null,"radar_mode_combination_9":null,"radar_mode_mnemonic_combination_1":"L:SCI:SH:77M+---:HS:B4:D02","radar_mode_mnemonic_combination_2":null,"radar_mode_mnemonic_combination_3":null,"radar_mode_mnemonic_combination_4":null,"radar_mode_mnemonic_combination_5":null,"radar_mode_mnemonic_combination_6":null,"radar_mode_mnemonic_combination_7":null,"radar_mode_mnemonic_combination_8":null,"radar_mode_mnemonic_combination_9":null,"date_cycle_popup":"2025-09-24 | Cycle A\n2025-10-06 | Cycle A\n2025-10-18 | Cycle A\n2025-10-30 | Cycle A\n2025-11-11 | Cycle A\n2025-11-23 | Cycle A\n2025-12-05 | Cycle A\n2025-12-17 | Cycle A\n2025-12-29 | Cycle A\n2026-01-10 | Cycle A\n2026-01-22 | Cycle A\n2026-02-03 | Cycle A\n2026-02-15 | Cycle A\n2026-02-27 | Cycle A\n2026-03-11 | Cycle A\n2026-03-23 | Cycle A\n2026-04-04 | Cycle A\n2026-04-16 | Cycle A\n2026-04-28 | Cycle A\n2026-05-10 | Cycle A\n2026-05-22 | Cycle A\n2026-06-03 | Cycle A\n2026-06-15 | Cycle A\n2026-06-27 | Cycle A\n2026-07-09 | Cycle A\n2026-07-21 | Cycle A\n2026-08-02 | Cycle A\n2026-08-14 | Cycle A\n2026-08-26 | Cycle A\n2026-09-07 | Cycle A\n2026-09-19 | Cycle A\n2026-10-01 | Cycle A\n2026-10-13 | Cycle A\n2026-10-25 | Cycle A\n2026-11-06 | Cycle A\n2026-11-18 | Cycle A\n2026-11-30 | Cycle A\n2026-12-12 | Cycle A\n2026-12-24 | Cycle A","mixed_mode":"no","l_band":"yes","ls_band":"no","s_band":"no","SH":1,"SV":0,"DH":0,"DV":0,"QP":0,"CP":0,"QD":0,"QQ":0,"bw_40":"no","bw_20":"no","bw_77":"yes","bw_max_5":"no","visualization":"F0","Shape__Area":1470938229794.5781,"Shape__Length":4854028.8253322151,"tracks":19,"frames":139}},{"type":"Feature","id":8758,"geometry":{"type":"Polygon","coordinates":[[[-140.198856189,-75.517623595],[-140.5506874,-74.97476134],[-136.260324834,-74.7477453989999],[-134.638885484,-74.638612205],[-132.004768207,-74.432460992],[-131.361505188,-74.961177844],[-130.676754934,-75.488252413],[-129.945972605,-76.013504986],[-129.163952755,-76.536728286],[-132.173354525,-76.7685654539999],[-134.037261866,-76.890976965],[-139.003567003,-77.143587203],[-139.428111593,-76.6020829679999],[-139.82553083,-76.060078384],[-140.198856189,-75.517623595]]]},"properties":{"fid":8758,"track":107,"frame":140,"dates":"2025-09-30, 2025-10-12, 2025-10-24, 2025-11-05, 2025-11-17, 2025-11-29, 2025-12-11, 2025-12-23, 2026-01-04, 2026-01-16, 2026-01-28, 2026-02-09, 2026-02-21, 2026-03-05, 2026-03-17, 2026-03-29, 2026-04-10, 2026-04-22, 2026-05-04, 2026-05-16, 2026-05-28, 2026-06-09, 2026-06-21, 2026-07-03, 2026-07-15, 2026-07-27, 2026-08-08, 2026-08-20, 2026-09-01, 2026-09-13, 2026-09-25, 2026-10-07, 2026-10-19, 2026-10-31, 2026-11-12, 2026-11-24, 2026-12-06, 2026-12-18, 2026-12-30","acquisition_time":"15:49:00","date_mode_popup":"2025-09-30 | 150\n2025-10-12 | 150\n2025-10-24 | 150\n2025-11-05 | 150\n2025-11-17 | 150\n2025-11-29 | 150\n2025-12-11 | 150\n2025-12-23 | 150\n2026-01-04 | 150\n2026-01-16 | 150\n2026-01-28 | 150\n2026-02-09 | 150\n2026-02-21 | 150\n2026-03-05 | 150\n2026-03-17 | 150\n2026-03-29 | 150\n2026-04-10 | 150\n2026-04-22 | 150\n2026-05-04 | 150\n2026-05-16 | 150\n2026-05-28 | 150\n2026-06-09 | 150\n2026-06-21 | 150\n2026-07-03 | 150\n2026-07-15 | 150\n2026-07-27 | 150\n2026-08-08 | 150\n2026-08-20 | 150\n2026-09-01 | 150\n2026-09-13 | 150\n2026-09-25 | 150\n2026-10-07 | 150\n2026-10-19 | 150\n2026-10-31 | 150\n2026-11-12 | 150\n2026-11-24 | 150\n2026-12-06 | 150\n2026-12-18 | 150\n2026-12-30 | 150","producerifg":1,"producerunw":1,"produceroff":1,"producegunw":1,"producegoff":1,"producerslc":1,"producegslc":1,"producegcov":1,"producesmst":0,"passdirection":"Ascending","unique_radar_mode_list":"150","unique_radar_mode_mnemonic_list":"L:SCI:SH:77M+---:HS:B4:D02","number_combos":1,"mode_change":"no","radar_mode_combination_1":"150","radar_mode_combination_2":null,"radar_mode_combination_3":null,"radar_mode_combination_4":null,"radar_mode_combination_5":null,"radar_mode_combination_6":null,"radar_mode_combination_7":null,"radar_mode_combination_8":null,"radar_mode_combination_9":null,"radar_mode_mnemonic_combination_1":"L:SCI:SH:77M+---:HS:B4:D02","radar_mode_mnemonic_combination_2":null,"radar_mode_mnemonic_combination_3":null,"radar_mode_mnemonic_combination_4":null,"radar_mode_mnemonic_combination_5":null,"radar_mode_mnemonic_combination_6":null,"radar_mode_mnemonic_combination_7":null,"radar_mode_mnemonic_combination_8":null,"radar_mode_mnemonic_combination_9":null,"date_cycle_popup":"2025-09-30 | Cycle A\n2025-10-12 | Cycle A\n2025-10-24 | Cycle A\n2025-11-05 | Cycle A\n2025-11-17 | Cycle A\n2025-11-29 | Cycle A\n2025-12-11 | Cycle A\n2025-12-23 | Cycle A\n2026-01-04 | Cycle A\n2026-01-16 | Cycle A\n2026-01-28 | Cycle A\n2026-02-09 | Cycle A\n2026-02-21 | Cycle A\n2026-03-05 | Cycle A\n2026-03-17 | Cycle A\n2026-03-29 | Cycle A\n2026-04-10 | Cycle A\n2026-04-22 | Cycle A\n2026-05-04 | Cycle A\n2026-05-16 | Cycle A\n2026-05-28 | Cycle A\n2026-06-09 | Cycle A\n2026-06-21 | Cycle A\n2026-07-03 | Cycle A\n2026-07-15 | Cycle A\n2026-07-27 | Cycle A\n2026-08-08 | Cycle A\n2026-08-20 | Cycle A\n2026-09-01 | Cycle A\n2026-09-13 | Cycle A\n2026-09-25 | Cycle A\n2026-10-07 | Cycle A\n2026-10-19 | Cycle A\n2026-10-31 | Cycle A\n2026-11-12 | Cycle A\n2026-11-24 | Cycle A\n2026-12-06 | Cycle A\n2026-12-18 | Cycle A\n2026-12-30 | Cycle A","mixed_mode":"no","l_band":"yes","ls_band":"no","s_band":"no","SH":1,"SV":0,"DH":0,"DV":0,"QP":0,"CP":0,"QD":0,"QQ":0,"bw_40":"no","bw_20":"no","bw_77":"yes","bw_max_5":"no","visualization":"F0","Shape__Area":1060730029866.0625,"Shape__Length":4122177.3037658106,"tracks":107,"frames":140}},{"type":"Feature","id":1974,"geometry":{"type":"Polygon","coordinates":[[[-93.600069653,-73.428716895],[-93.892822591,-72.874122128],[-90.100662071,-72.664653012],[-88.6611194549999,-72.564881757],[-86.3131436369999,-72.377137504],[-85.786807741,-72.9211550539999],[-85.230792945,-73.4639907279999],[-84.642145319,-74.005530354],[-84.017518272,-74.545643903],[-86.6699908699999,-74.752894123],[-88.303157987,-74.862577446],[-92.625812686,-75.0905806],[-92.968282941,-74.536973705],[-93.292423358,-73.9830092839999],[-93.600069653,-73.428716895]]]},"properties":{"fid":1974,"track":33,"frame":141,"dates":"2025-09-25, 2025-10-07, 2025-10-19, 2025-10-31, 2025-11-12, 2025-11-24, 2025-12-06, 2025-12-18, 2025-12-30, 2026-01-11, 2026-01-23, 2026-02-04, 2026-02-16, 2026-02-28, 2026-03-12, 2026-03-24, 2026-04-05, 2026-04-17, 2026-04-29, 2026-05-11, 2026-05-23, 2026-06-04, 2026-06-16, 2026-06-28, 2026-07-10, 2026-07-22, 2026-08-03, 2026-08-15, 2026-08-27, 2026-09-08, 2026-09-20, 2026-10-02, 2026-10-14, 2026-10-26, 2026-11-07, 2026-11-19, 2026-12-01, 2026-12-13, 2026-12-25","acquisition_time":"12:35:36","date_mode_popup":"2025-09-25 | 150\n2025-10-07 | 150\n2025-10-19 | 150\n2025-10-31 | 150\n2025-11-12 | 150\n2025-11-24 | 150\n2025-12-06 | 150\n2025-12-18 | 150\n2025-12-30 | 150\n2026-01-11 | 150\n2026-01-23 | 150\n2026-02-04 | 150\n2026-02-16 | 150\n2026-02-28 | 246\n2026-03-12 | 246\n2026-03-24 | 150\n2026-04-05 | 150\n2026-04-17 | 150\n2026-04-29 | 150\n2026-05-11 | 150\n2026-05-23 | 150\n2026-06-04 | 150\n2026-06-16 | 150\n2026-06-28 | 150\n2026-07-10 | 150\n2026-07-22 | 150\n2026-08-03 | 150\n2026-08-15 | 150\n2026-08-27 | 246\n2026-09-08 | 246\n2026-09-20 | 150\n2026-10-02 | 150\n2026-10-14 | 150\n2026-10-26 | 150\n2026-11-07 | 150\n2026-11-19 | 150\n2026-12-01 | 150\n2026-12-13 | 150\n2026-12-25 | 150","producerifg":1,"producerunw":1,"produceroff":1,"producegunw":1,"producegoff":1,"producerslc":1,"producegslc":1,"producegcov":1,"producesmst":0,"passdirection":"Ascending","unique_radar_mode_list":"150, 246","unique_radar_mode_mnemonic_list":"L:SCI:SH:77M+---:HS:B4:D02, L:SCI:SH:77M+---:HS:B4:D02  S:--:SH:37W:B4","number_combos":2,"mode_change":"yes","radar_mode_combination_1":"150","radar_mode_combination_2":"246","radar_mode_combination_3":null,"radar_mode_combination_4":null,"radar_mode_combination_5":null,"radar_mode_combination_6":null,"radar_mode_combination_7":null,"radar_mode_combination_8":null,"radar_mode_combination_9":null,"radar_mode_mnemonic_combination_1":"L:SCI:SH:77M+---:HS:B4:D02","radar_mode_mnemonic_combination_2":"L:SCI:SH:77M+---:HS:B4:D02  S:--:SH:37W:B4","radar_mode_mnemonic_combination_3":null,"radar_mode_mnemonic_combination_4":null,"radar_mode_mnemonic_combination_5":null,"radar_mode_mnemonic_combination_6":null,"radar_mode_mnemonic_combination_7":null,"radar_mode_mnemonic_combination_8":null,"radar_mode_mnemonic_combination_9":null,"date_cycle_popup":"2025-09-25 | Cycle A\n2025-10-07 | Cycle A\n2025-10-19 | Cycle A\n2025-10-31 | Cycle A\n2025-11-12 | Cycle A\n2025-11-24 | Cycle A\n2025-12-06 | Cycle A\n2025-12-18 | Cycle A\n2025-12-30 | Cycle A\n2026-01-11 | Cycle A\n2026-01-23 | Cycle A\n2026-02-04 | Cycle A\n2026-02-16 | Cycle A\n2026-02-28 | Cycle B\n2026-03-12 | Cycle B\n2026-03-24 | Cycle A\n2026-04-05 | Cycle A\n2026-04-17 | Cycle A\n2026-04-29 | Cycle A\n2026-05-11 | Cycle A\n2026-05-23 | Cycle A\n2026-06-04 | Cycle A\n2026-06-16 | Cycle A\n2026-06-28 | Cycle A\n2026-07-10 | Cycle A\n2026-07-22 | Cycle A\n2026-08-03 | Cycle A\n2026-08-15 | Cycle A\n2026-08-27 | Cycle B\n2026-09-08 | Cycle B\n2026-09-20 | Cycle A\n2026-10-02 | Cycle A\n2026-10-14 | Cycle A\n2026-10-26 | Cycle A\n2026-11-07 | Cycle A\n2026-11-19 | Cycle A\n2026-12-01 | Cycle A\n2026-12-13 | Cycle A\n2026-12-25 | Cycle A","mixed_mode":"no","l_band":"yes","ls_band":"yes","s_band":"no","SH":1,"SV":0,"DH":0,"DV":0,"QP":0,"CP":0,"QD":0,"QQ":0,"bw_40":"no","bw_20":"no","bw_77":"yes","bw_max_5":"no","visualization":"S0","Shape__Area":829545235048.625,"Shape__Length":3644457.2070514755,"tracks":33,"frames":141}},{"type":"Feature","id":11357,"geometry":{"type":"Polygon","coordinates":[[[-119.396830163,-75.5172272419999],[-119.748360158,-74.974383438],[-115.45748687,-74.747477025],[-113.835845435,-74.6383809869999],[-111.201390135,-74.432285082],[-110.558389501,-74.960992259],[-109.873921319,-75.488058554],[-109.143442908,-76.013304424],[-108.361751304,-76.53652277],[-111.371558724,-76.768294061],[-113.235705683,-76.890661205],[-118.202601241,-77.143140424],[-118.626763015,-76.601652079],[-119.023830017,-76.059664336],[-119.396830163,-75.5172272419999]]]},"properties":{"fid":11357,"track":135,"frame":140,"dates":"2025-10-02, 2025-10-14, 2025-10-26, 2025-11-07, 2025-11-19, 2025-12-01, 2025-12-13, 2025-12-25, 2026-01-06, 2026-01-18, 2026-01-30, 2026-02-11, 2026-02-23, 2026-03-07, 2026-03-19, 2026-03-31, 2026-04-12, 2026-04-24, 2026-05-06, 2026-05-18, 2026-05-30, 2026-06-11, 2026-06-23, 2026-07-05, 2026-07-17, 2026-07-29, 2026-08-10, 2026-08-22, 2026-09-03, 2026-09-15, 2026-09-27, 2026-10-09, 2026-10-21, 2026-11-02, 2026-11-14, 2026-11-26, 2026-12-08, 2026-12-20","acquisition_time":"14:15:16, 14:21:48, 14:15:04","date_mode_popup":"2025-10-02 | 150\n2025-10-14 | 150\n2025-10-26 | 150\n2025-11-07 | 150\n2025-11-19 | 150\n2025-12-01 | 150\n2025-12-13 | 150\n2025-12-25 | 150\n2026-01-06 | 150\n2026-01-18 | 150\n2026-01-30 | 150\n2026-02-11 | 150\n2026-02-23 | 246\n2026-03-07 | 246\n2026-03-19 | 150\n2026-03-31 | 150\n2026-04-12 | 150\n2026-04-24 | 150\n2026-05-06 | 150\n2026-05-18 | 150\n2026-05-30 | 150\n2026-06-11 | 150\n2026-06-23 | 150\n2026-07-05 | 150\n2026-07-17 | 150\n2026-07-29 | 150\n2026-08-10 | 150\n2026-08-22 | 246\n2026-09-03 | 246\n2026-09-15 | 150\n2026-09-27 | 150\n2026-10-09 | 150\n2026-10-21 | 150\n2026-11-02 | 150\n2026-11-14 | 150\n2026-11-26 | 150\n2026-12-08 | 150\n2026-12-20 | 150","producerifg":1,"producerunw":1,"produceroff":1,"producegunw":1,"producegoff":1,"producerslc":1,"producegslc":1,"producegcov":1,"producesmst":0,"passdirection":"Ascending","unique_radar_mode_list":"150, 246","unique_radar_mode_mnemonic_list":"L:SCI:SH:77M+---:HS:B4:D02, L:SCI:SH:77M+---:HS:B4:D02  S:--:SH:37W:B4","number_combos":2,"mode_change":"yes","radar_mode_combination_1":"150","radar_mode_combination_2":"246","radar_mode_combination_3":null,"radar_mode_combination_4":null,"radar_mode_combination_5":null,"radar_mode_combination_6":null,"radar_mode_combination_7":null,"radar_mode_combination_8":null,"radar_mode_combination_9":null,"radar_mode_mnemonic_combination_1":"L:SCI:SH:77M+---:HS:B4:D02","radar_mode_mnemonic_combination_2":"L:SCI:SH:77M+---:HS:B4:D02  S:--:SH:37W:B4","radar_mode_mnemonic_combination_3":null,"radar_mode_mnemonic_combination_4":null,"radar_mode_mnemonic_combination_5":null,"radar_mode_mnemonic_combination_6":null,"radar_mode_mnemonic_combination_7":null,"radar_mode_mnemonic_combination_8":null,"radar_mode_mnemonic_combination_9":null,"date_cycle_popup":"2025-10-02 | Cycle A\n2025-10-14 | Cycle A\n2025-10-26 | Cycle A\n2025-11-07 | Cycle A\n2025-11-19 | Cycle A\n2025-12-01 | Cycle A\n2025-12-13 | Cycle A\n2025-12-25 | Cycle A\n2026-01-06 | Cycle A\n2026-01-18 | Cycle A\n2026-01-30 | Cycle A\n2026-02-11 | Cycle A\n2026-02-23 | Cycle B\n2026-03-07 | Cycle B\n2026-03-19 | Cycle A\n2026-03-31 | Cycle A\n2026-04-12 | Cycle A\n2026-04-24 | Cycle A\n2026-05-06 | Cycle A\n2026-05-18 | Cycle A\n2026-05-30 | Cycle A\n2026-06-11 | Cycle A\n2026-06-23 | Cycle A\n2026-07-05 | Cycle A\n2026-07-17 | Cycle A\n2026-07-29 | Cycle A\n2026-08-10 | Cycle A\n2026-08-22 | Cycle B\n2026-09-03 | Cycle B\n2026-09-15 | Cycle A\n2026-09-27 | Cycle A\n2026-10-09 | Cycle A\n2026-10-21 | Cycle A\n2026-11-02 | Cycle A\n2026-11-14 | Cycle A\n2026-11-26 | Cycle A\n2026-12-08 | Cycle A\n2026-12-20 | Cycle A","mixed_mode":"no","l_band":"yes","ls_band":"yes","s_band":"no","SH":1,"SV":0,"DH":0,"DV":0,"QP":0,"CP":0,"QD":0,"QQ":0,"bw_40":"no","bw_20":"no","bw_77":"yes","bw_max_5":"no","visualization":"S0","Shape__Area":1060747272987.0469,"Shape__Length":4122218.8475390514,"tracks":135,"frames":140}},{"type":"Feature","id":2701,"geometry":{"type":"Polygon","coordinates":[[[-123.828405279,-76.059002242],[-124.225647329,-76.600970031],[-124.64999572,-77.1424382449999],[-129.615120432,-76.8899813],[-131.478632923,-76.767637776],[-134.487456317,-76.5359222399999],[-133.705766457,-76.012720663],[-132.975285926,-75.487491795],[-132.290812486,-74.960442718],[-131.647804077,-74.431752977],[-129.014148661,-74.637801125],[-127.39301764,-74.746876545],[-123.103555727,-74.973760887],[-123.455240616,-75.516584964],[-123.828405279,-76.059002242]]]},"properties":{"fid":2701,"track":41,"frame":126,"dates":"2025-09-26, 2025-10-08, 2025-10-20, 2025-11-01, 2025-11-13, 2025-11-25, 2025-12-07, 2025-12-19, 2025-12-31, 2026-01-12, 2026-01-24, 2026-02-05, 2026-02-17, 2026-03-01, 2026-03-13, 2026-03-25, 2026-04-06, 2026-04-18, 2026-04-30, 2026-05-12, 2026-05-24, 2026-06-05, 2026-06-17, 2026-06-29, 2026-07-11, 2026-07-23, 2026-08-04, 2026-08-16, 2026-08-28, 2026-09-09, 2026-09-21, 2026-10-03, 2026-10-15, 2026-10-27, 2026-11-08, 2026-11-20, 2026-12-02, 2026-12-14, 2026-12-26","acquisition_time":"01:48:16","date_mode_popup":"2025-09-26 | 150\n2025-10-08 | 150\n2025-10-20 | 150\n2025-11-01 | 150\n2025-11-13 | 150\n2025-11-25 | 150\n2025-12-07 | 150\n2025-12-19 | 150\n2025-12-31 | 150\n2026-01-12 | 150\n2026-01-24 | 150\n2026-02-05 | 150\n2026-02-17 | 150\n2026-03-01 | 150\n2026-03-13 | 150\n2026-03-25 | 150\n2026-04-06 | 150\n2026-04-18 | 150\n2026-04-30 | 150\n2026-05-12 | 150\n2026-05-24 | 150\n2026-06-05 | 150\n2026-06-17 | 150\n2026-06-29 | 150\n2026-07-11 | 150\n2026-07-23 | 150\n2026-08-04 | 150\n2026-08-16 | 150\n2026-08-28 | 150\n2026-09-09 | 150\n2026-09-21 | 150\n2026-10-03 | 150\n2026-10-15 | 150\n2026-10-27 | 150\n2026-11-08 | 150\n2026-11-20 | 150\n2026-12-02 | 150\n2026-12-14 | 150\n2026-12-26 | 150","producerifg":1,"producerunw":1,"produceroff":1,"producegunw":1,"producegoff":1,"producerslc":1,"producegslc":1,"producegcov":1,"producesmst":0,"passdirection":"Descending","unique_radar_mode_list":"150","unique_radar_mode_mnemonic_list":"L:SCI:SH:77M+---:HS:B4:D02","number_combos":1,"mode_change":"no","radar_mode_combination_1":"150","radar_mode_combination_2":null,"radar_mode_combination_3":null,"radar_mode_combination_4":null,"radar_mode_combination_5":null,"radar_mode_combination_6":null,"radar_mode_combination_7":null,"radar_mode_combination_8":null,"radar_mode_combination_9":null,"radar_mode_mnemonic_combination_1":"L:SCI:SH:77M+---:HS:B4:D02","radar_mode_mnemonic_combination_2":null,"radar_mode_mnemonic_combination_3":null,"radar_mode_mnemonic_combination_4":null,"radar_mode_mnemonic_combination_5":null,"radar_mode_mnemonic_combination_6":null,"radar_mode_mnemonic_combination_7":null,"radar_mode_mnemonic_combination_8":null,"radar_mode_mnemonic_combination_9":null,"date_cycle_popup":"2025-09-26 | Cycle A\n2025-10-08 | Cycle A\n2025-10-20 | Cycle A\n2025-11-01 | Cycle A\n2025-11-13 | Cycle A\n2025-11-25 | Cycle A\n2025-12-07 | Cycle A\n2025-12-19 | Cycle A\n2025-12-31 | Cycle A\n2026-01-12 | Cycle A\n2026-01-24 | Cycle A\n2026-02-05 | Cycle A\n2026-02-17 | Cycle A\n2026-03-01 | Cycle A\n2026-03-13 | Cycle A\n2026-03-25 | Cycle A\n2026-04-06 | Cycle A\n2026-04-18 | Cycle A\n2026-04-30 | Cycle A\n2026-05-12 | Cycle A\n2026-05-24 | Cycle A\n2026-06-05 | Cycle A\n2026-06-17 | Cycle A\n2026-06-29 | Cycle A\n2026-07-11 | Cycle A\n2026-07-23 | Cycle A\n2026-08-04 | Cycle A\n2026-08-16 | Cycle A\n2026-08-28 | Cycle A\n2026-09-09 | Cycle A\n2026-09-21 | Cycle A\n2026-10-03 | Cycle A\n2026-10-15 | Cycle A\n2026-10-27 | Cycle A\n2026-11-08 | Cycle A\n2026-11-20 | Cycle A\n2026-12-02 | Cycle A\n2026-12-14 | Cycle A\n2026-12-26 | Cycle A","mixed_mode":"no","l_band":"yes","ls_band":"no","s_band":"no","SH":1,"SV":0,"DH":0,"DV":0,"QP":0,"CP":0,"QD":0,"QQ":0,"bw_40":"no","bw_20":"no","bw_77":"yes","bw_max_5":"no","visualization":"F0","Shape__Area":1060331892962.0938,"Shape__Length":4121398.2214394878,"tracks":41,"frames":126}},{"type":"Feature","id":12004,"geometry":{"type":"Polygon","coordinates":[[[-126.731361637,-77.1424760419999],[-131.696487855,-76.890011564],[-133.559999363,-76.767665186],[-136.568819386,-76.53594502],[-135.787112605,-76.01274403],[-135.056616378,-75.4875156539999],[-134.372128367,-74.960466997],[-133.729106391,-74.431777606],[-131.095452913,-74.637829707],[-129.474322395,-74.746907553],[-125.184859288,-74.973798269],[-125.536557951,-75.516622502],[-125.909737499,-76.059039903],[-126.306995692,-76.601007785],[-126.731361637,-77.1424760419999]]]},"properties":{"fid":12004,"track":142,"frame":126,"dates":"2025-10-03, 2025-10-15, 2025-10-27, 2025-11-08, 2025-11-20, 2025-12-02, 2025-12-14, 2025-12-26, 2026-01-07, 2026-01-19, 2026-01-31, 2026-02-12, 2026-02-24, 2026-03-08, 2026-03-20, 2026-04-01, 2026-04-13, 2026-04-25, 2026-05-07, 2026-05-19, 2026-05-31, 2026-06-12, 2026-06-24, 2026-07-06, 2026-07-18, 2026-07-30, 2026-08-11, 2026-08-23, 2026-09-04, 2026-09-16, 2026-09-28, 2026-10-10, 2026-10-22, 2026-11-03, 2026-11-15, 2026-11-27, 2026-12-09, 2026-12-21","acquisition_time":"01:56:32","date_mode_popup":"2025-10-03 | 246\n2025-10-15 | 246\n2025-10-27 | 246\n2025-11-08 | 246\n2025-11-20 | 246\n2025-12-02 | 246\n2025-12-14 | 246\n2025-12-26 | 246\n2026-01-07 | 246\n2026-01-19 | 246\n2026-01-31 | 220\n2026-02-12 | 220\n2026-02-24 | 246\n2026-03-08 | 246\n2026-03-20 | 246\n2026-04-01 | 246\n2026-04-13 | 246\n2026-04-25 | 246\n2026-05-07 | 246\n2026-05-19 | 246\n2026-05-31 | 246\n2026-06-12 | 246\n2026-06-24 | 246\n2026-07-06 | 246\n2026-07-18 | 246\n2026-07-30 | 220\n2026-08-11 | 220\n2026-08-23 | 246\n2026-09-04 | 246\n2026-09-16 | 246\n2026-09-28 | 246\n2026-10-10 | 246\n2026-10-22 | 246\n2026-11-03 | 246\n2026-11-15 | 246\n2026-11-27 | 246\n2026-12-09 | 246\n2026-12-21 | 246","producerifg":1,"producerunw":1,"produceroff":1,"producegunw":1,"producegoff":1,"producerslc":1,"producegslc":1,"producegcov":1,"producesmst":0,"passdirection":"Descending","unique_radar_mode_list":"220, 246","unique_radar_mode_mnemonic_list":"L:SCI:SH:77M+---:HS:B4:D02  S:--:SH:37W:B4, L:SCI:SH:77M+---:HS:B4:D02  S:DB:CP:25W:B4","number_combos":2,"mode_change":"yes","radar_mode_combination_1":"246","radar_mode_combination_2":"220","radar_mode_combination_3":null,"radar_mode_combination_4":null,"radar_mode_combination_5":null,"radar_mode_combination_6":null,"radar_mode_combination_7":null,"radar_mode_combination_8":null,"radar_mode_combination_9":null,"radar_mode_mnemonic_combination_1":"L:SCI:SH:77M+---:HS:B4:D02  S:--:SH:37W:B4","radar_mode_mnemonic_combination_2":"L:SCI:SH:77M+---:HS:B4:D02  S:DB:CP:25W:B4","radar_mode_mnemonic_combination_3":null,"radar_mode_mnemonic_combination_4":null,"radar_mode_mnemonic_combination_5":null,"radar_mode_mnemonic_combination_6":null,"radar_mode_mnemonic_combination_7":null,"radar_mode_mnemonic_combination_8":null,"radar_mode_mnemonic_combination_9":null,"date_cycle_popup":"2025-10-03 | Cycle A\n2025-10-15 | Cycle A\n2025-10-27 | Cycle A\n2025-11-08 | Cycle A\n2025-11-20 | Cycle A\n2025-12-02 | Cycle A\n2025-12-14 | Cycle A\n2025-12-26 | Cycle A\n2026-01-07 | Cycle A\n2026-01-19 | Cycle A\n2026-01-31 | Cycle B\n2026-02-12 | Cycle B\n2026-02-24 | Cycle A\n2026-03-08 | Cycle A\n2026-03-20 | Cycle A\n2026-04-01 | Cycle A\n2026-04-13 | Cycle A\n2026-04-25 | Cycle A\n2026-05-07 | Cycle A\n2026-05-19 | Cycle A\n2026-05-31 | Cycle A\n2026-06-12 | Cycle A\n2026-06-24 | Cycle A\n2026-07-06 | Cycle A\n2026-07-18 | Cycle A\n2026-07-30 | Cycle B\n2026-08-11 | Cycle B\n2026-08-23 | Cycle A\n2026-09-04 | Cycle A\n2026-09-16 | Cycle A\n2026-09-28 | Cycle A\n2026-10-10 | Cycle A\n2026-10-22 | Cycle A\n2026-11-03 | Cycle A\n2026-11-15 | Cycle A\n2026-11-27 | Cycle A\n2026-12-09 | Cycle A\n2026-12-21 | Cycle A","mixed_mode":"no","l_band":"yes","ls_band":"yes","s_band":"no","SH":1,"SV":0,"DH":0,"DV":0,"QP":0,"CP":0,"QD":0,"QQ":0,"bw_40":"no","bw_20":"no","bw_77":"yes","bw_max_5":"no","visualization":"S0","Shape__Area":1060336989607.625,"Shape__Length":4121408.0404643249,"tracks":142,"frames":126}},{"type":"Feature","id":9983,"geometry":{"type":"Polygon","coordinates":[[[-100.891011267,-74.747486997],[-99.2693503839999,-74.638391319],[-96.634864071,-74.43229547],[-95.991856952,-74.961001788],[-95.307381699,-75.4880672639999],[-94.576895569,-76.013312349],[-93.7951955299999,-76.536529937],[-96.805027378,-76.768301057],[-98.669189703,-76.890667839],[-103.63612678,-77.1431451569999],[-104.060303132,-76.601657514],[-104.457383479,-76.059670517],[-104.830395867,-75.5172342179999],[-105.181937113,-74.974391262],[-100.891011267,-74.747486997]]]},"properties":{"fid":9983,"track":120,"frame":140,"dates":"2025-10-01, 2025-10-13, 2025-10-25, 2025-11-06, 2025-11-18, 2025-11-30, 2025-12-12, 2025-12-24, 2026-01-05, 2026-01-17, 2026-01-29, 2026-02-10, 2026-02-22, 2026-03-06, 2026-03-18, 2026-03-30, 2026-04-11, 2026-04-23, 2026-05-05, 2026-05-17, 2026-05-29, 2026-06-10, 2026-06-22, 2026-07-04, 2026-07-16, 2026-07-28, 2026-08-09, 2026-08-21, 2026-09-02, 2026-09-14, 2026-09-26, 2026-10-08, 2026-10-20, 2026-11-01, 2026-11-13, 2026-11-25, 2026-12-07, 2026-12-19","acquisition_time":"13:24:40, 13:24:48, 13:27:00","date_mode_popup":"2025-10-01 | 150\n2025-10-13 | 150\n2025-10-25 | 150\n2025-11-06 | 150\n2025-11-18 | 150\n2025-11-30 | 150\n2025-12-12 | 150\n2025-12-24 | 150\n2026-01-05 | 150\n2026-01-17 | 150\n2026-01-29 | 150\n2026-02-10 | 150\n2026-02-22 | 246\n2026-03-06 | 246\n2026-03-18 | 150\n2026-03-30 | 150\n2026-04-11 | 150\n2026-04-23 | 150\n2026-05-05 | 150\n2026-05-17 | 150\n2026-05-29 | 150\n2026-06-10 | 150\n2026-06-22 | 150\n2026-07-04 | 150\n2026-07-16 | 150\n2026-07-28 | 150\n2026-08-09 | 150\n2026-08-21 | 246\n2026-09-02 | 246\n2026-09-14 | 150\n2026-09-26 | 150\n2026-10-08 | 150\n2026-10-20 | 150\n2026-11-01 | 150\n2026-11-13 | 150\n2026-11-25 | 150\n2026-12-07 | 150\n2026-12-19 | 150","producerifg":1,"producerunw":1,"produceroff":1,"producegunw":1,"producegoff":1,"producerslc":1,"producegslc":1,"producegcov":1,"producesmst":0,"passdirection":"Ascending","unique_radar_mode_list":"150, 246","unique_radar_mode_mnemonic_list":"L:SCI:SH:77M+---:HS:B4:D02, L:SCI:SH:77M+---:HS:B4:D02  S:--:SH:37W:B4","number_combos":2,"mode_change":"yes","radar_mode_combination_1":"150","radar_mode_combination_2":"246","radar_mode_combination_3":null,"radar_mode_combination_4":null,"radar_mode_combination_5":null,"radar_mode_combination_6":null,"radar_mode_combination_7":null,"radar_mode_combination_8":null,"radar_mode_combination_9":null,"radar_mode_mnemonic_combination_1":"L:SCI:SH:77M+---:HS:B4:D02","radar_mode_mnemonic_combination_2":"L:SCI:SH:77M+---:HS:B4:D02  S:--:SH:37W:B4","radar_mode_mnemonic_combination_3":null,"radar_mode_mnemonic_combination_4":null,"radar_mode_mnemonic_combination_5":null,"radar_mode_mnemonic_combination_6":null,"radar_mode_mnemonic_combination_7":null,"radar_mode_mnemonic_combination_8":null,"radar_mode_mnemonic_combination_9":null,"date_cycle_popup":"2025-10-01 | Cycle A\n2025-10-13 | Cycle A\n2025-10-25 | Cycle A\n2025-11-06 | Cycle A\n2025-11-18 | Cycle A\n2025-11-30 | Cycle A\n2025-12-12 | Cycle A\n2025-12-24 | Cycle A\n2026-01-05 | Cycle A\n2026-01-17 | Cycle A\n2026-01-29 | Cycle A\n2026-02-10 | Cycle A\n2026-02-22 | Cycle B\n2026-03-06 | Cycle B\n2026-03-18 | Cycle A\n2026-03-30 | Cycle A\n2026-04-11 | Cycle A\n2026-04-23 | Cycle A\n2026-05-05 | Cycle A\n2026-05-17 | Cycle A\n2026-05-29 | Cycle A\n2026-06-10 | Cycle A\n2026-06-22 | Cycle A\n2026-07-04 | Cycle A\n2026-07-16 | Cycle A\n2026-07-28 | Cycle A\n2026-08-09 | Cycle A\n2026-08-21 | Cycle B\n2026-09-02 | Cycle B\n2026-09-14 | Cycle A\n2026-09-26 | Cycle A\n2026-10-08 | Cycle A\n2026-10-20 | Cycle A\n2026-11-01 | Cycle A\n2026-11-13 | Cycle A\n2026-11-25 | Cycle A\n2026-12-07 | Cycle A\n2026-12-19 | Cycle A","mixed_mode":"no","l_band":"yes","ls_band":"yes","s_band":"no","SH":1,"SV":0,"DH":0,"DV":0,"QP":0,"CP":0,"QD":0,"QQ":0,"bw_40":"no","bw_20":"no","bw_77":"yes","bw_max_5":"no","visualization":"S0","Shape__Area":1060757261755.6484,"Shape__Length":4122238.5028010649,"tracks":120,"frames":140}},{"type":"Feature","id":2610,"geometry":{"type":"Polygon","coordinates":[[[-97.8586682339999,-74.536564282],[-98.201220936,-75.0901599109999],[-102.522864699,-74.8621692469999],[-104.1556659,-74.752499438],[-106.807564747,-74.545281382],[-106.182940779,-74.005177489],[-105.594294222,-73.46364759],[-105.038278812,-72.920821723],[-104.511940874,-72.376814048],[-102.164452371,-72.564529997],[-100.725218348,-72.664289176],[-96.9339050899999,-72.873745911],[-97.2267288669999,-73.428329688],[-97.5344495579999,-73.9826110119999],[-97.8586682339999,-74.536564282]]]},"properties":{"fid":2610,"track":40,"frame":125,"dates":"2025-09-26, 2025-10-08, 2025-10-20, 2025-11-01, 2025-11-13, 2025-11-25, 2025-12-07, 2025-12-19, 2025-12-31, 2026-01-12, 2026-01-24, 2026-02-05, 2026-02-17, 2026-03-01, 2026-03-13, 2026-03-25, 2026-04-06, 2026-04-18, 2026-04-30, 2026-05-12, 2026-05-24, 2026-06-05, 2026-06-17, 2026-06-29, 2026-07-11, 2026-07-23, 2026-08-04, 2026-08-16, 2026-08-28, 2026-09-09, 2026-09-21, 2026-10-03, 2026-10-15, 2026-10-27, 2026-11-08, 2026-11-20, 2026-12-02, 2026-12-14, 2026-12-26","acquisition_time":"00:07:40","date_mode_popup":"2025-09-26 | 150\n2025-10-08 | 150\n2025-10-20 | 150\n2025-11-01 | 150\n2025-11-13 | 150\n2025-11-25 | 150\n2025-12-07 | 150\n2025-12-19 | 150\n2025-12-31 | 150\n2026-01-12 | 150\n2026-01-24 | 150\n2026-02-05 | 150\n2026-02-17 | 150\n2026-03-01 | 150\n2026-03-13 | 150\n2026-03-25 | 150\n2026-04-06 | 150\n2026-04-18 | 150\n2026-04-30 | 150\n2026-05-12 | 150\n2026-05-24 | 150\n2026-06-05 | 150\n2026-06-17 | 150\n2026-06-29 | 150\n2026-07-11 | 150\n2026-07-23 | 150\n2026-08-04 | 150\n2026-08-16 | 150\n2026-08-28 | 150\n2026-09-09 | 150\n2026-09-21 | 150\n2026-10-03 | 150\n2026-10-15 | 150\n2026-10-27 | 150\n2026-11-08 | 150\n2026-11-20 | 150\n2026-12-02 | 150\n2026-12-14 | 150\n2026-12-26 | 150","producerifg":1,"producerunw":1,"produceroff":1,"producegunw":1,"producegoff":1,"producerslc":1,"producegslc":1,"producegcov":1,"producesmst":0,"passdirection":"Descending","unique_radar_mode_list":"150","unique_radar_mode_mnemonic_list":"L:SCI:SH:77M+---:HS:B4:D02","number_combos":1,"mode_change":"no","radar_mode_combination_1":"150","radar_mode_combination_2":null,"radar_mode_combination_3":null,"radar_mode_combination_4":null,"radar_mode_combination_5":null,"radar_mode_combination_6":null,"radar_mode_combination_7":null,"radar_mode_combination_8":null,"radar_mode_combination_9":null,"radar_mode_mnemonic_combination_1":"L:SCI:SH:77M+---:HS:B4:D02","radar_mode_mnemonic_combination_2":null,"radar_mode_mnemonic_combination_3":null,"radar_mode_mnemonic_combination_4":null,"radar_mode_mnemonic_combination_5":null,"radar_mode_mnemonic_combination_6":null,"radar_mode_mnemonic_combination_7":null,"radar_mode_mnemonic_combination_8":null,"radar_mode_mnemonic_combination_9":null,"date_cycle_popup":"2025-09-26 | Cycle A\n2025-10-08 | Cycle A\n2025-10-20 | Cycle A\n2025-11-01 | Cycle A\n2025-11-13 | Cycle A\n2025-11-25 | Cycle A\n2025-12-07 | Cycle A\n2025-12-19 | Cycle A\n2025-12-31 | Cycle A\n2026-01-12 | Cycle A\n2026-01-24 | Cycle A\n2026-02-05 | Cycle A\n2026-02-17 | Cycle A\n2026-03-01 | Cycle A\n2026-03-13 | Cycle A\n2026-03-25 | Cycle A\n2026-04-06 | Cycle A\n2026-04-18 | Cycle A\n2026-04-30 | Cycle A\n2026-05-12 | Cycle A\n2026-05-24 | Cycle A\n2026-06-05 | Cycle A\n2026-06-17 | Cycle A\n2026-06-29 | Cycle A\n2026-07-11 | Cycle A\n2026-07-23 | Cycle A\n2026-08-04 | Cycle A\n2026-08-16 | Cycle A\n2026-08-28 | Cycle A\n2026-09-09 | Cycle A\n2026-09-21 | Cycle A\n2026-10-03 | Cycle A\n2026-10-15 | Cycle A\n2026-10-27 | Cycle A\n2026-11-08 | Cycle A\n2026-11-20 | Cycle A\n2026-12-02 | Cycle A\n2026-12-14 | Cycle A\n2026-12-26 | Cycle A","mixed_mode":"no","l_band":"yes","ls_band":"no","s_band":"no","SH":1,"SV":0,"DH":0,"DV":0,"QP":0,"CP":0,"QD":0,"QQ":0,"bw_40":"no","bw_20":"no","bw_77":"yes","bw_max_5":"no","visualization":"F0","Shape__Area":829334381336.04688,"Shape__Length":3643989.3163130833,"tracks":40,"frames":125}},{"type":"Feature","id":9225,"geometry":{"type":"Polygon","coordinates":[[[-95.453794837,-73.982687249],[-95.778027507,-74.536642929],[-96.120595382,-75.090240928],[-100.442312689,-74.862239581],[-102.075139041,-74.752565079],[-104.727075526,-74.54533865],[-104.102430077,-74.005233218],[-103.513763614,-73.463701676],[-102.957729714,-72.92087407],[-102.431374558,-72.3768645709999],[-100.083854056,-72.564587831],[-98.644599015,-72.66435111],[-94.853225403,-72.873817226],[-95.146061198,-73.42840348],[-95.453794837,-73.982687249]]]},"properties":{"fid":9225,"track":112,"frame":125,"dates":"2025-09-30, 2025-10-12, 2025-10-24, 2025-11-05, 2025-11-17, 2025-11-29, 2025-12-11, 2025-12-23, 2026-01-04, 2026-01-16, 2026-01-28, 2026-02-09, 2026-02-21, 2026-03-05, 2026-03-17, 2026-03-29, 2026-04-10, 2026-04-22, 2026-05-04, 2026-05-16, 2026-05-28, 2026-06-09, 2026-06-21, 2026-07-03, 2026-07-15, 2026-07-27, 2026-08-08, 2026-08-20, 2026-09-01, 2026-09-13, 2026-09-25, 2026-10-07, 2026-10-19, 2026-10-31, 2026-11-12, 2026-11-24, 2026-12-06, 2026-12-18, 2026-12-30","acquisition_time":"23:59:16","date_mode_popup":"2025-09-30 | 246\n2025-10-12 | 246\n2025-10-24 | 246\n2025-11-05 | 246\n2025-11-17 | 246\n2025-11-29 | 246\n2025-12-11 | 246\n2025-12-23 | 246\n2026-01-04 | 246\n2026-01-16 | 246\n2026-01-28 | 246\n2026-02-09 | 220\n2026-02-21 | 220\n2026-03-05 | 246\n2026-03-17 | 246\n2026-03-29 | 246\n2026-04-10 | 246\n2026-04-22 | 246\n2026-05-04 | 246\n2026-05-16 | 246\n2026-05-28 | 246\n2026-06-09 | 246\n2026-06-21 | 246\n2026-07-03 | 246\n2026-07-15 | 246\n2026-07-27 | 246\n2026-08-08 | 220\n2026-08-20 | 220\n2026-09-01 | 246\n2026-09-13 | 246\n2026-09-25 | 246\n2026-10-07 | 246\n2026-10-19 | 246\n2026-10-31 | 246\n2026-11-12 | 246\n2026-11-24 | 246\n2026-12-06 | 246\n2026-12-18 | 246\n2026-12-30 | 246","producerifg":1,"producerunw":1,"produceroff":1,"producegunw":1,"producegoff":1,"producerslc":1,"producegslc":1,"producegcov":1,"producesmst":0,"passdirection":"Descending","unique_radar_mode_list":"220, 246","unique_radar_mode_mnemonic_list":"L:SCI:SH:77M+---:HS:B4:D02  S:--:SH:37W:B4, L:SCI:SH:77M+---:HS:B4:D02  S:DB:CP:25W:B4","number_combos":2,"mode_change":"yes","radar_mode_combination_1":"246","radar_mode_combination_2":"220","radar_mode_combination_3":null,"radar_mode_combination_4":null,"radar_mode_combination_5":null,"radar_mode_combination_6":null,"radar_mode_combination_7":null,"radar_mode_combination_8":null,"radar_mode_combination_9":null,"radar_mode_mnemonic_combination_1":"L:SCI:SH:77M+---:HS:B4:D02  S:--:SH:37W:B4","radar_mode_mnemonic_combination_2":"L:SCI:SH:77M+---:HS:B4:D02  S:DB:CP:25W:B4","radar_mode_mnemonic_combination_3":null,"radar_mode_mnemonic_combination_4":null,"radar_mode_mnemonic_combination_5":null,"radar_mode_mnemonic_combination_6":null,"radar_mode_mnemonic_combination_7":null,"radar_mode_mnemonic_combination_8":null,"radar_mode_mnemonic_combination_9":null,"date_cycle_popup":"2025-09-30 | Cycle A\n2025-10-12 | Cycle A\n2025-10-24 | Cycle A\n2025-11-05 | Cycle A\n2025-11-17 | Cycle A\n2025-11-29 | Cycle A\n2025-12-11 | Cycle A\n2025-12-23 | Cycle A\n2026-01-04 | Cycle A\n2026-01-16 | Cycle A\n2026-01-28 | Cycle A\n2026-02-09 | Cycle B\n2026-02-21 | Cycle B\n2026-03-05 | Cycle A\n2026-03-17 | Cycle A\n2026-03-29 | Cycle A\n2026-04-10 | Cycle A\n2026-04-22 | Cycle A\n2026-05-04 | Cycle A\n2026-05-16 | Cycle A\n2026-05-28 | Cycle A\n2026-06-09 | Cycle A\n2026-06-21 | Cycle A\n2026-07-03 | Cycle A\n2026-07-15 | Cycle A\n2026-07-27 | Cycle A\n2026-08-08 | Cycle B\n2026-08-20 | Cycle B\n2026-09-01 | Cycle A\n2026-09-13 | Cycle A\n2026-09-25 | Cycle A\n2026-10-07 | Cycle A\n2026-10-19 | Cycle A\n2026-10-31 | Cycle A\n2026-11-12 | Cycle A\n2026-11-24 | Cycle A\n2026-12-06 | Cycle A\n2026-12-18 | Cycle A\n2026-12-30 | Cycle A","mixed_mode":"no","l_band":"yes","ls_band":"yes","s_band":"no","SH":1,"SV":0,"DH":0,"DV":0,"QP":0,"CP":0,"QD":0,"QQ":0,"bw_40":"no","bw_20":"no","bw_77":"yes","bw_max_5":"no","visualization":"S0","Shape__Area":829356168087.92969,"Shape__Length":3644037.39524956,"tracks":112,"frames":125}},{"type":"Feature","id":10050,"geometry":{"type":"Polygon","coordinates":[[[-129.796159553,-75.517450082],[-130.147900063,-74.97459516],[-125.857497825,-74.7476144629999],[-124.236038821,-74.638494307],[-121.601884233,-74.432363906],[-120.958707767,-74.961076335],[-120.274050767,-75.488146921],[-119.543369169,-76.013395997],[-118.761458414,-76.536616344],[-121.770908858,-76.768428889],[-123.634840821,-76.890824896],[-128.601190529,-77.143393024],[-129.025619352,-76.601895433],[-129.422932242,-76.059897747],[-129.796159553,-75.517450082]]]},"properties":{"fid":10050,"track":121,"frame":140,"dates":"2025-10-01, 2025-10-13, 2025-10-25, 2025-11-06, 2025-11-18, 2025-11-30, 2025-12-12, 2025-12-24, 2026-01-05, 2026-01-17, 2026-01-29, 2026-02-10, 2026-02-22, 2026-03-06, 2026-03-18, 2026-03-30, 2026-04-11, 2026-04-23, 2026-05-05, 2026-05-17, 2026-05-29, 2026-06-10, 2026-06-22, 2026-07-04, 2026-07-16, 2026-07-28, 2026-08-09, 2026-08-21, 2026-09-02, 2026-09-14, 2026-09-26, 2026-10-08, 2026-10-20, 2026-11-01, 2026-11-13, 2026-11-25, 2026-12-07, 2026-12-19","acquisition_time":"15:06:08","date_mode_popup":"2025-10-01 | 150\n2025-10-13 | 150\n2025-10-25 | 150\n2025-11-06 | 150\n2025-11-18 | 150\n2025-11-30 | 150\n2025-12-12 | 150\n2025-12-24 | 150\n2026-01-05 | 150\n2026-01-17 | 150\n2026-01-29 | 150\n2026-02-10 | 150\n2026-02-22 | 150\n2026-03-06 | 150\n2026-03-18 | 150\n2026-03-30 | 150\n2026-04-11 | 150\n2026-04-23 | 150\n2026-05-05 | 150\n2026-05-17 | 150\n2026-05-29 | 150\n2026-06-10 | 150\n2026-06-22 | 150\n2026-07-04 | 150\n2026-07-16 | 150\n2026-07-28 | 150\n2026-08-09 | 150\n2026-08-21 | 150\n2026-09-02 | 150\n2026-09-14 | 150\n2026-09-26 | 150\n2026-10-08 | 150\n2026-10-20 | 150\n2026-11-01 | 150\n2026-11-13 | 150\n2026-11-25 | 150\n2026-12-07 | 150\n2026-12-19 | 150","producerifg":1,"producerunw":1,"produceroff":1,"producegunw":1,"producegoff":1,"producerslc":1,"producegslc":1,"producegcov":1,"producesmst":0,"passdirection":"Ascending","unique_radar_mode_list":"150","unique_radar_mode_mnemonic_list":"L:SCI:SH:77M+---:HS:B4:D02","number_combos":1,"mode_change":"no","radar_mode_combination_1":"150","radar_mode_combination_2":null,"radar_mode_combination_3":null,"radar_mode_combination_4":null,"radar_mode_combination_5":null,"radar_mode_combination_6":null,"radar_mode_combination_7":null,"radar_mode_combination_8":null,"radar_mode_combination_9":null,"radar_mode_mnemonic_combination_1":"L:SCI:SH:77M+---:HS:B4:D02","radar_mode_mnemonic_combination_2":null,"radar_mode_mnemonic_combination_3":null,"radar_mode_mnemonic_combination_4":null,"radar_mode_mnemonic_combination_5":null,"radar_mode_mnemonic_combination_6":null,"radar_mode_mnemonic_combination_7":null,"radar_mode_mnemonic_combination_8":null,"radar_mode_mnemonic_combination_9":null,"date_cycle_popup":"2025-10-01 | Cycle A\n2025-10-13 | Cycle A\n2025-10-25 | Cycle A\n2025-11-06 | Cycle A\n2025-11-18 | Cycle A\n2025-11-30 | Cycle A\n2025-12-12 | Cycle A\n2025-12-24 | Cycle A\n2026-01-05 | Cycle A\n2026-01-17 | Cycle A\n2026-01-29 | Cycle A\n2026-02-10 | Cycle A\n2026-02-22 | Cycle A\n2026-03-06 | Cycle A\n2026-03-18 | Cycle A\n2026-03-30 | Cycle A\n2026-04-11 | Cycle A\n2026-04-23 | Cycle A\n2026-05-05 | Cycle A\n2026-05-17 | Cycle A\n2026-05-29 | Cycle A\n2026-06-10 | Cycle A\n2026-06-22 | Cycle A\n2026-07-04 | Cycle A\n2026-07-16 | Cycle A\n2026-07-28 | Cycle A\n2026-08-09 | Cycle A\n2026-08-21 | Cycle A\n2026-09-02 | Cycle A\n2026-09-14 | Cycle A\n2026-09-26 | Cycle A\n2026-10-08 | Cycle A\n2026-10-20 | Cycle A\n2026-11-01 | Cycle A\n2026-11-13 | Cycle A\n2026-11-25 | Cycle A\n2026-12-07 | Cycle A\n2026-12-19 | Cycle A","mixed_mode":"no","l_band":"yes","ls_band":"no","s_band":"no","SH":1,"SV":0,"DH":0,"DV":0,"QP":0,"CP":0,"QD":0,"QQ":0,"bw_40":"no","bw_20":"no","bw_77":"yes","bw_max_5":"no","visualization":"F0","Shape__Area":1060700866695.1875,"Shape__Length":4122122.18054352,"tracks":121,"frames":140}},{"type":"Feature","id":6114,"geometry":{"type":"Polygon","coordinates":[[[-138.063427232,-71.9063781129999],[-138.316514466,-71.363617044],[-138.559597141,-70.820632813],[-135.153601307,-70.623324885],[-133.856699308,-70.530313439],[-131.735530563,-70.3561268889999],[-131.308334307,-70.891350636],[-130.860770227,-71.425749906],[-130.391057513,-71.9592571],[-129.89720717,-72.491796369],[-132.259036473,-72.680490805],[-133.707344859,-72.780751874],[-137.523395368,-72.991171279],[-137.799403886,-72.448901644],[-138.063427232,-71.9063781129999]]]},"properties":{"fid":6114,"track":78,"frame":142,"dates":"2025-09-28, 2025-10-10, 2025-10-22, 2025-11-03, 2025-11-15, 2025-11-27, 2025-12-09, 2025-12-21, 2026-01-02, 2026-01-14, 2026-01-26, 2026-02-07, 2026-02-19, 2026-03-03, 2026-03-15, 2026-03-27, 2026-04-08, 2026-04-20, 2026-05-02, 2026-05-14, 2026-05-26, 2026-06-07, 2026-06-19, 2026-07-01, 2026-07-13, 2026-07-25, 2026-08-06, 2026-08-18, 2026-08-30, 2026-09-11, 2026-09-23, 2026-10-05, 2026-10-17, 2026-10-29, 2026-11-10, 2026-11-22, 2026-12-04, 2026-12-16, 2026-12-28","acquisition_time":"15:32:56","date_mode_popup":"2025-09-28 | 153\n2025-10-10 | 153\n2025-10-22 | 153\n2025-11-03 | 153\n2025-11-15 | 153\n2025-11-27 | 153\n2025-12-09 | 153\n2025-12-21 | 153\n2026-01-02 | 153\n2026-01-14 | 153\n2026-01-26 | 153\n2026-02-07 | 153\n2026-02-19 | 153\n2026-03-03 | 153\n2026-03-15 | 153\n2026-03-27 | 153\n2026-04-08 | 153\n2026-04-20 | 153\n2026-05-02 | 153\n2026-05-14 | 153\n2026-05-26 | 153\n2026-06-07 | 153\n2026-06-19 | 153\n2026-07-01 | 153\n2026-07-13 | 153\n2026-07-25 | 153\n2026-08-06 | 153\n2026-08-18 | 153\n2026-08-30 | 153\n2026-09-11 | 153\n2026-09-23 | 153\n2026-10-05 | 153\n2026-10-17 | 153\n2026-10-29 | 153\n2026-11-10 | 153\n2026-11-22 | 153\n2026-12-04 | 153\n2026-12-16 | 153\n2026-12-28 | 153","producerifg":0,"producerunw":0,"produceroff":0,"producegunw":0,"producegoff":0,"producerslc":1,"producegslc":1,"producegcov":1,"producesmst":0,"passdirection":"Ascending","unique_radar_mode_list":"153","unique_radar_mode_mnemonic_list":"L:SCI:SV:05W+---:FS:B4:D09","number_combos":1,"mode_change":"no","radar_mode_combination_1":"153","radar_mode_combination_2":null,"radar_mode_combination_3":null,"radar_mode_combination_4":null,"radar_mode_combination_5":null,"radar_mode_combination_6":null,"radar_mode_combination_7":null,"radar_mode_combination_8":null,"radar_mode_combination_9":null,"radar_mode_mnemonic_combination_1":"L:SCI:SV:05W+---:FS:B4:D09","radar_mode_mnemonic_combination_2":null,"radar_mode_mnemonic_combination_3":null,"radar_mode_mnemonic_combination_4":null,"radar_mode_mnemonic_combination_5":null,"radar_mode_mnemonic_combination_6":null,"radar_mode_mnemonic_combination_7":null,"radar_mode_mnemonic_combination_8":null,"radar_mode_mnemonic_combination_9":null,"date_cycle_popup":"2025-09-28 | Cycle A\n2025-10-10 | Cycle A\n2025-10-22 | Cycle A\n2025-11-03 | Cycle A\n2025-11-15 | Cycle A\n2025-11-27 | Cycle A\n2025-12-09 | Cycle A\n2025-12-21 | Cycle A\n2026-01-02 | Cycle A\n2026-01-14 | Cycle A\n2026-01-26 | Cycle A\n2026-02-07 | Cycle A\n2026-02-19 | Cycle A\n2026-03-03 | Cycle A\n2026-03-15 | Cycle A\n2026-03-27 | Cycle A\n2026-04-08 | Cycle A\n2026-04-20 | Cycle A\n2026-05-02 | Cycle A\n2026-05-14 | Cycle A\n2026-05-26 | Cycle A\n2026-06-07 | Cycle A\n2026-06-19 | Cycle A\n2026-07-01 | Cycle A\n2026-07-13 | Cycle A\n2026-07-25 | Cycle A\n2026-08-06 | Cycle A\n2026-08-18 | Cycle A\n2026-08-30 | Cycle A\n2026-09-11 | Cycle A\n2026-09-23 | Cycle A\n2026-10-05 | Cycle A\n2026-10-17 | Cycle A\n2026-10-29 | Cycle A\n2026-11-10 | Cycle A\n2026-11-22 | Cycle A\n2026-12-04 | Cycle A\n2026-12-16 | Cycle A\n2026-12-28 | Cycle A","mixed_mode":"no","l_band":"yes","ls_band":"no","s_band":"no","SH":0,"SV":1,"DH":0,"DV":0,"QP":0,"CP":0,"QD":0,"QQ":0,"bw_40":"no","bw_20":"no","bw_77":"no","bw_max_5":"yes","visualization":"F0","Shape__Area":642436394667.0625,"Shape__Length":3207669.335645691,"tracks":78,"frames":142}},{"type":"Feature","id":7310,"geometry":{"type":"Polygon","coordinates":[[[-100.296920023,-76.059629761],[-100.669880679,-75.517195589],[-101.021373952,-74.974354892],[-96.730311656,-74.7474675059999],[-95.108598613,-74.638377054],[-92.474027107,-74.432288335],[-91.831058632,-74.960993698],[-91.146624822,-75.488058437],[-90.416183243,-76.013303022],[-89.634531179,-76.5365203869999],[-92.644462736,-76.768282933],[-94.508685842,-76.89064345],[-99.4757800199999,-77.143100596],[-99.899895639,-76.60161477],[-100.296920023,-76.059629761]]]},"properties":{"fid":7310,"track":91,"frame":140,"dates":"2025-09-29, 2025-10-11, 2025-10-23, 2025-11-04, 2025-11-16, 2025-11-28, 2025-12-10, 2025-12-22, 2026-01-03, 2026-01-15, 2026-01-27, 2026-02-08, 2026-02-20, 2026-03-04, 2026-03-16, 2026-03-28, 2026-04-09, 2026-04-21, 2026-05-03, 2026-05-15, 2026-05-27, 2026-06-08, 2026-06-20, 2026-07-02, 2026-07-14, 2026-07-26, 2026-08-07, 2026-08-19, 2026-08-31, 2026-09-12, 2026-09-24, 2026-10-06, 2026-10-18, 2026-10-30, 2026-11-11, 2026-11-23, 2026-12-05, 2026-12-17, 2026-12-29","acquisition_time":"13:10:52","date_mode_popup":"2025-09-29 | 150\n2025-10-11 | 150\n2025-10-23 | 150\n2025-11-04 | 150\n2025-11-16 | 150\n2025-11-28 | 150\n2025-12-10 | 150\n2025-12-22 | 150\n2026-01-03 | 150\n2026-01-15 | 150\n2026-01-27 | 150\n2026-02-08 | 150\n2026-02-20 | 150\n2026-03-04 | 150\n2026-03-16 | 150\n2026-03-28 | 150\n2026-04-09 | 150\n2026-04-21 | 150\n2026-05-03 | 150\n2026-05-15 | 150\n2026-05-27 | 150\n2026-06-08 | 150\n2026-06-20 | 150\n2026-07-02 | 150\n2026-07-14 | 150\n2026-07-26 | 150\n2026-08-07 | 150\n2026-08-19 | 150\n2026-08-31 | 150\n2026-09-12 | 150\n2026-09-24 | 150\n2026-10-06 | 150\n2026-10-18 | 150\n2026-10-30 | 150\n2026-11-11 | 150\n2026-11-23 | 150\n2026-12-05 | 150\n2026-12-17 | 150\n2026-12-29 | 150","producerifg":1,"producerunw":1,"produceroff":1,"producegunw":1,"producegoff":1,"producerslc":1,"producegslc":1,"producegcov":1,"producesmst":0,"passdirection":"Ascending","unique_radar_mode_list":"150","unique_radar_mode_mnemonic_list":"L:SCI:SH:77M+---:HS:B4:D02","number_combos":1,"mode_change":"no","radar_mode_combination_1":"150","radar_mode_combination_2":null,"radar_mode_combination_3":null,"radar_mode_combination_4":null,"radar_mode_combination_5":null,"radar_mode_combination_6":null,"radar_mode_combination_7":null,"radar_mode_combination_8":null,"radar_mode_combination_9":null,"radar_mode_mnemonic_combination_1":"L:SCI:SH:77M+---:HS:B4:D02","radar_mode_mnemonic_combination_2":null,"radar_mode_mnemonic_combination_3":null,"radar_mode_mnemonic_combination_4":null,"radar_mode_mnemonic_combination_5":null,"radar_mode_mnemonic_combination_6":null,"radar_mode_mnemonic_combination_7":null,"radar_mode_mnemonic_combination_8":null,"radar_mode_mnemonic_combination_9":null,"date_cycle_popup":"2025-09-29 | Cycle A\n2025-10-11 | Cycle A\n2025-10-23 | Cycle A\n2025-11-04 | Cycle A\n2025-11-16 | Cycle A\n2025-11-28 | Cycle A\n2025-12-10 | Cycle A\n2025-12-22 | Cycle A\n2026-01-03 | Cycle A\n2026-01-15 | Cycle A\n2026-01-27 | Cycle A\n2026-02-08 | Cycle A\n2026-02-20 | Cycle A\n2026-03-04 | Cycle A\n2026-03-16 | Cycle A\n2026-03-28 | Cycle A\n2026-04-09 | Cycle A\n2026-04-21 | Cycle A\n2026-05-03 | Cycle A\n2026-05-15 | Cycle A\n2026-05-27 | Cycle A\n2026-06-08 | Cycle A\n2026-06-20 | Cycle A\n2026-07-02 | Cycle A\n2026-07-14 | Cycle A\n2026-07-26 | Cycle A\n2026-08-07 | Cycle A\n2026-08-19 | Cycle A\n2026-08-31 | Cycle A\n2026-09-12 | Cycle A\n2026-09-24 | Cycle A\n2026-10-06 | Cycle A\n2026-10-18 | Cycle A\n2026-10-30 | Cycle A\n2026-11-11 | Cycle A\n2026-11-23 | Cycle A\n2026-12-05 | Cycle A\n2026-12-17 | Cycle A\n2026-12-29 | Cycle A","mixed_mode":"no","l_band":"yes","ls_band":"no","s_band":"no","SH":1,"SV":0,"DH":0,"DV":0,"QP":0,"CP":0,"QD":0,"QQ":0,"bw_40":"no","bw_20":"no","bw_77":"yes","bw_max_5":"no","visualization":"F0","Shape__Area":1060775942191.4609,"Shape__Length":4122276.5038661109,"tracks":91,"frames":140}},{"type":"Feature","id":14535,"geometry":{"type":"Polygon","coordinates":[[[-104.100512407,-74.536404863],[-104.443015775,-75.0899960849999],[-108.764591807,-74.862032482],[-110.39737243,-74.7523735299999],[-113.049243839,-74.545173815],[-112.424675488,-74.005072261],[-111.836080651,-73.46354499],[-111.280113428,-72.920721992],[-110.753820482,-72.3767174059999],[-108.406354988,-72.564417436],[-106.967137551,-72.664167198],[-103.175876909,-72.873600424],[-103.468661168,-73.428179459],[-103.776339425,-73.982456135],[-104.100512407,-74.536404863]]]},"properties":{"fid":14535,"track":170,"frame":125,"dates":"2025-10-05, 2025-10-17, 2025-10-29, 2025-11-10, 2025-11-22, 2025-12-04, 2025-12-16, 2025-12-28, 2026-01-09, 2026-01-21, 2026-02-02, 2026-02-14, 2026-02-26, 2026-03-10, 2026-03-22, 2026-04-03, 2026-04-15, 2026-04-27, 2026-05-09, 2026-05-21, 2026-06-02, 2026-06-14, 2026-06-26, 2026-07-08, 2026-07-20, 2026-08-01, 2026-08-13, 2026-08-25, 2026-09-06, 2026-09-18, 2026-09-30, 2026-10-12, 2026-10-24, 2026-11-05, 2026-11-17, 2026-11-29, 2026-12-11, 2026-12-23","acquisition_time":"00:30:36, 00:31:28, 00:30:52","date_mode_popup":"2025-10-05 | 153,150\n2025-10-17 | 153,150\n2025-10-29 | 153,150\n2025-11-10 | 153,150\n2025-11-22 | 153,150\n2025-12-04 | 153,150\n2025-12-16 | 153,150\n2025-12-28 | 153,150\n2026-01-09 | 153,150\n2026-01-21 | 153,150\n2026-02-02 | 153,150\n2026-02-14 | 153,150\n2026-02-26 | 153,150\n2026-03-10 | 153,150\n2026-03-22 | 153,150\n2026-04-03 | 153,150\n2026-04-15 | 153,150\n2026-04-27 | 153,150\n2026-05-09 | 153,150\n2026-05-21 | 153,150\n2026-06-02 | 153,150\n2026-06-14 | 153,150\n2026-06-26 | 153,150\n2026-07-08 | 153,150\n2026-07-20 | 153,150\n2026-08-01 | 153,150\n2026-08-13 | 153,150\n2026-08-25 | 153,150\n2026-09-06 | 153,150\n2026-09-18 | 153,150\n2026-09-30 | 153,150\n2026-10-12 | 153,150\n2026-10-24 | 153,150\n2026-11-05 | 153,150\n2026-11-17 | 153,150\n2026-11-29 | 153,150\n2026-12-11 | 153,150\n2026-12-23 | 153,150","producerifg":1,"producerunw":1,"produceroff":1,"producegunw":1,"producegoff":1,"producerslc":1,"producegslc":1,"producegcov":1,"producesmst":0,"passdirection":"Descending","unique_radar_mode_list":"150, 153","unique_radar_mode_mnemonic_list":"L:SCI:SH:77M+---:HS:B4:D02, L:SCI:SV:05W+---:FS:B4:D09","number_combos":1,"mode_change":"no","radar_mode_combination_1":"153,150","radar_mode_combination_2":null,"radar_mode_combination_3":null,"radar_mode_combination_4":null,"radar_mode_combination_5":null,"radar_mode_combination_6":null,"radar_mode_combination_7":null,"radar_mode_combination_8":null,"radar_mode_combination_9":null,"radar_mode_mnemonic_combination_1":"L:SCI:SV:05W+---:FS:B4:D09,L:SCI:SH:77M+---:HS:B4:D02","radar_mode_mnemonic_combination_2":null,"radar_mode_mnemonic_combination_3":null,"radar_mode_mnemonic_combination_4":null,"radar_mode_mnemonic_combination_5":null,"radar_mode_mnemonic_combination_6":null,"radar_mode_mnemonic_combination_7":null,"radar_mode_mnemonic_combination_8":null,"radar_mode_mnemonic_combination_9":null,"date_cycle_popup":"2025-10-05 | Cycle A\n2025-10-17 | Cycle A\n2025-10-29 | Cycle A\n2025-11-10 | Cycle A\n2025-11-22 | Cycle A\n2025-12-04 | Cycle A\n2025-12-16 | Cycle A\n2025-12-28 | Cycle A\n2026-01-09 | Cycle A\n2026-01-21 | Cycle A\n2026-02-02 | Cycle A\n2026-02-14 | Cycle A\n2026-02-26 | Cycle A\n2026-03-10 | Cycle A\n2026-03-22 | Cycle A\n2026-04-03 | Cycle A\n2026-04-15 | Cycle A\n2026-04-27 | Cycle A\n2026-05-09 | Cycle A\n2026-05-21 | Cycle A\n2026-06-02 | Cycle A\n2026-06-14 | Cycle A\n2026-06-26 | Cycle A\n2026-07-08 | Cycle A\n2026-07-20 | Cycle A\n2026-08-01 | Cycle A\n2026-08-13 | Cycle A\n2026-08-25 | Cycle A\n2026-09-06 | Cycle A\n2026-09-18 | Cycle A\n2026-09-30 | Cycle A\n2026-10-12 | Cycle A\n2026-10-24 | Cycle A\n2026-11-05 | Cycle A\n2026-11-17 | Cycle A\n2026-11-29 | Cycle A\n2026-12-11 | Cycle A\n2026-12-23 | Cycle A","mixed_mode":"yes","l_band":"yes","ls_band":"no","s_band":"no","SH":1,"SV":1,"DH":0,"DV":0,"QP":0,"CP":0,"QD":0,"QQ":0,"bw_40":"no","bw_20":"no","bw_77":"yes","bw_max_5":"yes","visualization":"F1","Shape__Area":829303855277.35938,"Shape__Length":3643922.2431182191,"tracks":170,"frames":125}},{"type":"Feature","id":8684,"geometry":{"type":"Polygon","coordinates":[[[-114.863137212,-76.059592225],[-115.236097471,-75.51715831],[-115.587590544,-74.974317825],[-111.296648889,-74.74742924],[-109.674979931,-74.6383393789999],[-107.04047807,-74.432252838],[-106.397513551,-74.960958051],[-105.713084204,-75.4880226179999],[-104.982647659,-76.013267013],[-104.201001279,-76.5364841729999],[-107.210858906,-76.7682443099999],[-109.075034783,-76.890604136],[-114.041998709,-77.143062417],[-114.466113451,-76.601576934],[-114.863137212,-76.059592225]]]},"properties":{"fid":8684,"track":106,"frame":140,"dates":"2025-09-30, 2025-10-12, 2025-10-24, 2025-11-05, 2025-11-17, 2025-11-29, 2025-12-11, 2025-12-23, 2026-01-04, 2026-01-16, 2026-01-28, 2026-02-09, 2026-02-21, 2026-03-05, 2026-03-17, 2026-03-29, 2026-04-10, 2026-04-22, 2026-05-04, 2026-05-16, 2026-05-28, 2026-06-09, 2026-06-21, 2026-07-03, 2026-07-15, 2026-07-27, 2026-08-08, 2026-08-20, 2026-09-01, 2026-09-13, 2026-09-25, 2026-10-07, 2026-10-19, 2026-10-31, 2026-11-12, 2026-11-24, 2026-12-06, 2026-12-18, 2026-12-30","acquisition_time":"14:08:28, 14:08:20","date_mode_popup":"2025-09-30 | 150\n2025-10-12 | 150\n2025-10-24 | 150\n2025-11-05 | 150\n2025-11-17 | 150\n2025-11-29 | 150\n2025-12-11 | 150\n2025-12-23 | 150\n2026-01-04 | 150\n2026-01-16 | 150\n2026-01-28 | 150\n2026-02-09 | 150\n2026-02-21 | 150\n2026-03-05 | 246\n2026-03-17 | 246\n2026-03-29 | 150\n2026-04-10 | 150\n2026-04-22 | 150\n2026-05-04 | 150\n2026-05-16 | 150\n2026-05-28 | 150\n2026-06-09 | 150\n2026-06-21 | 150\n2026-07-03 | 150\n2026-07-15 | 150\n2026-07-27 | 150\n2026-08-08 | 150\n2026-08-20 | 150\n2026-09-01 | 246\n2026-09-13 | 246\n2026-09-25 | 150\n2026-10-07 | 150\n2026-10-19 | 150\n2026-10-31 | 150\n2026-11-12 | 150\n2026-11-24 | 150\n2026-12-06 | 150\n2026-12-18 | 150\n2026-12-30 | 150","producerifg":1,"producerunw":1,"produceroff":1,"producegunw":1,"producegoff":1,"producerslc":1,"producegslc":1,"producegcov":1,"producesmst":0,"passdirection":"Ascending","unique_radar_mode_list":"150, 246","unique_radar_mode_mnemonic_list":"L:SCI:SH:77M+---:HS:B4:D02, L:SCI:SH:77M+---:HS:B4:D02  S:--:SH:37W:B4","number_combos":2,"mode_change":"yes","radar_mode_combination_1":"150","radar_mode_combination_2":"246","radar_mode_combination_3":null,"radar_mode_combination_4":null,"radar_mode_combination_5":null,"radar_mode_combination_6":null,"radar_mode_combination_7":null,"radar_mode_combination_8":null,"radar_mode_combination_9":null,"radar_mode_mnemonic_combination_1":"L:SCI:SH:77M+---:HS:B4:D02","radar_mode_mnemonic_combination_2":"L:SCI:SH:77M+---:HS:B4:D02  S:--:SH:37W:B4","radar_mode_mnemonic_combination_3":null,"radar_mode_mnemonic_combination_4":null,"radar_mode_mnemonic_combination_5":null,"radar_mode_mnemonic_combination_6":null,"radar_mode_mnemonic_combination_7":null,"radar_mode_mnemonic_combination_8":null,"radar_mode_mnemonic_combination_9":null,"date_cycle_popup":"2025-09-30 | Cycle A\n2025-10-12 | Cycle A\n2025-10-24 | Cycle A\n2025-11-05 | Cycle A\n2025-11-17 | Cycle A\n2025-11-29 | Cycle A\n2025-12-11 | Cycle A\n2025-12-23 | Cycle A\n2026-01-04 | Cycle A\n2026-01-16 | Cycle A\n2026-01-28 | Cycle A\n2026-02-09 | Cycle A\n2026-02-21 | Cycle A\n2026-03-05 | Cycle B\n2026-03-17 | Cycle B\n2026-03-29 | Cycle A\n2026-04-10 | Cycle A\n2026-04-22 | Cycle A\n2026-05-04 | Cycle A\n2026-05-16 | Cycle A\n2026-05-28 | Cycle A\n2026-06-09 | Cycle A\n2026-06-21 | Cycle A\n2026-07-03 | Cycle A\n2026-07-15 | Cycle A\n2026-07-27 | Cycle A\n2026-08-08 | Cycle A\n2026-08-20 | Cycle A\n2026-09-01 | Cycle B\n2026-09-13 | Cycle B\n2026-09-25 | Cycle A\n2026-10-07 | Cycle A\n2026-10-19 | Cycle A\n2026-10-31 | Cycle A\n2026-11-12 | Cycle A\n2026-11-24 | Cycle A\n2026-12-06 | Cycle A\n2026-12-18 | Cycle A\n2026-12-30 | Cycle A","mixed_mode":"no","l_band":"yes","ls_band":"yes","s_band":"no","SH":1,"SV":0,"DH":0,"DV":0,"QP":0,"CP":0,"QD":0,"QQ":0,"bw_40":"no","bw_20":"no","bw_77":"yes","bw_max_5":"no","visualization":"S0","Shape__Area":1060745766221.2188,"Shape__Length":4122216.9200308966,"tracks":106,"frames":140}},{"type":"Feature","id":9323,"geometry":{"type":"Polygon","coordinates":[[[-123.425475684,-78.129759218],[-123.958858083,-78.680393688],[-124.538898378,-79.2301987239999],[-130.38805853,-78.941655767],[-132.559809237,-78.801145562],[-136.033501709,-78.534964808],[-134.968178853,-78.011816197],[-133.986000693,-77.4853429309999],[-133.077330424,-76.955941981],[-132.233902908,-76.423950236],[-129.247607979,-76.654066284],[-127.398795331,-76.775575488],[-122.475092295,-77.0263999],[-122.932596257,-77.578399246],[-123.425475684,-78.129759218]]]},"properties":{"fid":9323,"track":113,"frame":127,"dates":"2025-10-01, 2025-10-13, 2025-10-25, 2025-11-06, 2025-11-18, 2025-11-30, 2025-12-12, 2025-12-24, 2026-01-05, 2026-01-17, 2026-01-29, 2026-02-10, 2026-02-22, 2026-03-06, 2026-03-18, 2026-03-30, 2026-04-11, 2026-04-23, 2026-05-05, 2026-05-17, 2026-05-29, 2026-06-10, 2026-06-22, 2026-07-04, 2026-07-16, 2026-07-28, 2026-08-09, 2026-08-21, 2026-09-02, 2026-09-14, 2026-09-26, 2026-10-08, 2026-10-20, 2026-11-01, 2026-11-13, 2026-11-25, 2026-12-07, 2026-12-19, 2026-12-31","acquisition_time":"01:39:36","date_mode_popup":"2025-10-01 | 150\n2025-10-13 | 150\n2025-10-25 | 150\n2025-11-06 | 150\n2025-11-18 | 150\n2025-11-30 | 150\n2025-12-12 | 150\n2025-12-24 | 150\n2026-01-05 | 150\n2026-01-17 | 150\n2026-01-29 | 150\n2026-02-10 | 150\n2026-02-22 | 150\n2026-03-06 | 150\n2026-03-18 | 150\n2026-03-30 | 150\n2026-04-11 | 150\n2026-04-23 | 150\n2026-05-05 | 150\n2026-05-17 | 150\n2026-05-29 | 150\n2026-06-10 | 150\n2026-06-22 | 150\n2026-07-04 | 150\n2026-07-16 | 150\n2026-07-28 | 150\n2026-08-09 | 150\n2026-08-21 | 150\n2026-09-02 | 150\n2026-09-14 | 150\n2026-09-26 | 150\n2026-10-08 | 150\n2026-10-20 | 150\n2026-11-01 | 150\n2026-11-13 | 150\n2026-11-25 | 150\n2026-12-07 | 150\n2026-12-19 | 150\n2026-12-31 | 150","producerifg":1,"producerunw":1,"produceroff":1,"producegunw":1,"producegoff":1,"producerslc":1,"producegslc":1,"producegcov":1,"producesmst":0,"passdirection":"Descending","unique_radar_mode_list":"150","unique_radar_mode_mnemonic_list":"L:SCI:SH:77M+---:HS:B4:D02","number_combos":1,"mode_change":"no","radar_mode_combination_1":"150","radar_mode_combination_2":null,"radar_mode_combination_3":null,"radar_mode_combination_4":null,"radar_mode_combination_5":null,"radar_mode_combination_6":null,"radar_mode_combination_7":null,"radar_mode_combination_8":null,"radar_mode_combination_9":null,"radar_mode_mnemonic_combination_1":"L:SCI:SH:77M+---:HS:B4:D02","radar_mode_mnemonic_combination_2":null,"radar_mode_mnemonic_combination_3":null,"radar_mode_mnemonic_combination_4":null,"radar_mode_mnemonic_combination_5":null,"radar_mode_mnemonic_combination_6":null,"radar_mode_mnemonic_combination_7":null,"radar_mode_mnemonic_combination_8":null,"radar_mode_mnemonic_combination_9":null,"date_cycle_popup":"2025-10-01 | Cycle A\n2025-10-13 | Cycle A\n2025-10-25 | Cycle A\n2025-11-06 | Cycle A\n2025-11-18 | Cycle A\n2025-11-30 | Cycle A\n2025-12-12 | Cycle A\n2025-12-24 | Cycle A\n2026-01-05 | Cycle A\n2026-01-17 | Cycle A\n2026-01-29 | Cycle A\n2026-02-10 | Cycle A\n2026-02-22 | Cycle A\n2026-03-06 | Cycle A\n2026-03-18 | Cycle A\n2026-03-30 | Cycle A\n2026-04-11 | Cycle A\n2026-04-23 | Cycle A\n2026-05-05 | Cycle A\n2026-05-17 | Cycle A\n2026-05-29 | Cycle A\n2026-06-10 | Cycle A\n2026-06-22 | Cycle A\n2026-07-04 | Cycle A\n2026-07-16 | Cycle A\n2026-07-28 | Cycle A\n2026-08-09 | Cycle A\n2026-08-21 | Cycle A\n2026-09-02 | Cycle A\n2026-09-14 | Cycle A\n2026-09-26 | Cycle A\n2026-10-08 | Cycle A\n2026-10-20 | Cycle A\n2026-11-01 | Cycle A\n2026-11-13 | Cycle A\n2026-11-25 | Cycle A\n2026-12-07 | Cycle A\n2026-12-19 | Cycle A\n2026-12-31 | Cycle A","mixed_mode":"no","l_band":"yes","ls_band":"no","s_band":"no","SH":1,"SV":0,"DH":0,"DV":0,"QP":0,"CP":0,"QD":0,"QQ":0,"bw_40":"no","bw_20":"no","bw_77":"yes","bw_max_5":"no","visualization":"F0","Shape__Area":1470239977737.2813,"Shape__Length":4852866.3735587727,"tracks":113,"frames":127}},{"type":"Feature","id":14435,"geometry":{"type":"Polygon","coordinates":[[[-82.338746513,-78.681073571],[-82.91882819,-79.2309046949999],[-88.7693712929999,-78.942304871],[-90.941597613,-78.8017618229999],[-94.416001092,-78.535515222],[-93.3504857139999,-78.012349074],[-92.3681371009999,-77.48585714],[-91.4593152739999,-76.956436545],[-90.615752446,-76.424424303],[-87.628875388,-76.654594259],[-85.779682601,-76.776130181],[-80.8549011919999,-77.027000844],[-81.312425765,-77.579026605],[-81.805331254,-78.130412893],[-82.338746513,-78.681073571]]]},"properties":{"fid":14435,"track":169,"frame":127,"dates":"2025-10-04, 2025-10-16, 2025-10-28, 2025-11-09, 2025-11-21, 2025-12-03, 2025-12-15, 2025-12-27, 2026-01-08, 2026-01-20, 2026-02-01, 2026-02-13, 2026-02-25, 2026-03-09, 2026-03-21, 2026-04-02, 2026-04-14, 2026-04-26, 2026-05-08, 2026-05-20, 2026-06-01, 2026-06-13, 2026-06-25, 2026-07-07, 2026-07-19, 2026-07-31, 2026-08-12, 2026-08-24, 2026-09-05, 2026-09-17, 2026-09-29, 2026-10-11, 2026-10-23, 2026-11-04, 2026-11-16, 2026-11-28, 2026-12-10, 2026-12-22","acquisition_time":"22:52:48","date_mode_popup":"2025-10-04 | 246,247\n2025-10-16 | 246,247\n2025-10-28 | 246,247\n2025-11-09 | 246,247\n2025-11-21 | 246,247\n2025-12-03 | 246,247\n2025-12-15 | 246,247\n2025-12-27 | 246,247\n2026-01-08 | 246,247\n2026-01-20 | 246,247\n2026-02-01 | 220,223\n2026-02-13 | 220,223\n2026-02-25 | 246,247\n2026-03-09 | 246,247\n2026-03-21 | 246,247\n2026-04-02 | 246,247\n2026-04-14 | 246,247\n2026-04-26 | 246,247\n2026-05-08 | 246,247\n2026-05-20 | 246,247\n2026-06-01 | 246,247\n2026-06-13 | 246,247\n2026-06-25 | 246,247\n2026-07-07 | 246,247\n2026-07-19 | 246,247\n2026-07-31 | 220,223\n2026-08-12 | 220,223\n2026-08-24 | 246,247\n2026-09-05 | 246,247\n2026-09-17 | 246,247\n2026-09-29 | 246,247\n2026-10-11 | 246,247\n2026-10-23 | 246,247\n2026-11-04 | 246,247\n2026-11-16 | 246,247\n2026-11-28 | 246,247\n2026-12-10 | 246,247\n2026-12-22 | 246,247","producerifg":1,"producerunw":1,"produceroff":1,"producegunw":1,"producegoff":1,"producerslc":1,"producegslc":1,"producegcov":1,"producesmst":0,"passdirection":"Descending","unique_radar_mode_list":"220, 223, 246, 247","unique_radar_mode_mnemonic_list":"L:SCI:SH:40M+05N:FS:B4:D02  S:--:SH:37W:B4, L:SCI:SH:40M+05N:FS:B4:D02  S:DB:CP:25W:B4, L:SCI:SH:77M+---:HS:B4:D02  S:--:SH:37W:B4, L:SCI:SH:77M+---:HS:B4:D02  S:DB:CP:25W:B4","number_combos":2,"mode_change":"yes","radar_mode_combination_1":"246,247","radar_mode_combination_2":"220,223","radar_mode_combination_3":null,"radar_mode_combination_4":null,"radar_mode_combination_5":null,"radar_mode_combination_6":null,"radar_mode_combination_7":null,"radar_mode_combination_8":null,"radar_mode_combination_9":null,"radar_mode_mnemonic_combination_1":"L:SCI:SH:77M+---:HS:B4:D02  S:--:SH:37W:B4,L:SCI:SH:40M+05N:FS:B4:D02  S:--:SH:37W:B4","radar_mode_mnemonic_combination_2":"L:SCI:SH:77M+---:HS:B4:D02  S:DB:CP:25W:B4,L:SCI:SH:40M+05N:FS:B4:D02  S:DB:CP:25W:B4","radar_mode_mnemonic_combination_3":null,"radar_mode_mnemonic_combination_4":null,"radar_mode_mnemonic_combination_5":null,"radar_mode_mnemonic_combination_6":null,"radar_mode_mnemonic_combination_7":null,"radar_mode_mnemonic_combination_8":null,"radar_mode_mnemonic_combination_9":null,"date_cycle_popup":"2025-10-04 | Cycle A\n2025-10-16 | Cycle A\n2025-10-28 | Cycle A\n2025-11-09 | Cycle A\n2025-11-21 | Cycle A\n2025-12-03 | Cycle A\n2025-12-15 | Cycle A\n2025-12-27 | Cycle A\n2026-01-08 | Cycle A\n2026-01-20 | Cycle A\n2026-02-01 | Cycle B\n2026-02-13 | Cycle B\n2026-02-25 | Cycle A\n2026-03-09 | Cycle A\n2026-03-21 | Cycle A\n2026-04-02 | Cycle A\n2026-04-14 | Cycle A\n2026-04-26 | Cycle A\n2026-05-08 | Cycle A\n2026-05-20 | Cycle A\n2026-06-01 | Cycle A\n2026-06-13 | Cycle A\n2026-06-25 | Cycle A\n2026-07-07 | Cycle A\n2026-07-19 | Cycle A\n2026-07-31 | Cycle B\n2026-08-12 | Cycle B\n2026-08-24 | Cycle A\n2026-09-05 | Cycle A\n2026-09-17 | Cycle A\n2026-09-29 | Cycle A\n2026-10-11 | Cycle A\n2026-10-23 | Cycle A\n2026-11-04 | Cycle A\n2026-11-16 | Cycle A\n2026-11-28 | Cycle A\n2026-12-10 | Cycle A\n2026-12-22 | Cycle A","mixed_mode":"yes","l_band":"yes","ls_band":"yes","s_band":"no","SH":1,"SV":0,"DH":0,"DV":0,"QP":0,"CP":0,"QD":0,"QQ":0,"bw_40":"yes","bw_20":"no","bw_77":"yes","bw_max_5":"no","visualization":"S1","Shape__Area":1470706004379.8438,"Shape__Length":4853640.2142526181,"tracks":169,"frames":127}},{"type":"Feature","id":5189,"geometry":{"type":"Polygon","coordinates":[[[-78.868674418,-77.143098444],[-83.834871665,-76.890580487],[-85.698758794,-76.768204727],[-88.70815156,-76.536426434],[-87.926320077,-76.013213917],[-87.195710692,-75.487973355],[-86.511119661,-74.96091193],[-85.8680036009999,-74.432209253],[-83.233865779,-74.638311394],[-81.612422389,-74.7474145569999],[-77.32208069,-74.974351881],[-77.67379713,-75.5171934429999],[-78.04699744,-76.059628093],[-78.444279938,-76.601613131],[-78.868674418,-77.143098444]]]},"properties":{"fid":5189,"track":68,"frame":126,"dates":"2025-09-27, 2025-10-09, 2025-10-21, 2025-11-02, 2025-11-14, 2025-11-26, 2025-12-08, 2025-12-20, 2026-01-01, 2026-01-13, 2026-01-25, 2026-02-06, 2026-02-18, 2026-03-02, 2026-03-14, 2026-03-26, 2026-04-07, 2026-04-19, 2026-05-01, 2026-05-13, 2026-05-25, 2026-06-06, 2026-06-18, 2026-06-30, 2026-07-12, 2026-07-24, 2026-08-05, 2026-08-17, 2026-08-29, 2026-09-10, 2026-09-22, 2026-10-04, 2026-10-16, 2026-10-28, 2026-11-09, 2026-11-21, 2026-12-03, 2026-12-15, 2026-12-27","acquisition_time":"22:44:56","date_mode_popup":"2025-09-27 | 150\n2025-10-09 | 150\n2025-10-21 | 150\n2025-11-02 | 150\n2025-11-14 | 150\n2025-11-26 | 150\n2025-12-08 | 150\n2025-12-20 | 150\n2026-01-01 | 150\n2026-01-13 | 150\n2026-01-25 | 150\n2026-02-06 | 150\n2026-02-18 | 150\n2026-03-02 | 150\n2026-03-14 | 150\n2026-03-26 | 150\n2026-04-07 | 150\n2026-04-19 | 150\n2026-05-01 | 150\n2026-05-13 | 150\n2026-05-25 | 150\n2026-06-06 | 150\n2026-06-18 | 150\n2026-06-30 | 150\n2026-07-12 | 150\n2026-07-24 | 150\n2026-08-05 | 150\n2026-08-17 | 150\n2026-08-29 | 150\n2026-09-10 | 150\n2026-09-22 | 150\n2026-10-04 | 150\n2026-10-16 | 150\n2026-10-28 | 150\n2026-11-09 | 150\n2026-11-21 | 150\n2026-12-03 | 150\n2026-12-15 | 150\n2026-12-27 | 150","producerifg":1,"producerunw":1,"produceroff":1,"producegunw":1,"producegoff":1,"producerslc":1,"producegslc":1,"producegcov":1,"producesmst":0,"passdirection":"Descending","unique_radar_mode_list":"150","unique_radar_mode_mnemonic_list":"L:SCI:SH:77M+---:HS:B4:D02","number_combos":1,"mode_change":"no","radar_mode_combination_1":"150","radar_mode_combination_2":null,"radar_mode_combination_3":null,"radar_mode_combination_4":null,"radar_mode_combination_5":null,"radar_mode_combination_6":null,"radar_mode_combination_7":null,"radar_mode_combination_8":null,"radar_mode_combination_9":null,"radar_mode_mnemonic_combination_1":"L:SCI:SH:77M+---:HS:B4:D02","radar_mode_mnemonic_combination_2":null,"radar_mode_mnemonic_combination_3":null,"radar_mode_mnemonic_combination_4":null,"radar_mode_mnemonic_combination_5":null,"radar_mode_mnemonic_combination_6":null,"radar_mode_mnemonic_combination_7":null,"radar_mode_mnemonic_combination_8":null,"radar_mode_mnemonic_combination_9":null,"date_cycle_popup":"2025-09-27 | Cycle A\n2025-10-09 | Cycle A\n2025-10-21 | Cycle A\n2025-11-02 | Cycle A\n2025-11-14 | Cycle A\n2025-11-26 | Cycle A\n2025-12-08 | Cycle A\n2025-12-20 | Cycle A\n2026-01-01 | Cycle A\n2026-01-13 | Cycle A\n2026-01-25 | Cycle A\n2026-02-06 | Cycle A\n2026-02-18 | Cycle A\n2026-03-02 | Cycle A\n2026-03-14 | Cycle A\n2026-03-26 | Cycle A\n2026-04-07 | Cycle A\n2026-04-19 | Cycle A\n2026-05-01 | Cycle A\n2026-05-13 | Cycle A\n2026-05-25 | Cycle A\n2026-06-06 | Cycle A\n2026-06-18 | Cycle A\n2026-06-30 | Cycle A\n2026-07-12 | Cycle A\n2026-07-24 | Cycle A\n2026-08-05 | Cycle A\n2026-08-17 | Cycle A\n2026-08-29 | Cycle A\n2026-09-10 | Cycle A\n2026-09-22 | Cycle A\n2026-10-04 | Cycle A\n2026-10-16 | Cycle A\n2026-10-28 | Cycle A\n2026-11-09 | Cycle A\n2026-11-21 | Cycle A\n2026-12-03 | Cycle A\n2026-12-15 | Cycle A\n2026-12-27 | Cycle A","mixed_mode":"no","l_band":"yes","ls_band":"no","s_band":"no","SH":1,"SV":0,"DH":0,"DV":0,"QP":0,"CP":0,"QD":0,"QQ":0,"bw_40":"no","bw_20":"no","bw_77":"yes","bw_max_5":"no","visualization":"F0","Shape__Area":1060628181234.8203,"Shape__Length":4121980.7361043263,"tracks":68,"frames":126}},{"type":"Feature","id":14432,"geometry":{"type":"Polygon","coordinates":[[[-77.992324788,-72.448564675],[-78.268239173,-72.990821132],[-82.084401436,-72.780476972],[-83.532759367,-72.6802436199999],[-85.894677808,-72.491593334],[-85.400936728,-71.959062122],[-84.931326535,-71.42556368],[-84.483858824,-70.891173829],[-84.0567533139999,-70.355960151],[-81.935482575,-70.530108771],[-80.638521129,-70.62309618],[-77.232379656,-70.82033797],[-77.475384795,-71.3633077269999],[-77.728389491,-71.906054755],[-77.992324788,-72.448564675]]]},"properties":{"fid":14432,"track":169,"frame":124,"dates":"2025-10-04, 2025-10-16, 2025-10-28, 2025-11-09, 2025-11-21, 2025-12-03, 2025-12-15, 2025-12-27, 2026-01-08, 2026-01-20, 2026-02-01, 2026-02-13, 2026-02-25, 2026-03-09, 2026-03-21, 2026-04-02, 2026-04-14, 2026-04-26, 2026-05-08, 2026-05-20, 2026-06-01, 2026-06-13, 2026-06-25, 2026-07-07, 2026-07-19, 2026-07-31, 2026-08-12, 2026-08-24, 2026-09-05, 2026-09-17, 2026-09-29, 2026-10-11, 2026-10-23, 2026-11-04, 2026-11-16, 2026-11-28, 2026-12-10, 2026-12-22","acquisition_time":"22:50:12, 22:51:28, 22:50:08","date_mode_popup":"2025-10-04 | 153,246\n2025-10-16 | 153,246\n2025-10-28 | 153,246\n2025-11-09 | 153,246\n2025-11-21 | 153,246\n2025-12-03 | 153,246\n2025-12-15 | 153,246\n2025-12-27 | 153,246\n2026-01-08 | 153,246\n2026-01-20 | 153,246\n2026-02-01 | 153,220\n2026-02-13 | 153,220\n2026-02-25 | 153,246\n2026-03-09 | 153,246\n2026-03-21 | 153,246\n2026-04-02 | 153,246\n2026-04-14 | 153,246\n2026-04-26 | 153,246\n2026-05-08 | 153,246\n2026-05-20 | 153,246\n2026-06-01 | 153,246\n2026-06-13 | 153,246\n2026-06-25 | 153,246\n2026-07-07 | 153,246\n2026-07-19 | 153,246\n2026-07-31 | 153,220\n2026-08-12 | 153,220\n2026-08-24 | 153,246\n2026-09-05 | 153,246\n2026-09-17 | 153,246\n2026-09-29 | 153,246\n2026-10-11 | 153,246\n2026-10-23 | 153,246\n2026-11-04 | 153,246\n2026-11-16 | 153,246\n2026-11-28 | 153,246\n2026-12-10 | 153,246\n2026-12-22 | 153,246","producerifg":1,"producerunw":1,"produceroff":1,"producegunw":1,"producegoff":1,"producerslc":1,"producegslc":1,"producegcov":1,"producesmst":0,"passdirection":"Descending","unique_radar_mode_list":"153, 220, 246","unique_radar_mode_mnemonic_list":"L:SCI:SH:77M+---:HS:B4:D02  S:--:SH:37W:B4, L:SCI:SH:77M+---:HS:B4:D02  S:DB:CP:25W:B4, L:SCI:SV:05W+---:FS:B4:D09","number_combos":2,"mode_change":"yes","radar_mode_combination_1":"153,246","radar_mode_combination_2":"153,220","radar_mode_combination_3":null,"radar_mode_combination_4":null,"radar_mode_combination_5":null,"radar_mode_combination_6":null,"radar_mode_combination_7":null,"radar_mode_combination_8":null,"radar_mode_combination_9":null,"radar_mode_mnemonic_combination_1":"L:SCI:SV:05W+---:FS:B4:D09,L:SCI:SH:77M+---:HS:B4:D02  S:--:SH:37W:B4","radar_mode_mnemonic_combination_2":"L:SCI:SV:05W+---:FS:B4:D09,L:SCI:SH:77M+---:HS:B4:D02  S:DB:CP:25W:B4","radar_mode_mnemonic_combination_3":null,"radar_mode_mnemonic_combination_4":null,"radar_mode_mnemonic_combination_5":null,"radar_mode_mnemonic_combination_6":null,"radar_mode_mnemonic_combination_7":null,"radar_mode_mnemonic_combination_8":null,"radar_mode_mnemonic_combination_9":null,"date_cycle_popup":"2025-10-04 | Cycle A\n2025-10-16 | Cycle A\n2025-10-28 | Cycle A\n2025-11-09 | Cycle A\n2025-11-21 | Cycle A\n2025-12-03 | Cycle A\n2025-12-15 | Cycle A\n2025-12-27 | Cycle A\n2026-01-08 | Cycle A\n2026-01-20 | Cycle A\n2026-02-01 | Cycle B\n2026-02-13 | Cycle B\n2026-02-25 | Cycle A\n2026-03-09 | Cycle A\n2026-03-21 | Cycle A\n2026-04-02 | Cycle A\n2026-04-14 | Cycle A\n2026-04-26 | Cycle A\n2026-05-08 | Cycle A\n2026-05-20 | Cycle A\n2026-06-01 | Cycle A\n2026-06-13 | Cycle A\n2026-06-25 | Cycle A\n2026-07-07 | Cycle A\n2026-07-19 | Cycle A\n2026-07-31 | Cycle B\n2026-08-12 | Cycle B\n2026-08-24 | Cycle A\n2026-09-05 | Cycle A\n2026-09-17 | Cycle A\n2026-09-29 | Cycle A\n2026-10-11 | Cycle A\n2026-10-23 | Cycle A\n2026-11-04 | Cycle A\n2026-11-16 | Cycle A\n2026-11-28 | Cycle A\n2026-12-10 | Cycle A\n2026-12-22 | Cycle A","mixed_mode":"yes","l_band":"yes","ls_band":"yes","s_band":"no","SH":1,"SV":1,"DH":0,"DV":0,"QP":0,"CP":0,"QD":0,"QQ":0,"bw_40":"no","bw_20":"no","bw_77":"yes","bw_max_5":"yes","visualization":"S1","Shape__Area":642423376217.28906,"Shape__Length":3207639.1216976219,"tracks":169,"frames":124}},{"type":"Feature","id":7173,"geometry":{"type":"Polygon","coordinates":[[[-125.263300592,-76.059801512],[-125.636433789,-75.517357052],[-125.988087059,-74.974505542],[-121.697507887,-74.747554818],[-120.075980052,-74.638444507],[-117.441711654,-74.432328344],[-116.79860714,-74.96103973],[-116.114027352,-75.48810965],[-115.383428793,-76.013358476],[-114.60160752,-76.536579053],[-117.611196356,-76.768374665],[-119.47521144,-76.890758914],[-124.441771302,-77.143291115],[-124.866089552,-76.6017962239999],[-125.263300592,-76.059801512]]]},"properties":{"fid":7173,"track":92,"frame":140,"dates":"2025-09-29, 2025-10-11, 2025-10-23, 2025-11-04, 2025-11-16, 2025-11-28, 2025-12-10, 2025-12-22, 2026-01-03, 2026-01-15, 2026-01-27, 2026-02-08, 2026-02-20, 2026-03-04, 2026-03-16, 2026-03-28, 2026-04-09, 2026-04-21, 2026-05-03, 2026-05-15, 2026-05-27, 2026-06-08, 2026-06-20, 2026-07-02, 2026-07-14, 2026-07-26, 2026-08-07, 2026-08-19, 2026-08-31, 2026-09-12, 2026-09-24, 2026-10-06, 2026-10-18, 2026-10-30, 2026-11-11, 2026-11-23, 2026-12-05, 2026-12-17, 2026-12-29","acquisition_time":"14:49:48","date_mode_popup":"2025-09-29 | 150\n2025-10-11 | 150\n2025-10-23 | 150\n2025-11-04 | 150\n2025-11-16 | 150\n2025-11-28 | 150\n2025-12-10 | 150\n2025-12-22 | 150\n2026-01-03 | 150\n2026-01-15 | 150\n2026-01-27 | 150\n2026-02-08 | 150\n2026-02-20 | 150\n2026-03-04 | 150\n2026-03-16 | 150\n2026-03-28 | 150\n2026-04-09 | 150\n2026-04-21 | 150\n2026-05-03 | 150\n2026-05-15 | 150\n2026-05-27 | 150\n2026-06-08 | 150\n2026-06-20 | 150\n2026-07-02 | 150\n2026-07-14 | 150\n2026-07-26 | 150\n2026-08-07 | 150\n2026-08-19 | 150\n2026-08-31 | 150\n2026-09-12 | 150\n2026-09-24 | 150\n2026-10-06 | 150\n2026-10-18 | 150\n2026-10-30 | 150\n2026-11-11 | 150\n2026-11-23 | 150\n2026-12-05 | 150\n2026-12-17 | 150\n2026-12-29 | 150","producerifg":1,"producerunw":1,"produceroff":1,"producegunw":1,"producegoff":1,"producerslc":1,"producegslc":1,"producegcov":1,"producesmst":0,"passdirection":"Ascending","unique_radar_mode_list":"150","unique_radar_mode_mnemonic_list":"L:SCI:SH:77M+---:HS:B4:D02","number_combos":1,"mode_change":"no","radar_mode_combination_1":"150","radar_mode_combination_2":null,"radar_mode_combination_3":null,"radar_mode_combination_4":null,"radar_mode_combination_5":null,"radar_mode_combination_6":null,"radar_mode_combination_7":null,"radar_mode_combination_8":null,"radar_mode_combination_9":null,"radar_mode_mnemonic_combination_1":"L:SCI:SH:77M+---:HS:B4:D02","radar_mode_mnemonic_combination_2":null,"radar_mode_mnemonic_combination_3":null,"radar_mode_mnemonic_combination_4":null,"radar_mode_mnemonic_combination_5":null,"radar_mode_mnemonic_combination_6":null,"radar_mode_mnemonic_combination_7":null,"radar_mode_mnemonic_combination_8":null,"radar_mode_mnemonic_combination_9":null,"date_cycle_popup":"2025-09-29 | Cycle A\n2025-10-11 | Cycle A\n2025-10-23 | Cycle A\n2025-11-04 | Cycle A\n2025-11-16 | Cycle A\n2025-11-28 | Cycle A\n2025-12-10 | Cycle A\n2025-12-22 | Cycle A\n2026-01-03 | Cycle A\n2026-01-15 | Cycle A\n2026-01-27 | Cycle A\n2026-02-08 | Cycle A\n2026-02-20 | Cycle A\n2026-03-04 | Cycle A\n2026-03-16 | Cycle A\n2026-03-28 | Cycle A\n2026-04-09 | Cycle A\n2026-04-21 | Cycle A\n2026-05-03 | Cycle A\n2026-05-15 | Cycle A\n2026-05-27 | Cycle A\n2026-06-08 | Cycle A\n2026-06-20 | Cycle A\n2026-07-02 | Cycle A\n2026-07-14 | Cycle A\n2026-07-26 | Cycle A\n2026-08-07 | Cycle A\n2026-08-19 | Cycle A\n2026-08-31 | Cycle A\n2026-09-12 | Cycle A\n2026-09-24 | Cycle A\n2026-10-06 | Cycle A\n2026-10-18 | Cycle A\n2026-10-30 | Cycle A\n2026-11-11 | Cycle A\n2026-11-23 | Cycle A\n2026-12-05 | Cycle A\n2026-12-17 | Cycle A\n2026-12-29 | Cycle A","mixed_mode":"no","l_band":"yes","ls_band":"no","s_band":"no","SH":1,"SV":0,"DH":0,"DV":0,"QP":0,"CP":0,"QD":0,"QQ":0,"bw_40":"no","bw_20":"no","bw_77":"yes","bw_max_5":"no","visualization":"F0","Shape__Area":1060718724344.2656,"Shape__Length":4122159.3486019257,"tracks":92,"frames":140}},{"type":"Feature","id":13173,"geometry":{"type":"Polygon","coordinates":[[[-88.395131132,-72.448331172],[-88.6709732739999,-72.990581519],[-92.4870907909999,-72.780280101],[-93.935437276,-72.680063431],[-96.297343628,-72.491440852],[-95.803678695,-71.958912999],[-95.3341401009999,-71.425418243],[-94.886739823,-70.891032367],[-94.459697938,-70.355822933],[-92.3384373869999,-70.5299470209999],[-91.041484994,-70.622919668],[-87.635377475,-70.820123627],[-87.878322611,-71.363086873],[-88.131263604,-71.905827513],[-88.395131132,-72.448331172]]]},"properties":{"fid":13173,"track":155,"frame":124,"dates":"2025-10-03, 2025-10-15, 2025-10-27, 2025-11-08, 2025-11-20, 2025-12-02, 2025-12-14, 2025-12-26, 2026-01-07, 2026-01-19, 2026-01-31, 2026-02-12, 2026-02-24, 2026-03-08, 2026-03-20, 2026-04-01, 2026-04-13, 2026-04-25, 2026-05-07, 2026-05-19, 2026-05-31, 2026-06-12, 2026-06-24, 2026-07-06, 2026-07-18, 2026-07-30, 2026-08-11, 2026-08-23, 2026-09-04, 2026-09-16, 2026-09-28, 2026-10-10, 2026-10-22, 2026-11-03, 2026-11-15, 2026-11-27, 2026-12-09, 2026-12-21","acquisition_time":"23:33:44","date_mode_popup":"2025-10-03 | 153,150\n2025-10-15 | 153,150\n2025-10-27 | 153,150\n2025-11-08 | 153,150\n2025-11-20 | 153,150\n2025-12-02 | 153,150\n2025-12-14 | 153,150\n2025-12-26 | 153,150\n2026-01-07 | 153,150\n2026-01-19 | 153,150\n2026-01-31 | 153,150\n2026-02-12 | 153,150\n2026-02-24 | 153,150\n2026-03-08 | 153,150\n2026-03-20 | 153,150\n2026-04-01 | 153,150\n2026-04-13 | 153,150\n2026-04-25 | 153,150\n2026-05-07 | 153,150\n2026-05-19 | 153,150\n2026-05-31 | 153,150\n2026-06-12 | 153,150\n2026-06-24 | 153,150\n2026-07-06 | 153,150\n2026-07-18 | 153,150\n2026-07-30 | 153,150\n2026-08-11 | 153,150\n2026-08-23 | 153,150\n2026-09-04 | 153,150\n2026-09-16 | 153,150\n2026-09-28 | 153,150\n2026-10-10 | 153,150\n2026-10-22 | 153,150\n2026-11-03 | 153,150\n2026-11-15 | 153,150\n2026-11-27 | 153,150\n2026-12-09 | 153,150\n2026-12-21 | 153,150","producerifg":1,"producerunw":1,"produceroff":1,"producegunw":1,"producegoff":1,"producerslc":1,"producegslc":1,"producegcov":1,"producesmst":0,"passdirection":"Descending","unique_radar_mode_list":"150, 153","unique_radar_mode_mnemonic_list":"L:SCI:SH:77M+---:HS:B4:D02, L:SCI:SV:05W+---:FS:B4:D09","number_combos":1,"mode_change":"no","radar_mode_combination_1":"153,150","radar_mode_combination_2":null,"radar_mode_combination_3":null,"radar_mode_combination_4":null,"radar_mode_combination_5":null,"radar_mode_combination_6":null,"radar_mode_combination_7":null,"radar_mode_combination_8":null,"radar_mode_combination_9":null,"radar_mode_mnemonic_combination_1":"L:SCI:SV:05W+---:FS:B4:D09,L:SCI:SH:77M+---:HS:B4:D02","radar_mode_mnemonic_combination_2":null,"radar_mode_mnemonic_combination_3":null,"radar_mode_mnemonic_combination_4":null,"radar_mode_mnemonic_combination_5":null,"radar_mode_mnemonic_combination_6":null,"radar_mode_mnemonic_combination_7":null,"radar_mode_mnemonic_combination_8":null,"radar_mode_mnemonic_combination_9":null,"date_cycle_popup":"2025-10-03 | Cycle A\n2025-10-15 | Cycle A\n2025-10-27 | Cycle A\n2025-11-08 | Cycle A\n2025-11-20 | Cycle A\n2025-12-02 | Cycle A\n2025-12-14 | Cycle A\n2025-12-26 | Cycle A\n2026-01-07 | Cycle A\n2026-01-19 | Cycle A\n2026-01-31 | Cycle A\n2026-02-12 | Cycle A\n2026-02-24 | Cycle A\n2026-03-08 | Cycle A\n2026-03-20 | Cycle A\n2026-04-01 | Cycle A\n2026-04-13 | Cycle A\n2026-04-25 | Cycle A\n2026-05-07 | Cycle A\n2026-05-19 | Cycle A\n2026-05-31 | Cycle A\n2026-06-12 | Cycle A\n2026-06-24 | Cycle A\n2026-07-06 | Cycle A\n2026-07-18 | Cycle A\n2026-07-30 | Cycle A\n2026-08-11 | Cycle A\n2026-08-23 | Cycle A\n2026-09-04 | Cycle A\n2026-09-16 | Cycle A\n2026-09-28 | Cycle A\n2026-10-10 | Cycle A\n2026-10-22 | Cycle A\n2026-11-03 | Cycle A\n2026-11-15 | Cycle A\n2026-11-27 | Cycle A\n2026-12-09 | Cycle A\n2026-12-21 | Cycle A","mixed_mode":"yes","l_band":"yes","ls_band":"no","s_band":"no","SH":1,"SV":1,"DH":0,"DV":0,"QP":0,"CP":0,"QD":0,"QQ":0,"bw_40":"no","bw_20":"no","bw_77":"yes","bw_max_5":"yes","visualization":"F1","Shape__Area":642396122241.92188,"Shape__Length":3207571.4712507976,"tracks":155,"frames":124}},{"type":"Feature","id":14618,"geometry":{"type":"Polygon","coordinates":[[[-129.077999967,-74.536714902],[-129.420730798,-75.090316601],[-133.741926876,-74.862263727],[-135.374555845,-74.752574184],[-138.026172164,-74.545328534],[-137.401406055,-74.00522332],[-136.812626601,-73.463691454],[-136.256486695,-72.9208630379999],[-135.730031891,-72.376852271],[-133.38278436,-72.564591448],[-131.94369778,-72.664367235],[-128.152771248,-72.873876329],[-128.445739923,-73.428467145],[-128.75361544,-73.982755207],[-129.077999967,-74.536714902]]]},"properties":{"fid":14618,"track":171,"frame":125,"dates":"2025-10-05, 2025-10-17, 2025-10-29, 2025-11-10, 2025-11-22, 2025-12-04, 2025-12-16, 2025-12-28, 2026-01-09, 2026-01-21, 2026-02-02, 2026-02-14, 2026-02-26, 2026-03-10, 2026-03-22, 2026-04-03, 2026-04-15, 2026-04-27, 2026-05-09, 2026-05-21, 2026-06-02, 2026-06-14, 2026-06-26, 2026-07-08, 2026-07-20, 2026-08-01, 2026-08-13, 2026-08-25, 2026-09-06, 2026-09-18, 2026-09-30, 2026-10-12, 2026-10-24, 2026-11-05, 2026-11-17, 2026-11-29, 2026-12-11, 2026-12-23","acquisition_time":"02:09:48, 02:10:52, 02:10:20, 02:10:00","date_mode_popup":"2025-10-05 | 153,150\n2025-10-17 | 153,150\n2025-10-29 | 153,150\n2025-11-10 | 153,150\n2025-11-22 | 153,150\n2025-12-04 | 153,150\n2025-12-16 | 153,150\n2025-12-28 | 153,150\n2026-01-09 | 153,150\n2026-01-21 | 153,150\n2026-02-02 | 153,150\n2026-02-14 | 153,150\n2026-02-26 | 153,150\n2026-03-10 | 153,150\n2026-03-22 | 153,150\n2026-04-03 | 153,150\n2026-04-15 | 153,150\n2026-04-27 | 153,150\n2026-05-09 | 153,150\n2026-05-21 | 153,150\n2026-06-02 | 153,150\n2026-06-14 | 153,150\n2026-06-26 | 153,150\n2026-07-08 | 153,150\n2026-07-20 | 153,150\n2026-08-01 | 153,150\n2026-08-13 | 153,150\n2026-08-25 | 153,150\n2026-09-06 | 153,150\n2026-09-18 | 153,150\n2026-09-30 | 153,150\n2026-10-12 | 153,150\n2026-10-24 | 153,150\n2026-11-05 | 153,150\n2026-11-17 | 153,150\n2026-11-29 | 153,150\n2026-12-11 | 153,150\n2026-12-23 | 153,150","producerifg":1,"producerunw":1,"produceroff":1,"producegunw":1,"producegoff":1,"producerslc":1,"producegslc":1,"producegcov":1,"producesmst":0,"passdirection":"Descending","unique_radar_mode_list":"150, 153","unique_radar_mode_mnemonic_list":"L:SCI:SH:77M+---:HS:B4:D02, L:SCI:SV:05W+---:FS:B4:D09","number_combos":1,"mode_change":"no","radar_mode_combination_1":"153,150","radar_mode_combination_2":null,"radar_mode_combination_3":null,"radar_mode_combination_4":null,"radar_mode_combination_5":null,"radar_mode_combination_6":null,"radar_mode_combination_7":null,"radar_mode_combination_8":null,"radar_mode_combination_9":null,"radar_mode_mnemonic_combination_1":"L:SCI:SV:05W+---:FS:B4:D09,L:SCI:SH:77M+---:HS:B4:D02","radar_mode_mnemonic_combination_2":null,"radar_mode_mnemonic_combination_3":null,"radar_mode_mnemonic_combination_4":null,"radar_mode_mnemonic_combination_5":null,"radar_mode_mnemonic_combination_6":null,"radar_mode_mnemonic_combination_7":null,"radar_mode_mnemonic_combination_8":null,"radar_mode_mnemonic_combination_9":null,"date_cycle_popup":"2025-10-05 | Cycle A\n2025-10-17 | Cycle A\n2025-10-29 | Cycle A\n2025-11-10 | Cycle A\n2025-11-22 | Cycle A\n2025-12-04 | Cycle A\n2025-12-16 | Cycle A\n2025-12-28 | Cycle A\n2026-01-09 | Cycle A\n2026-01-21 | Cycle A\n2026-02-02 | Cycle A\n2026-02-14 | Cycle A\n2026-02-26 | Cycle A\n2026-03-10 | Cycle A\n2026-03-22 | Cycle A\n2026-04-03 | Cycle A\n2026-04-15 | Cycle A\n2026-04-27 | Cycle A\n2026-05-09 | Cycle A\n2026-05-21 | Cycle A\n2026-06-02 | Cycle A\n2026-06-14 | Cycle A\n2026-06-26 | Cycle A\n2026-07-08 | Cycle A\n2026-07-20 | Cycle A\n2026-08-01 | Cycle A\n2026-08-13 | Cycle A\n2026-08-25 | Cycle A\n2026-09-06 | Cycle A\n2026-09-18 | Cycle A\n2026-09-30 | Cycle A\n2026-10-12 | Cycle A\n2026-10-24 | Cycle A\n2026-11-05 | Cycle A\n2026-11-17 | Cycle A\n2026-11-29 | Cycle A\n2026-12-11 | Cycle A\n2026-12-23 | Cycle A","mixed_mode":"yes","l_band":"yes","ls_band":"no","s_band":"no","SH":1,"SV":1,"DH":0,"DV":0,"QP":0,"CP":0,"QD":0,"QQ":0,"bw_40":"no","bw_20":"no","bw_77":"yes","bw_max_5":"yes","visualization":"F1","Shape__Area":829284713765.8125,"Shape__Length":3643877.3177826153,"tracks":171,"frames":125}},{"type":"Feature","id":15188,"geometry":{"type":"Polygon","coordinates":[[[-87.414978716,-76.601407834],[-87.812015139,-76.059428474],[-88.184987386,-75.5170000809999],[-88.536491778,-74.9741653089999],[-84.245645065,-74.747299374],[-82.6240073119999,-74.638218934],[-79.9895505119999,-74.432148674],[-79.346604746,-74.960849675],[-78.6621957779999,-75.487910323],[-77.931781491,-76.013151092],[-77.1501595029999,-76.536364941],[-80.159935925,-76.768105825],[-82.024055833,-76.890454787],[-86.990850627,-77.1428881479999],[-87.414978716,-76.601407834]]]},"properties":{"fid":15188,"track":4,"frame":140,"dates":"2025-10-05, 2025-10-17, 2025-10-29, 2025-11-10, 2025-11-22, 2025-12-04, 2025-12-16, 2025-12-28, 2026-01-09, 2026-01-21, 2026-02-02, 2026-02-14, 2026-02-26, 2026-03-10, 2026-03-22, 2026-04-03, 2026-04-15, 2026-04-27, 2026-05-09, 2026-05-21, 2026-06-02, 2026-06-14, 2026-06-26, 2026-07-08, 2026-07-20, 2026-08-01, 2026-08-13, 2026-08-25, 2026-09-06, 2026-09-18, 2026-09-30, 2026-10-12, 2026-10-24, 2026-11-05, 2026-11-17, 2026-11-29, 2026-12-11, 2026-12-23","acquisition_time":"12:17:44","date_mode_popup":"2025-10-05 | 150\n2025-10-17 | 150\n2025-10-29 | 150\n2025-11-10 | 150\n2025-11-22 | 150\n2025-12-04 | 150\n2025-12-16 | 150\n2025-12-28 | 150\n2026-01-09 | 150\n2026-01-21 | 150\n2026-02-02 | 150\n2026-02-14 | 150\n2026-02-26 | 246\n2026-03-10 | 246\n2026-03-22 | 150\n2026-04-03 | 150\n2026-04-15 | 150\n2026-04-27 | 150\n2026-05-09 | 150\n2026-05-21 | 150\n2026-06-02 | 150\n2026-06-14 | 150\n2026-06-26 | 150\n2026-07-08 | 150\n2026-07-20 | 150\n2026-08-01 | 150\n2026-08-13 | 150\n2026-08-25 | 246\n2026-09-06 | 246\n2026-09-18 | 150\n2026-09-30 | 150\n2026-10-12 | 150\n2026-10-24 | 150\n2026-11-05 | 150\n2026-11-17 | 150\n2026-11-29 | 150\n2026-12-11 | 150\n2026-12-23 | 150","producerifg":1,"producerunw":1,"produceroff":1,"producegunw":1,"producegoff":1,"producerslc":1,"producegslc":1,"producegcov":1,"producesmst":0,"passdirection":"Ascending","unique_radar_mode_list":"150, 246","unique_radar_mode_mnemonic_list":"L:SCI:SH:77M+---:HS:B4:D02, L:SCI:SH:77M+---:HS:B4:D02  S:--:SH:37W:B4","number_combos":2,"mode_change":"yes","radar_mode_combination_1":"150","radar_mode_combination_2":"246","radar_mode_combination_3":null,"radar_mode_combination_4":null,"radar_mode_combination_5":null,"radar_mode_combination_6":null,"radar_mode_combination_7":null,"radar_mode_combination_8":null,"radar_mode_combination_9":null,"radar_mode_mnemonic_combination_1":"L:SCI:SH:77M+---:HS:B4:D02","radar_mode_mnemonic_combination_2":"L:SCI:SH:77M+---:HS:B4:D02  S:--:SH:37W:B4","radar_mode_mnemonic_combination_3":null,"radar_mode_mnemonic_combination_4":null,"radar_mode_mnemonic_combination_5":null,"radar_mode_mnemonic_combination_6":null,"radar_mode_mnemonic_combination_7":null,"radar_mode_mnemonic_combination_8":null,"radar_mode_mnemonic_combination_9":null,"date_cycle_popup":"2025-10-05 | Cycle A\n2025-10-17 | Cycle A\n2025-10-29 | Cycle A\n2025-11-10 | Cycle A\n2025-11-22 | Cycle A\n2025-12-04 | Cycle A\n2025-12-16 | Cycle A\n2025-12-28 | Cycle A\n2026-01-09 | Cycle A\n2026-01-21 | Cycle A\n2026-02-02 | Cycle A\n2026-02-14 | Cycle A\n2026-02-26 | Cycle B\n2026-03-10 | Cycle B\n2026-03-22 | Cycle A\n2026-04-03 | Cycle A\n2026-04-15 | Cycle A\n2026-04-27 | Cycle A\n2026-05-09 | Cycle A\n2026-05-21 | Cycle A\n2026-06-02 | Cycle A\n2026-06-14 | Cycle A\n2026-06-26 | Cycle A\n2026-07-08 | Cycle A\n2026-07-20 | Cycle A\n2026-08-01 | Cycle A\n2026-08-13 | Cycle A\n2026-08-25 | Cycle B\n2026-09-06 | Cycle B\n2026-09-18 | Cycle A\n2026-09-30 | Cycle A\n2026-10-12 | Cycle A\n2026-10-24 | Cycle A\n2026-11-05 | Cycle A\n2026-11-17 | Cycle A\n2026-11-29 | Cycle A\n2026-12-11 | Cycle A\n2026-12-23 | Cycle A","mixed_mode":"no","l_band":"yes","ls_band":"yes","s_band":"no","SH":1,"SV":0,"DH":0,"DV":0,"QP":0,"CP":0,"QD":0,"QQ":0,"bw_40":"no","bw_20":"no","bw_77":"yes","bw_max_5":"no","visualization":"S0","Shape__Area":1060694223630.7891,"Shape__Length":4122115.6365366289,"tracks":4,"frames":140}},{"type":"Feature","id":8006,"geometry":{"type":"Polygon","coordinates":[[[-129.754242812,-71.905850145],[-130.018215702,-72.448357222],[-130.294169694,-72.990610788],[-134.109820412,-72.780271828],[-135.557991827,-72.680044902],[-137.91961551,-72.4914102939999],[-137.425869716,-71.958881931],[-136.95625472,-71.425386338],[-136.508782164,-70.8909993459999],[-136.081671791,-70.355788522],[-133.960659135,-70.529922383],[-132.663860296,-70.622903519],[-129.258163251,-70.8201389389999],[-129.50120239,-71.3631059269999],[-129.754242812,-71.905850145]]]},"properties":{"fid":8006,"track":99,"frame":124,"dates":"2025-09-30, 2025-10-12, 2025-10-24, 2025-11-05, 2025-11-17, 2025-11-29, 2025-12-11, 2025-12-23, 2026-01-04, 2026-01-16, 2026-01-28, 2026-02-09, 2026-02-21, 2026-03-05, 2026-03-17, 2026-03-29, 2026-04-10, 2026-04-22, 2026-05-04, 2026-05-16, 2026-05-28, 2026-06-09, 2026-06-21, 2026-07-03, 2026-07-15, 2026-07-27, 2026-08-08, 2026-08-20, 2026-09-01, 2026-09-13, 2026-09-25, 2026-10-07, 2026-10-19, 2026-10-31, 2026-11-12, 2026-11-24, 2026-12-06, 2026-12-18, 2026-12-30","acquisition_time":"02:18:08, 02:17:56, 02:19:12, 02:18:32","date_mode_popup":"2025-09-30 | 153\n2025-10-12 | 153\n2025-10-24 | 153\n2025-11-05 | 153\n2025-11-17 | 153\n2025-11-29 | 153\n2025-12-11 | 153\n2025-12-23 | 153\n2026-01-04 | 153\n2026-01-16 | 153\n2026-01-28 | 153\n2026-02-09 | 153\n2026-02-21 | 153\n2026-03-05 | 153\n2026-03-17 | 153\n2026-03-29 | 153\n2026-04-10 | 153\n2026-04-22 | 153\n2026-05-04 | 153\n2026-05-16 | 153\n2026-05-28 | 153\n2026-06-09 | 153\n2026-06-21 | 153\n2026-07-03 | 153\n2026-07-15 | 153\n2026-07-27 | 153\n2026-08-08 | 153\n2026-08-20 | 153\n2026-09-01 | 153\n2026-09-13 | 153\n2026-09-25 | 153\n2026-10-07 | 153\n2026-10-19 | 153\n2026-10-31 | 153\n2026-11-12 | 153\n2026-11-24 | 153\n2026-12-06 | 153\n2026-12-18 | 153\n2026-12-30 | 153","producerifg":0,"producerunw":0,"produceroff":0,"producegunw":0,"producegoff":0,"producerslc":1,"producegslc":1,"producegcov":1,"producesmst":0,"passdirection":"Descending","unique_radar_mode_list":"153","unique_radar_mode_mnemonic_list":"L:SCI:SV:05W+---:FS:B4:D09","number_combos":1,"mode_change":"no","radar_mode_combination_1":"153","radar_mode_combination_2":null,"radar_mode_combination_3":null,"radar_mode_combination_4":null,"radar_mode_combination_5":null,"radar_mode_combination_6":null,"radar_mode_combination_7":null,"radar_mode_combination_8":null,"radar_mode_combination_9":null,"radar_mode_mnemonic_combination_1":"L:SCI:SV:05W+---:FS:B4:D09","radar_mode_mnemonic_combination_2":null,"radar_mode_mnemonic_combination_3":null,"radar_mode_mnemonic_combination_4":null,"radar_mode_mnemonic_combination_5":null,"radar_mode_mnemonic_combination_6":null,"radar_mode_mnemonic_combination_7":null,"radar_mode_mnemonic_combination_8":null,"radar_mode_mnemonic_combination_9":null,"date_cycle_popup":"2025-09-30 | Cycle A\n2025-10-12 | Cycle A\n2025-10-24 | Cycle A\n2025-11-05 | Cycle A\n2025-11-17 | Cycle A\n2025-11-29 | Cycle A\n2025-12-11 | Cycle A\n2025-12-23 | Cycle A\n2026-01-04 | Cycle A\n2026-01-16 | Cycle A\n2026-01-28 | Cycle A\n2026-02-09 | Cycle A\n2026-02-21 | Cycle A\n2026-03-05 | Cycle A\n2026-03-17 | Cycle A\n2026-03-29 | Cycle A\n2026-04-10 | Cycle A\n2026-04-22 | Cycle A\n2026-05-04 | Cycle A\n2026-05-16 | Cycle A\n2026-05-28 | Cycle A\n2026-06-09 | Cycle A\n2026-06-21 | Cycle A\n2026-07-03 | Cycle A\n2026-07-15 | Cycle A\n2026-07-27 | Cycle A\n2026-08-08 | Cycle A\n2026-08-20 | Cycle A\n2026-09-01 | Cycle A\n2026-09-13 | Cycle A\n2026-09-25 | Cycle A\n2026-10-07 | Cycle A\n2026-10-19 | Cycle A\n2026-10-31 | Cycle A\n2026-11-12 | Cycle A\n2026-11-24 | Cycle A\n2026-12-06 | Cycle A\n2026-12-18 | Cycle A\n2026-12-30 | Cycle A","mixed_mode":"no","l_band":"yes","ls_band":"no","s_band":"no","SH":0,"SV":1,"DH":0,"DV":0,"QP":0,"CP":0,"QD":0,"QQ":0,"bw_40":"no","bw_20":"no","bw_77":"no","bw_max_5":"yes","visualization":"F0","Shape__Area":642334078152.42188,"Shape__Length":3207411.7302089292,"tracks":99,"frames":124}},{"type":"Feature","id":3357,"geometry":{"type":"Polygon","coordinates":[[[-104.859895222,-78.130551095],[-105.352637109,-77.5791580869999],[-105.810010499,-77.027125887],[-100.884649544,-76.776270509],[-99.035244469,-76.654735382],[-96.048032466,-76.424560965],[-95.2045398659999,-76.9565802819999],[-94.295792074,-77.486008241],[-93.3135215089999,-78.012507876],[-92.2480884129999,-78.535682101],[-95.72293453,-78.8019349479999],[-97.8954447139999,-78.9424772149999],[-103.74676966,-79.231057431],[-104.326657635,-78.6812188389999],[-104.859895222,-78.130551095]]]},"properties":{"fid":3357,"track":48,"frame":139,"dates":"2025-09-26, 2025-10-08, 2025-10-20, 2025-11-01, 2025-11-13, 2025-11-25, 2025-12-07, 2025-12-19, 2025-12-31, 2026-01-12, 2026-01-24, 2026-02-05, 2026-02-17, 2026-03-01, 2026-03-13, 2026-03-25, 2026-04-06, 2026-04-18, 2026-04-30, 2026-05-12, 2026-05-24, 2026-06-05, 2026-06-17, 2026-06-29, 2026-07-11, 2026-07-23, 2026-08-04, 2026-08-16, 2026-08-28, 2026-09-09, 2026-09-21, 2026-10-03, 2026-10-15, 2026-10-27, 2026-11-08, 2026-11-20, 2026-12-02, 2026-12-14, 2026-12-26","acquisition_time":"13:33:12","date_mode_popup":"2025-09-26 | 151,150\n2025-10-08 | 151,150\n2025-10-20 | 151,150\n2025-11-01 | 151,150\n2025-11-13 | 151,150\n2025-11-25 | 151,150\n2025-12-07 | 151,150\n2025-12-19 | 151,150\n2025-12-31 | 151,150\n2026-01-12 | 151,150\n2026-01-24 | 151,150\n2026-02-05 | 151,150\n2026-02-17 | 151,150\n2026-03-01 | 151,150\n2026-03-13 | 151,150\n2026-03-25 | 151,150\n2026-04-06 | 151,150\n2026-04-18 | 151,150\n2026-04-30 | 151,150\n2026-05-12 | 151,150\n2026-05-24 | 151,150\n2026-06-05 | 151,150\n2026-06-17 | 151,150\n2026-06-29 | 151,150\n2026-07-11 | 151,150\n2026-07-23 | 151,150\n2026-08-04 | 151,150\n2026-08-16 | 151,150\n2026-08-28 | 151,150\n2026-09-09 | 151,150\n2026-09-21 | 151,150\n2026-10-03 | 151,150\n2026-10-15 | 151,150\n2026-10-27 | 151,150\n2026-11-08 | 151,150\n2026-11-20 | 151,150\n2026-12-02 | 151,150\n2026-12-14 | 151,150\n2026-12-26 | 151,150","producerifg":1,"producerunw":1,"produceroff":1,"producegunw":1,"producegoff":1,"producerslc":1,"producegslc":1,"producegcov":1,"producesmst":0,"passdirection":"Ascending","unique_radar_mode_list":"150, 151","unique_radar_mode_mnemonic_list":"L:SCI:SH:40M+05N:FS:B4:D02, L:SCI:SH:77M+---:HS:B4:D02","number_combos":1,"mode_change":"no","radar_mode_combination_1":"151,150","radar_mode_combination_2":null,"radar_mode_combination_3":null,"radar_mode_combination_4":null,"radar_mode_combination_5":null,"radar_mode_combination_6":null,"radar_mode_combination_7":null,"radar_mode_combination_8":null,"radar_mode_combination_9":null,"radar_mode_mnemonic_combination_1":"L:SCI:SH:40M+05N:FS:B4:D02,L:SCI:SH:77M+---:HS:B4:D02","radar_mode_mnemonic_combination_2":null,"radar_mode_mnemonic_combination_3":null,"radar_mode_mnemonic_combination_4":null,"radar_mode_mnemonic_combination_5":null,"radar_mode_mnemonic_combination_6":null,"radar_mode_mnemonic_combination_7":null,"radar_mode_mnemonic_combination_8":null,"radar_mode_mnemonic_combination_9":null,"date_cycle_popup":"2025-09-26 | Cycle A\n2025-10-08 | Cycle A\n2025-10-20 | Cycle A\n2025-11-01 | Cycle A\n2025-11-13 | Cycle A\n2025-11-25 | Cycle A\n2025-12-07 | Cycle A\n2025-12-19 | Cycle A\n2025-12-31 | Cycle A\n2026-01-12 | Cycle A\n2026-01-24 | Cycle A\n2026-02-05 | Cycle A\n2026-02-17 | Cycle A\n2026-03-01 | Cycle A\n2026-03-13 | Cycle A\n2026-03-25 | Cycle A\n2026-04-06 | Cycle A\n2026-04-18 | Cycle A\n2026-04-30 | Cycle A\n2026-05-12 | Cycle A\n2026-05-24 | Cycle A\n2026-06-05 | Cycle A\n2026-06-17 | Cycle A\n2026-06-29 | Cycle A\n2026-07-11 | Cycle A\n2026-07-23 | Cycle A\n2026-08-04 | Cycle A\n2026-08-16 | Cycle A\n2026-08-28 | Cycle A\n2026-09-09 | Cycle A\n2026-09-21 | Cycle A\n2026-10-03 | Cycle A\n2026-10-15 | Cycle A\n2026-10-27 | Cycle A\n2026-11-08 | Cycle A\n2026-11-20 | Cycle A\n2026-12-02 | Cycle A\n2026-12-14 | Cycle A\n2026-12-26 | Cycle A","mixed_mode":"yes","l_band":"yes","ls_band":"no","s_band":"no","SH":1,"SV":0,"DH":0,"DV":0,"QP":0,"CP":0,"QD":0,"QQ":0,"bw_40":"yes","bw_20":"no","bw_77":"yes","bw_max_5":"no","visualization":"F1","Shape__Area":1470890950296.0938,"Shape__Length":4853949.56026078,"tracks":48,"frames":139}},{"type":"Feature","id":10619,"geometry":{"type":"Polygon","coordinates":[[[-109.479472745,-72.990248903],[-113.295307225,-72.779992664],[-114.743555386,-72.6797956789999],[-117.10531236,-72.49120813],[-116.611718678,-71.958683862],[-116.142246949,-71.4251930089999],[-115.694909546,-70.890811336],[-115.267926882,-70.3556063679999],[-113.146796283,-70.529699051],[-111.849928404,-70.622654015],[-108.444061093,-70.819817153],[-108.686964543,-71.36277369],[-108.939861143,-71.905507726],[-109.203681292,-72.448004906],[-109.479472745,-72.990248903]]]},"properties":{"fid":10619,"track":127,"frame":124,"dates":"2025-10-02, 2025-10-14, 2025-10-26, 2025-11-07, 2025-11-19, 2025-12-01, 2025-12-13, 2025-12-25, 2026-01-06, 2026-01-18, 2026-01-30, 2026-02-11, 2026-02-23, 2026-03-07, 2026-03-19, 2026-03-31, 2026-04-12, 2026-04-24, 2026-05-06, 2026-05-18, 2026-05-30, 2026-06-11, 2026-06-23, 2026-07-05, 2026-07-17, 2026-07-29, 2026-08-10, 2026-08-22, 2026-09-03, 2026-09-15, 2026-09-27, 2026-10-09, 2026-10-21, 2026-11-02, 2026-11-14, 2026-11-26, 2026-12-08, 2026-12-20","acquisition_time":"00:55:28, 00:56:12, 00:55:44, 00:55:32","date_mode_popup":"2025-10-02 | 153\n2025-10-14 | 153\n2025-10-26 | 153\n2025-11-07 | 153\n2025-11-19 | 153\n2025-12-01 | 153\n2025-12-13 | 153\n2025-12-25 | 153\n2026-01-06 | 153\n2026-01-18 | 153\n2026-01-30 | 153\n2026-02-11 | 153\n2026-02-23 | 153\n2026-03-07 | 153\n2026-03-19 | 153\n2026-03-31 | 153\n2026-04-12 | 153\n2026-04-24 | 153\n2026-05-06 | 153\n2026-05-18 | 153\n2026-05-30 | 153\n2026-06-11 | 153\n2026-06-23 | 153\n2026-07-05 | 153\n2026-07-17 | 153\n2026-07-29 | 153\n2026-08-10 | 153\n2026-08-22 | 153\n2026-09-03 | 153\n2026-09-15 | 153\n2026-09-27 | 153\n2026-10-09 | 153\n2026-10-21 | 153\n2026-11-02 | 153\n2026-11-14 | 153\n2026-11-26 | 153\n2026-12-08 | 153\n2026-12-20 | 153","producerifg":0,"producerunw":0,"produceroff":0,"producegunw":0,"producegoff":0,"producerslc":1,"producegslc":1,"producegcov":1,"producesmst":0,"passdirection":"Descending","unique_radar_mode_list":"153","unique_radar_mode_mnemonic_list":"L:SCI:SV:05W+---:FS:B4:D09","number_combos":1,"mode_change":"no","radar_mode_combination_1":"153","radar_mode_combination_2":null,"radar_mode_combination_3":null,"radar_mode_combination_4":null,"radar_mode_combination_5":null,"radar_mode_combination_6":null,"radar_mode_combination_7":null,"radar_mode_combination_8":null,"radar_mode_combination_9":null,"radar_mode_mnemonic_combination_1":"L:SCI:SV:05W+---:FS:B4:D09","radar_mode_mnemonic_combination_2":null,"radar_mode_mnemonic_combination_3":null,"radar_mode_mnemonic_combination_4":null,"radar_mode_mnemonic_combination_5":null,"radar_mode_mnemonic_combination_6":null,"radar_mode_mnemonic_combination_7":null,"radar_mode_mnemonic_combination_8":null,"radar_mode_mnemonic_combination_9":null,"date_cycle_popup":"2025-10-02 | Cycle A\n2025-10-14 | Cycle A\n2025-10-26 | Cycle A\n2025-11-07 | Cycle A\n2025-11-19 | Cycle A\n2025-12-01 | Cycle A\n2025-12-13 | Cycle A\n2025-12-25 | Cycle A\n2026-01-06 | Cycle A\n2026-01-18 | Cycle A\n2026-01-30 | Cycle A\n2026-02-11 | Cycle A\n2026-02-23 | Cycle A\n2026-03-07 | Cycle A\n2026-03-19 | Cycle A\n2026-03-31 | Cycle A\n2026-04-12 | Cycle A\n2026-04-24 | Cycle A\n2026-05-06 | Cycle A\n2026-05-18 | Cycle A\n2026-05-30 | Cycle A\n2026-06-11 | Cycle A\n2026-06-23 | Cycle A\n2026-07-05 | Cycle A\n2026-07-17 | Cycle A\n2026-07-29 | Cycle A\n2026-08-10 | Cycle A\n2026-08-22 | Cycle A\n2026-09-03 | Cycle A\n2026-09-15 | Cycle A\n2026-09-27 | Cycle A\n2026-10-09 | Cycle A\n2026-10-21 | Cycle A\n2026-11-02 | Cycle A\n2026-11-14 | Cycle A\n2026-11-26 | Cycle A\n2026-12-08 | Cycle A\n2026-12-20 | Cycle A","mixed_mode":"no","l_band":"yes","ls_band":"no","s_band":"no","SH":0,"SV":1,"DH":0,"DV":0,"QP":0,"CP":0,"QD":0,"QQ":0,"bw_40":"no","bw_20":"no","bw_77":"no","bw_max_5":"yes","visualization":"F0","Shape__Area":642328889016.17969,"Shape__Length":3207401.8206911581,"tracks":127,"frames":124}},{"type":"Feature","id":1975,"geometry":{"type":"Polygon","coordinates":[[[-94.3719606339999,-71.9059963679999],[-94.624818766,-71.363250708],[-94.867684971,-70.8202825019999],[-91.46102638,-70.623087088],[-90.163870877,-70.530112952],[-88.0422861229999,-70.355980867],[-87.6152822619999,-70.891195736],[-87.167921371,-71.425587111],[-86.698423585,-71.959087462],[-86.204800979,-72.491620997],[-88.567084398,-72.680252328],[-90.015667894,-72.780470365],[-93.8324298589999,-72.9907606909999],[-94.108180229,-72.448505142],[-94.3719606339999,-71.9059963679999]]]},"properties":{"fid":1975,"track":33,"frame":142,"dates":"2025-09-25, 2025-10-07, 2025-10-19, 2025-10-31, 2025-11-12, 2025-11-24, 2025-12-06, 2025-12-18, 2025-12-30, 2026-01-11, 2026-01-23, 2026-02-04, 2026-02-16, 2026-02-28, 2026-03-12, 2026-03-24, 2026-04-05, 2026-04-17, 2026-04-29, 2026-05-11, 2026-05-23, 2026-06-04, 2026-06-16, 2026-06-28, 2026-07-10, 2026-07-22, 2026-08-03, 2026-08-15, 2026-08-27, 2026-09-08, 2026-09-20, 2026-10-02, 2026-10-14, 2026-10-26, 2026-11-07, 2026-11-19, 2026-12-01, 2026-12-13, 2026-12-25","acquisition_time":"12:35:36","date_mode_popup":"2025-09-25 | 150,153\n2025-10-07 | 150,153\n2025-10-19 | 150,153\n2025-10-31 | 150,153\n2025-11-12 | 150,153\n2025-11-24 | 150,153\n2025-12-06 | 150,153\n2025-12-18 | 150,153\n2025-12-30 | 150,153\n2026-01-11 | 150,153\n2026-01-23 | 150,153\n2026-02-04 | 150,153\n2026-02-16 | 150,153\n2026-02-28 | 246,153\n2026-03-12 | 246,153\n2026-03-24 | 150,153\n2026-04-05 | 150,153\n2026-04-17 | 150,153\n2026-04-29 | 150,153\n2026-05-11 | 150,153\n2026-05-23 | 150,153\n2026-06-04 | 150,153\n2026-06-16 | 150,153\n2026-06-28 | 150,153\n2026-07-10 | 150,153\n2026-07-22 | 150,153\n2026-08-03 | 150,153\n2026-08-15 | 150,153\n2026-08-27 | 246,153\n2026-09-08 | 246,153\n2026-09-20 | 150,153\n2026-10-02 | 150,153\n2026-10-14 | 150,153\n2026-10-26 | 150,153\n2026-11-07 | 150,153\n2026-11-19 | 150,153\n2026-12-01 | 150,153\n2026-12-13 | 150,153\n2026-12-25 | 150,153","producerifg":1,"producerunw":1,"produceroff":1,"producegunw":1,"producegoff":1,"producerslc":1,"producegslc":1,"producegcov":1,"producesmst":0,"passdirection":"Ascending","unique_radar_mode_list":"150, 153, 246","unique_radar_mode_mnemonic_list":"L:SCI:SH:77M+---:HS:B4:D02, L:SCI:SH:77M+---:HS:B4:D02  S:--:SH:37W:B4, L:SCI:SV:05W+---:FS:B4:D09","number_combos":2,"mode_change":"yes","radar_mode_combination_1":"150,153","radar_mode_combination_2":"246,153","radar_mode_combination_3":null,"radar_mode_combination_4":null,"radar_mode_combination_5":null,"radar_mode_combination_6":null,"radar_mode_combination_7":null,"radar_mode_combination_8":null,"radar_mode_combination_9":null,"radar_mode_mnemonic_combination_1":"L:SCI:SH:77M+---:HS:B4:D02,L:SCI:SV:05W+---:FS:B4:D09","radar_mode_mnemonic_combination_2":"L:SCI:SH:77M+---:HS:B4:D02  S:--:SH:37W:B4,L:SCI:SV:05W+---:FS:B4:D09","radar_mode_mnemonic_combination_3":null,"radar_mode_mnemonic_combination_4":null,"radar_mode_mnemonic_combination_5":null,"radar_mode_mnemonic_combination_6":null,"radar_mode_mnemonic_combination_7":null,"radar_mode_mnemonic_combination_8":null,"radar_mode_mnemonic_combination_9":null,"date_cycle_popup":"2025-09-25 | Cycle A\n2025-10-07 | Cycle A\n2025-10-19 | Cycle A\n2025-10-31 | Cycle A\n2025-11-12 | Cycle A\n2025-11-24 | Cycle A\n2025-12-06 | Cycle A\n2025-12-18 | Cycle A\n2025-12-30 | Cycle A\n2026-01-11 | Cycle A\n2026-01-23 | Cycle A\n2026-02-04 | Cycle A\n2026-02-16 | Cycle A\n2026-02-28 | Cycle B\n2026-03-12 | Cycle B\n2026-03-24 | Cycle A\n2026-04-05 | Cycle A\n2026-04-17 | Cycle A\n2026-04-29 | Cycle A\n2026-05-11 | Cycle A\n2026-05-23 | Cycle A\n2026-06-04 | Cycle A\n2026-06-16 | Cycle A\n2026-06-28 | Cycle A\n2026-07-10 | Cycle A\n2026-07-22 | Cycle A\n2026-08-03 | Cycle A\n2026-08-15 | Cycle A\n2026-08-27 | Cycle B\n2026-09-08 | Cycle B\n2026-09-20 | Cycle A\n2026-10-02 | Cycle A\n2026-10-14 | Cycle A\n2026-10-26 | Cycle A\n2026-11-07 | Cycle A\n2026-11-19 | Cycle A\n2026-12-01 | Cycle A\n2026-12-13 | Cycle A\n2026-12-25 | Cycle A","mixed_mode":"yes","l_band":"yes","ls_band":"yes","s_band":"no","SH":1,"SV":1,"DH":0,"DV":0,"QP":0,"CP":0,"QD":0,"QQ":0,"bw_40":"no","bw_20":"no","bw_77":"yes","bw_max_5":"yes","visualization":"S1","Shape__Area":642503260833.82031,"Shape__Length":3207844.6947283233,"tracks":33,"frames":142}},{"type":"Feature","id":11272,"geometry":{"type":"Polygon","coordinates":[[[-96.7055553449999,-71.363282393],[-96.948420507,-70.820313933],[-93.541742407,-70.6231143919999],[-92.24458011,-70.53013851],[-90.1229850029999,-70.35600337],[-89.695978681,-70.891218288],[-89.248615205,-71.425609666],[-88.7791146979999,-71.959109972],[-88.285489201,-72.491643433],[-90.64778722,-72.680278201],[-92.0963803289999,-72.7804981689999],[-95.913169973,-72.9907929299999],[-96.188919099,-72.4485372199999],[-96.452698324,-71.9060282689999],[-96.7055553449999,-71.363282393]]]},"properties":{"fid":11272,"track":134,"frame":142,"dates":"2025-10-02, 2025-10-14, 2025-10-26, 2025-11-07, 2025-11-19, 2025-12-01, 2025-12-13, 2025-12-25, 2026-01-06, 2026-01-18, 2026-01-30, 2026-02-11, 2026-02-23, 2026-03-07, 2026-03-19, 2026-03-31, 2026-04-12, 2026-04-24, 2026-05-06, 2026-05-18, 2026-05-30, 2026-06-11, 2026-06-23, 2026-07-05, 2026-07-17, 2026-07-29, 2026-08-10, 2026-08-22, 2026-09-03, 2026-09-15, 2026-09-27, 2026-10-09, 2026-10-21, 2026-11-02, 2026-11-14, 2026-11-26, 2026-12-08, 2026-12-20","acquisition_time":"12:45:48","date_mode_popup":"2025-10-02 | 150,153\n2025-10-14 | 150,153\n2025-10-26 | 150,153\n2025-11-07 | 150,153\n2025-11-19 | 150,153\n2025-12-01 | 150,153\n2025-12-13 | 150,153\n2025-12-25 | 150,153\n2026-01-06 | 150,153\n2026-01-18 | 150,153\n2026-01-30 | 150,153\n2026-02-11 | 150,153\n2026-02-23 | 150,153\n2026-03-07 | 150,153\n2026-03-19 | 150,153\n2026-03-31 | 150,153\n2026-04-12 | 150,153\n2026-04-24 | 150,153\n2026-05-06 | 150,153\n2026-05-18 | 150,153\n2026-05-30 | 150,153\n2026-06-11 | 150,153\n2026-06-23 | 150,153\n2026-07-05 | 150,153\n2026-07-17 | 150,153\n2026-07-29 | 150,153\n2026-08-10 | 150,153\n2026-08-22 | 150,153\n2026-09-03 | 150,153\n2026-09-15 | 150,153\n2026-09-27 | 150,153\n2026-10-09 | 150,153\n2026-10-21 | 150,153\n2026-11-02 | 150,153\n2026-11-14 | 150,153\n2026-11-26 | 150,153\n2026-12-08 | 150,153\n2026-12-20 | 150,153","producerifg":1,"producerunw":1,"produceroff":1,"producegunw":1,"producegoff":1,"producerslc":1,"producegslc":1,"producegcov":1,"producesmst":0,"passdirection":"Ascending","unique_radar_mode_list":"150, 153","unique_radar_mode_mnemonic_list":"L:SCI:SH:77M+---:HS:B4:D02, L:SCI:SV:05W+---:FS:B4:D09","number_combos":1,"mode_change":"no","radar_mode_combination_1":"150,153","radar_mode_combination_2":null,"radar_mode_combination_3":null,"radar_mode_combination_4":null,"radar_mode_combination_5":null,"radar_mode_combination_6":null,"radar_mode_combination_7":null,"radar_mode_combination_8":null,"radar_mode_combination_9":null,"radar_mode_mnemonic_combination_1":"L:SCI:SH:77M+---:HS:B4:D02,L:SCI:SV:05W+---:FS:B4:D09","radar_mode_mnemonic_combination_2":null,"radar_mode_mnemonic_combination_3":null,"radar_mode_mnemonic_combination_4":null,"radar_mode_mnemonic_combination_5":null,"radar_mode_mnemonic_combination_6":null,"radar_mode_mnemonic_combination_7":null,"radar_mode_mnemonic_combination_8":null,"radar_mode_mnemonic_combination_9":null,"date_cycle_popup":"2025-10-02 | Cycle A\n2025-10-14 | Cycle A\n2025-10-26 | Cycle A\n2025-11-07 | Cycle A\n2025-11-19 | Cycle A\n2025-12-01 | Cycle A\n2025-12-13 | Cycle A\n2025-12-25 | Cycle A\n2026-01-06 | Cycle A\n2026-01-18 | Cycle A\n2026-01-30 | Cycle A\n2026-02-11 | Cycle A\n2026-02-23 | Cycle A\n2026-03-07 | Cycle A\n2026-03-19 | Cycle A\n2026-03-31 | Cycle A\n2026-04-12 | Cycle A\n2026-04-24 | Cycle A\n2026-05-06 | Cycle A\n2026-05-18 | Cycle A\n2026-05-30 | Cycle A\n2026-06-11 | Cycle A\n2026-06-23 | Cycle A\n2026-07-05 | Cycle A\n2026-07-17 | Cycle A\n2026-07-29 | Cycle A\n2026-08-10 | Cycle A\n2026-08-22 | Cycle A\n2026-09-03 | Cycle A\n2026-09-15 | Cycle A\n2026-09-27 | Cycle A\n2026-10-09 | Cycle A\n2026-10-21 | Cycle A\n2026-11-02 | Cycle A\n2026-11-14 | Cycle A\n2026-11-26 | Cycle A\n2026-12-08 | Cycle A\n2026-12-20 | Cycle A","mixed_mode":"yes","l_band":"yes","ls_band":"no","s_band":"no","SH":1,"SV":1,"DH":0,"DV":0,"QP":0,"CP":0,"QD":0,"QQ":0,"bw_40":"no","bw_20":"no","bw_77":"yes","bw_max_5":"yes","visualization":"F1","Shape__Area":642508695280.51563,"Shape__Length":3207858.5054209623,"tracks":134,"frames":142}},{"type":"Feature","id":7926,"geometry":{"type":"Polygon","coordinates":[[[-104.777409995,-71.905498106],[-105.041212896,-72.4479947629999],[-105.316986032,-72.990238259],[-109.132873998,-72.779987918],[-110.581142403,-72.679792718],[-112.942932286,-72.491207544],[-112.449352305,-71.958683354],[-111.979893511,-71.4251926279999],[-111.532568334,-70.890811117],[-111.105597237,-70.355606337],[-108.984438972,-70.529696996],[-107.687554059,-70.622650447],[-104.281641582,-70.819808614],[-104.524529664,-71.362764608],[-104.777409995,-71.905498106]]]},"properties":{"fid":7926,"track":98,"frame":124,"dates":"2025-09-30, 2025-10-12, 2025-10-24, 2025-11-05, 2025-11-17, 2025-11-29, 2025-12-11, 2025-12-23, 2026-01-04, 2026-01-16, 2026-01-28, 2026-02-09, 2026-02-21, 2026-03-05, 2026-03-17, 2026-03-29, 2026-04-10, 2026-04-22, 2026-05-04, 2026-05-16, 2026-05-28, 2026-06-09, 2026-06-21, 2026-07-03, 2026-07-15, 2026-07-27, 2026-08-08, 2026-08-20, 2026-09-01, 2026-09-13, 2026-09-25, 2026-10-07, 2026-10-19, 2026-10-31, 2026-11-12, 2026-11-24, 2026-12-06, 2026-12-18, 2026-12-30","acquisition_time":"00:38:56, 00:38:52, 00:39:44, 00:39:16","date_mode_popup":"2025-09-30 | 153\n2025-10-12 | 153\n2025-10-24 | 153\n2025-11-05 | 153\n2025-11-17 | 153\n2025-11-29 | 153\n2025-12-11 | 153\n2025-12-23 | 153\n2026-01-04 | 153\n2026-01-16 | 153\n2026-01-28 | 153\n2026-02-09 | 153\n2026-02-21 | 153\n2026-03-05 | 153\n2026-03-17 | 153\n2026-03-29 | 153\n2026-04-10 | 153\n2026-04-22 | 153\n2026-05-04 | 153\n2026-05-16 | 153\n2026-05-28 | 153\n2026-06-09 | 153\n2026-06-21 | 153\n2026-07-03 | 153\n2026-07-15 | 153\n2026-07-27 | 153\n2026-08-08 | 153\n2026-08-20 | 153\n2026-09-01 | 153\n2026-09-13 | 153\n2026-09-25 | 153\n2026-10-07 | 153\n2026-10-19 | 153\n2026-10-31 | 153\n2026-11-12 | 153\n2026-11-24 | 153\n2026-12-06 | 153\n2026-12-18 | 153\n2026-12-30 | 153","producerifg":0,"producerunw":0,"produceroff":0,"producegunw":0,"producegoff":0,"producerslc":1,"producegslc":1,"producegcov":1,"producesmst":0,"passdirection":"Descending","unique_radar_mode_list":"153","unique_radar_mode_mnemonic_list":"L:SCI:SV:05W+---:FS:B4:D09","number_combos":1,"mode_change":"no","radar_mode_combination_1":"153","radar_mode_combination_2":null,"radar_mode_combination_3":null,"radar_mode_combination_4":null,"radar_mode_combination_5":null,"radar_mode_combination_6":null,"radar_mode_combination_7":null,"radar_mode_combination_8":null,"radar_mode_combination_9":null,"radar_mode_mnemonic_combination_1":"L:SCI:SV:05W+---:FS:B4:D09","radar_mode_mnemonic_combination_2":null,"radar_mode_mnemonic_combination_3":null,"radar_mode_mnemonic_combination_4":null,"radar_mode_mnemonic_combination_5":null,"radar_mode_mnemonic_combination_6":null,"radar_mode_mnemonic_combination_7":null,"radar_mode_mnemonic_combination_8":null,"radar_mode_mnemonic_combination_9":null,"date_cycle_popup":"2025-09-30 | Cycle A\n2025-10-12 | Cycle A\n2025-10-24 | Cycle A\n2025-11-05 | Cycle A\n2025-11-17 | Cycle A\n2025-11-29 | Cycle A\n2025-12-11 | Cycle A\n2025-12-23 | Cycle A\n2026-01-04 | Cycle A\n2026-01-16 | Cycle A\n2026-01-28 | Cycle A\n2026-02-09 | Cycle A\n2026-02-21 | Cycle A\n2026-03-05 | Cycle A\n2026-03-17 | Cycle A\n2026-03-29 | Cycle A\n2026-04-10 | Cycle A\n2026-04-22 | Cycle A\n2026-05-04 | Cycle A\n2026-05-16 | Cycle A\n2026-05-28 | Cycle A\n2026-06-09 | Cycle A\n2026-06-21 | Cycle A\n2026-07-03 | Cycle A\n2026-07-15 | Cycle A\n2026-07-27 | Cycle A\n2026-08-08 | Cycle A\n2026-08-20 | Cycle A\n2026-09-01 | Cycle A\n2026-09-13 | Cycle A\n2026-09-25 | Cycle A\n2026-10-07 | Cycle A\n2026-10-19 | Cycle A\n2026-10-31 | Cycle A\n2026-11-12 | Cycle A\n2026-11-24 | Cycle A\n2026-12-06 | Cycle A\n2026-12-18 | Cycle A\n2026-12-30 | Cycle A","mixed_mode":"no","l_band":"yes","ls_band":"no","s_band":"no","SH":0,"SV":1,"DH":0,"DV":0,"QP":0,"CP":0,"QD":0,"QQ":0,"bw_40":"no","bw_20":"no","bw_77":"no","bw_max_5":"yes","visualization":"F0","Shape__Area":642335100511.98438,"Shape__Length":3207417.9195493534,"tracks":98,"frames":124}},{"type":"Feature","id":12005,"geometry":{"type":"Polygon","coordinates":[[[-128.121875905,-78.680468544],[-128.70198072,-79.230277116],[-134.55109457,-78.94171534],[-136.722823352,-78.8011984949999],[-140.196475717,-78.535007561],[-139.131093755,-78.0118574059999],[-138.148861886,-77.485382221],[-137.240142681,-76.955979038],[-136.396670431,-76.4239847809999],[-133.410407431,-76.654109046],[-131.561612922,-76.77562359],[-126.637951795,-77.026463113],[-127.095503492,-77.578466486],[-127.588435438,-78.129830344],[-128.121875905,-78.680468544]]]},"properties":{"fid":12005,"track":142,"frame":127,"dates":"2025-10-03, 2025-10-15, 2025-10-27, 2025-11-08, 2025-11-20, 2025-12-02, 2025-12-14, 2025-12-26, 2026-01-07, 2026-01-19, 2026-01-31, 2026-02-12, 2026-02-24, 2026-03-08, 2026-03-20, 2026-04-01, 2026-04-13, 2026-04-25, 2026-05-07, 2026-05-19, 2026-05-31, 2026-06-12, 2026-06-24, 2026-07-06, 2026-07-18, 2026-07-30, 2026-08-11, 2026-08-23, 2026-09-04, 2026-09-16, 2026-09-28, 2026-10-10, 2026-10-22, 2026-11-03, 2026-11-15, 2026-11-27, 2026-12-09, 2026-12-21","acquisition_time":"01:56:32","date_mode_popup":"2025-10-03 | 246\n2025-10-15 | 246\n2025-10-27 | 246\n2025-11-08 | 246\n2025-11-20 | 246\n2025-12-02 | 246\n2025-12-14 | 246\n2025-12-26 | 246\n2026-01-07 | 246\n2026-01-19 | 246\n2026-01-31 | 220\n2026-02-12 | 220\n2026-02-24 | 246\n2026-03-08 | 246\n2026-03-20 | 246\n2026-04-01 | 246\n2026-04-13 | 246\n2026-04-25 | 246\n2026-05-07 | 246\n2026-05-19 | 246\n2026-05-31 | 246\n2026-06-12 | 246\n2026-06-24 | 246\n2026-07-06 | 246\n2026-07-18 | 246\n2026-07-30 | 220\n2026-08-11 | 220\n2026-08-23 | 246\n2026-09-04 | 246\n2026-09-16 | 246\n2026-09-28 | 246\n2026-10-10 | 246\n2026-10-22 | 246\n2026-11-03 | 246\n2026-11-15 | 246\n2026-11-27 | 246\n2026-12-09 | 246\n2026-12-21 | 246","producerifg":1,"producerunw":1,"produceroff":1,"producegunw":1,"producegoff":1,"producerslc":1,"producegslc":1,"producegcov":1,"producesmst":0,"passdirection":"Descending","unique_radar_mode_list":"220, 246","unique_radar_mode_mnemonic_list":"L:SCI:SH:77M+---:HS:B4:D02  S:--:SH:37W:B4, L:SCI:SH:77M+---:HS:B4:D02  S:DB:CP:25W:B4","number_combos":2,"mode_change":"yes","radar_mode_combination_1":"246","radar_mode_combination_2":"220","radar_mode_combination_3":null,"radar_mode_combination_4":null,"radar_mode_combination_5":null,"radar_mode_combination_6":null,"radar_mode_combination_7":null,"radar_mode_combination_8":null,"radar_mode_combination_9":null,"radar_mode_mnemonic_combination_1":"L:SCI:SH:77M+---:HS:B4:D02  S:--:SH:37W:B4","radar_mode_mnemonic_combination_2":"L:SCI:SH:77M+---:HS:B4:D02  S:DB:CP:25W:B4","radar_mode_mnemonic_combination_3":null,"radar_mode_mnemonic_combination_4":null,"radar_mode_mnemonic_combination_5":null,"radar_mode_mnemonic_combination_6":null,"radar_mode_mnemonic_combination_7":null,"radar_mode_mnemonic_combination_8":null,"radar_mode_mnemonic_combination_9":null,"date_cycle_popup":"2025-10-03 | Cycle A\n2025-10-15 | Cycle A\n2025-10-27 | Cycle A\n2025-11-08 | Cycle A\n2025-11-20 | Cycle A\n2025-12-02 | Cycle A\n2025-12-14 | Cycle A\n2025-12-26 | Cycle A\n2026-01-07 | Cycle A\n2026-01-19 | Cycle A\n2026-01-31 | Cycle B\n2026-02-12 | Cycle B\n2026-02-24 | Cycle A\n2026-03-08 | Cycle A\n2026-03-20 | Cycle A\n2026-04-01 | Cycle A\n2026-04-13 | Cycle A\n2026-04-25 | Cycle A\n2026-05-07 | Cycle A\n2026-05-19 | Cycle A\n2026-05-31 | Cycle A\n2026-06-12 | Cycle A\n2026-06-24 | Cycle A\n2026-07-06 | Cycle A\n2026-07-18 | Cycle A\n2026-07-30 | Cycle B\n2026-08-11 | Cycle B\n2026-08-23 | Cycle A\n2026-09-04 | Cycle A\n2026-09-16 | Cycle A\n2026-09-28 | Cycle A\n2026-10-10 | Cycle A\n2026-10-22 | Cycle A\n2026-11-03 | Cycle A\n2026-11-15 | Cycle A\n2026-11-27 | Cycle A\n2026-12-09 | Cycle A\n2026-12-21 | Cycle A","mixed_mode":"no","l_band":"yes","ls_band":"yes","s_band":"no","SH":1,"SV":0,"DH":0,"DV":0,"QP":0,"CP":0,"QD":0,"QQ":0,"bw_40":"no","bw_20":"no","bw_77":"yes","bw_max_5":"no","visualization":"S0","Shape__Area":1470255138176.9531,"Shape__Length":4852890.7858550148,"tracks":142,"frames":127}},{"type":"Feature","id":4723,"geometry":{"type":"Polygon","coordinates":[[[-119.425556229,-78.130618899],[-119.918322598,-77.579221624],[-120.375718183,-77.027184988],[-115.45041667,-76.776313591],[-113.601036246,-76.654772928],[-110.613866554,-76.424590148],[-109.770344344,-76.9566126],[-108.861564176,-77.486043416],[-107.879258096,-78.012545599],[-106.813785872,-78.535722046],[-110.288596036,-78.8019852529999],[-112.461086985,-78.94253422],[-118.312373155,-79.231133219],[-118.892291479,-78.681290727],[-119.425556229,-78.130618899]]]},"properties":{"fid":4723,"track":63,"frame":139,"dates":"2025-09-27, 2025-10-09, 2025-10-21, 2025-11-02, 2025-11-14, 2025-11-26, 2025-12-08, 2025-12-20, 2026-01-01, 2026-01-13, 2026-01-25, 2026-02-06, 2026-02-18, 2026-03-02, 2026-03-14, 2026-03-26, 2026-04-07, 2026-04-19, 2026-05-01, 2026-05-13, 2026-05-25, 2026-06-06, 2026-06-18, 2026-06-30, 2026-07-12, 2026-07-24, 2026-08-05, 2026-08-17, 2026-08-29, 2026-09-10, 2026-09-22, 2026-10-04, 2026-10-16, 2026-10-28, 2026-11-09, 2026-11-21, 2026-12-03, 2026-12-15, 2026-12-27","acquisition_time":"14:30:08, 14:30:28","date_mode_popup":"2025-09-27 | 151,150\n2025-10-09 | 151,150\n2025-10-21 | 151,150\n2025-11-02 | 151,150\n2025-11-14 | 151,150\n2025-11-26 | 151,150\n2025-12-08 | 151,150\n2025-12-20 | 151,150\n2026-01-01 | 151,150\n2026-01-13 | 151,150\n2026-01-25 | 151,150\n2026-02-06 | 151,150\n2026-02-18 | 151,150\n2026-03-02 | 247,246\n2026-03-14 | 247,246\n2026-03-26 | 151,150\n2026-04-07 | 151,150\n2026-04-19 | 151,150\n2026-05-01 | 151,150\n2026-05-13 | 151,150\n2026-05-25 | 151,150\n2026-06-06 | 151,150\n2026-06-18 | 151,150\n2026-06-30 | 151,150\n2026-07-12 | 151,150\n2026-07-24 | 151,150\n2026-08-05 | 151,150\n2026-08-17 | 151,150\n2026-08-29 | 247,246\n2026-09-10 | 247,246\n2026-09-22 | 151,150\n2026-10-04 | 151,150\n2026-10-16 | 151,150\n2026-10-28 | 151,150\n2026-11-09 | 151,150\n2026-11-21 | 151,150\n2026-12-03 | 151,150\n2026-12-15 | 151,150\n2026-12-27 | 151,150","producerifg":1,"producerunw":1,"produceroff":1,"producegunw":1,"producegoff":1,"producerslc":1,"producegslc":1,"producegcov":1,"producesmst":0,"passdirection":"Ascending","unique_radar_mode_list":"150, 151, 246, 247","unique_radar_mode_mnemonic_list":"L:SCI:SH:40M+05N:FS:B4:D02, L:SCI:SH:40M+05N:FS:B4:D02  S:--:SH:37W:B4, L:SCI:SH:77M+---:HS:B4:D02, L:SCI:SH:77M+---:HS:B4:D02  S:--:SH:37W:B4","number_combos":2,"mode_change":"yes","radar_mode_combination_1":"151,150","radar_mode_combination_2":"247,246","radar_mode_combination_3":null,"radar_mode_combination_4":null,"radar_mode_combination_5":null,"radar_mode_combination_6":null,"radar_mode_combination_7":null,"radar_mode_combination_8":null,"radar_mode_combination_9":null,"radar_mode_mnemonic_combination_1":"L:SCI:SH:40M+05N:FS:B4:D02,L:SCI:SH:77M+---:HS:B4:D02","radar_mode_mnemonic_combination_2":"L:SCI:SH:40M+05N:FS:B4:D02  S:--:SH:37W:B4,L:SCI:SH:77M+---:HS:B4:D02  S:--:SH:37W:B4","radar_mode_mnemonic_combination_3":null,"radar_mode_mnemonic_combination_4":null,"radar_mode_mnemonic_combination_5":null,"radar_mode_mnemonic_combination_6":null,"radar_mode_mnemonic_combination_7":null,"radar_mode_mnemonic_combination_8":null,"radar_mode_mnemonic_combination_9":null,"date_cycle_popup":"2025-09-27 | Cycle A\n2025-10-09 | Cycle A\n2025-10-21 | Cycle A\n2025-11-02 | Cycle A\n2025-11-14 | Cycle A\n2025-11-26 | Cycle A\n2025-12-08 | Cycle A\n2025-12-20 | Cycle A\n2026-01-01 | Cycle A\n2026-01-13 | Cycle A\n2026-01-25 | Cycle A\n2026-02-06 | Cycle A\n2026-02-18 | Cycle A\n2026-03-02 | Cycle B\n2026-03-14 | Cycle B\n2026-03-26 | Cycle A\n2026-04-07 | Cycle A\n2026-04-19 | Cycle A\n2026-05-01 | Cycle A\n2026-05-13 | Cycle A\n2026-05-25 | Cycle A\n2026-06-06 | Cycle A\n2026-06-18 | Cycle A\n2026-06-30 | Cycle A\n2026-07-12 | Cycle A\n2026-07-24 | Cycle A\n2026-08-05 | Cycle A\n2026-08-17 | Cycle A\n2026-08-29 | Cycle B\n2026-09-10 | Cycle B\n2026-09-22 | Cycle A\n2026-10-04 | Cycle A\n2026-10-16 | Cycle A\n2026-10-28 | Cycle A\n2026-11-09 | Cycle A\n2026-11-21 | Cycle A\n2026-12-03 | Cycle A\n2026-12-15 | Cycle A\n2026-12-27 | Cycle A","mixed_mode":"yes","l_band":"yes","ls_band":"yes","s_band":"no","SH":1,"SV":0,"DH":0,"DV":0,"QP":0,"CP":0,"QD":0,"QQ":0,"bw_40":"yes","bw_20":"no","bw_77":"yes","bw_max_5":"no","visualization":"S1","Shape__Area":1470902283185.5469,"Shape__Length":4853967.9904311281,"tracks":63,"frames":139}},{"type":"Feature","id":11358,"geometry":{"type":"Polygon","coordinates":[[[-120.649195565,-73.428872982],[-120.942014974,-72.87426992],[-117.150080788,-72.664756687],[-115.710625993,-72.564970575],[-113.362795505,-72.377204337],[-112.836390443,-72.921227243],[-112.280302012,-73.464067742],[-111.691575796,-74.005611652],[-111.066864682,-74.545728904],[-113.719191743,-74.753005081],[-115.35227229,-74.862705703],[-119.674709929,-75.090759388],[-120.017261857,-74.5371452959999],[-120.341478294,-73.983173302],[-120.649195565,-73.428872982]]]},"properties":{"fid":11358,"track":135,"frame":141,"dates":"2025-10-02, 2025-10-14, 2025-10-26, 2025-11-07, 2025-11-19, 2025-12-01, 2025-12-13, 2025-12-25, 2026-01-06, 2026-01-18, 2026-01-30, 2026-02-11, 2026-02-23, 2026-03-07, 2026-03-19, 2026-03-31, 2026-04-12, 2026-04-24, 2026-05-06, 2026-05-18, 2026-05-30, 2026-06-11, 2026-06-23, 2026-07-05, 2026-07-17, 2026-07-29, 2026-08-10, 2026-08-22, 2026-09-03, 2026-09-15, 2026-09-27, 2026-10-09, 2026-10-21, 2026-11-02, 2026-11-14, 2026-11-26, 2026-12-08, 2026-12-20","acquisition_time":"14:15:16, 14:21:48, 14:15:04","date_mode_popup":"2025-10-02 | 150,153\n2025-10-14 | 150,153\n2025-10-26 | 150,153\n2025-11-07 | 150,153\n2025-11-19 | 150,153\n2025-12-01 | 150,153\n2025-12-13 | 150,153\n2025-12-25 | 150,153\n2026-01-06 | 150,153\n2026-01-18 | 150,153\n2026-01-30 | 150,153\n2026-02-11 | 150,153\n2026-02-23 | 246,76,153\n2026-03-07 | 246,76,153\n2026-03-19 | 150,153\n2026-03-31 | 150,153\n2026-04-12 | 150,153\n2026-04-24 | 150,153\n2026-05-06 | 150,153\n2026-05-18 | 150,153\n2026-05-30 | 150,153\n2026-06-11 | 150,153\n2026-06-23 | 150,153\n2026-07-05 | 150,153\n2026-07-17 | 150,153\n2026-07-29 | 150,153\n2026-08-10 | 150,153\n2026-08-22 | 246,76,153\n2026-09-03 | 246,76,153\n2026-09-15 | 150,153\n2026-09-27 | 150,153\n2026-10-09 | 150,153\n2026-10-21 | 150,153\n2026-11-02 | 150,153\n2026-11-14 | 150,153\n2026-11-26 | 150,153\n2026-12-08 | 150,153\n2026-12-20 | 150,153","producerifg":1,"producerunw":1,"produceroff":1,"producegunw":1,"producegoff":1,"producerslc":1,"producegslc":1,"producegcov":1,"producesmst":0,"passdirection":"Ascending","unique_radar_mode_list":"150, 153, 246, 76","unique_radar_mode_mnemonic_list":"L:SCI:SH:77M+---:HS:B4:D02, L:SCI:SH:77M+---:HS:B4:D02  S:--:SH:37W:B4, L:SCI:SV:05W+---:FS:B4:D09, S:DB:SH:37W:B4:D10","number_combos":2,"mode_change":"yes","radar_mode_combination_1":"150,153","radar_mode_combination_2":"246,76,153","radar_mode_combination_3":null,"radar_mode_combination_4":null,"radar_mode_combination_5":null,"radar_mode_combination_6":null,"radar_mode_combination_7":null,"radar_mode_combination_8":null,"radar_mode_combination_9":null,"radar_mode_mnemonic_combination_1":"L:SCI:SH:77M+---:HS:B4:D02,L:SCI:SV:05W+---:FS:B4:D09","radar_mode_mnemonic_combination_2":"L:SCI:SH:77M+---:HS:B4:D02  S:--:SH:37W:B4,S:DB:SH:37W:B4:D10,L:SCI:SV:05W+---:FS:B4:D09","radar_mode_mnemonic_combination_3":null,"radar_mode_mnemonic_combination_4":null,"radar_mode_mnemonic_combination_5":null,"radar_mode_mnemonic_combination_6":null,"radar_mode_mnemonic_combination_7":null,"radar_mode_mnemonic_combination_8":null,"radar_mode_mnemonic_combination_9":null,"date_cycle_popup":"2025-10-02 | Cycle A\n2025-10-14 | Cycle A\n2025-10-26 | Cycle A\n2025-11-07 | Cycle A\n2025-11-19 | Cycle A\n2025-12-01 | Cycle A\n2025-12-13 | Cycle A\n2025-12-25 | Cycle A\n2026-01-06 | Cycle A\n2026-01-18 | Cycle A\n2026-01-30 | Cycle A\n2026-02-11 | Cycle A\n2026-02-23 | Cycle B\n2026-03-07 | Cycle B\n2026-03-19 | Cycle A\n2026-03-31 | Cycle A\n2026-04-12 | Cycle A\n2026-04-24 | Cycle A\n2026-05-06 | Cycle A\n2026-05-18 | Cycle A\n2026-05-30 | Cycle A\n2026-06-11 | Cycle A\n2026-06-23 | Cycle A\n2026-07-05 | Cycle A\n2026-07-17 | Cycle A\n2026-07-29 | Cycle A\n2026-08-10 | Cycle A\n2026-08-22 | Cycle B\n2026-09-03 | Cycle B\n2026-09-15 | Cycle A\n2026-09-27 | Cycle A\n2026-10-09 | Cycle A\n2026-10-21 | Cycle A\n2026-11-02 | Cycle A\n2026-11-14 | Cycle A\n2026-11-26 | Cycle A\n2026-12-08 | Cycle A\n2026-12-20 | Cycle A","mixed_mode":"yes","l_band":"yes","ls_band":"yes","s_band":"no","SH":1,"SV":1,"DH":0,"DV":0,"QP":0,"CP":0,"QD":0,"QQ":0,"bw_40":"no","bw_20":"no","bw_77":"yes","bw_max_5":"yes","visualization":"S1","Shape__Area":829529663125.5625,"Shape__Length":3644421.6281851805,"tracks":135,"frames":141}},{"type":"Feature","id":9984,"geometry":{"type":"Polygon","coordinates":[[[-106.082800468,-73.428882535],[-106.375628419,-72.874280279],[-102.583634161,-72.664769285],[-101.144157133,-72.564983506],[-98.796291098,-72.377217204],[-98.2698810429999,-72.9212393389999],[-97.713787152,-73.464079134],[-97.1250549659999,-74.005622402],[-96.50033734,-74.54573905],[-99.152695105,-74.753015163],[-100.785794908,-74.862715424],[-105.108284587,-75.090766969],[-105.45084744,-74.537153475],[-105.775073934,-73.983182129],[-106.082800468,-73.428882535]]]},"properties":{"fid":9984,"track":120,"frame":141,"dates":"2025-10-01, 2025-10-13, 2025-10-25, 2025-11-06, 2025-11-18, 2025-11-30, 2025-12-12, 2025-12-24, 2026-01-05, 2026-01-17, 2026-01-29, 2026-02-10, 2026-02-22, 2026-03-06, 2026-03-18, 2026-03-30, 2026-04-11, 2026-04-23, 2026-05-05, 2026-05-17, 2026-05-29, 2026-06-10, 2026-06-22, 2026-07-04, 2026-07-16, 2026-07-28, 2026-08-09, 2026-08-21, 2026-09-02, 2026-09-14, 2026-09-26, 2026-10-08, 2026-10-20, 2026-11-01, 2026-11-13, 2026-11-25, 2026-12-07, 2026-12-19","acquisition_time":"13:24:40, 13:24:48, 13:27:00","date_mode_popup":"2025-10-01 | 150\n2025-10-13 | 150\n2025-10-25 | 150\n2025-11-06 | 150\n2025-11-18 | 150\n2025-11-30 | 150\n2025-12-12 | 150\n2025-12-24 | 150\n2026-01-05 | 150\n2026-01-17 | 150\n2026-01-29 | 150\n2026-02-10 | 150\n2026-02-22 | 246\n2026-03-06 | 246\n2026-03-18 | 150\n2026-03-30 | 150\n2026-04-11 | 150\n2026-04-23 | 150\n2026-05-05 | 150\n2026-05-17 | 150\n2026-05-29 | 150\n2026-06-10 | 150\n2026-06-22 | 150\n2026-07-04 | 150\n2026-07-16 | 150\n2026-07-28 | 150\n2026-08-09 | 150\n2026-08-21 | 246\n2026-09-02 | 246\n2026-09-14 | 150\n2026-09-26 | 150\n2026-10-08 | 150\n2026-10-20 | 150\n2026-11-01 | 150\n2026-11-13 | 150\n2026-11-25 | 150\n2026-12-07 | 150\n2026-12-19 | 150","producerifg":1,"producerunw":1,"produceroff":1,"producegunw":1,"producegoff":1,"producerslc":1,"producegslc":1,"producegcov":1,"producesmst":0,"passdirection":"Ascending","unique_radar_mode_list":"150, 246","unique_radar_mode_mnemonic_list":"L:SCI:SH:77M+---:HS:B4:D02, L:SCI:SH:77M+---:HS:B4:D02  S:--:SH:37W:B4","number_combos":2,"mode_change":"yes","radar_mode_combination_1":"150","radar_mode_combination_2":"246","radar_mode_combination_3":null,"radar_mode_combination_4":null,"radar_mode_combination_5":null,"radar_mode_combination_6":null,"radar_mode_combination_7":null,"radar_mode_combination_8":null,"radar_mode_combination_9":null,"radar_mode_mnemonic_combination_1":"L:SCI:SH:77M+---:HS:B4:D02","radar_mode_mnemonic_combination_2":"L:SCI:SH:77M+---:HS:B4:D02  S:--:SH:37W:B4","radar_mode_mnemonic_combination_3":null,"radar_mode_mnemonic_combination_4":null,"radar_mode_mnemonic_combination_5":null,"radar_mode_mnemonic_combination_6":null,"radar_mode_mnemonic_combination_7":null,"radar_mode_mnemonic_combination_8":null,"radar_mode_mnemonic_combination_9":null,"date_cycle_popup":"2025-10-01 | Cycle A\n2025-10-13 | Cycle A\n2025-10-25 | Cycle A\n2025-11-06 | Cycle A\n2025-11-18 | Cycle A\n2025-11-30 | Cycle A\n2025-12-12 | Cycle A\n2025-12-24 | Cycle A\n2026-01-05 | Cycle A\n2026-01-17 | Cycle A\n2026-01-29 | Cycle A\n2026-02-10 | Cycle A\n2026-02-22 | Cycle B\n2026-03-06 | Cycle B\n2026-03-18 | Cycle A\n2026-03-30 | Cycle A\n2026-04-11 | Cycle A\n2026-04-23 | Cycle A\n2026-05-05 | Cycle A\n2026-05-17 | Cycle A\n2026-05-29 | Cycle A\n2026-06-10 | Cycle A\n2026-06-22 | Cycle A\n2026-07-04 | Cycle A\n2026-07-16 | Cycle A\n2026-07-28 | Cycle A\n2026-08-09 | Cycle A\n2026-08-21 | Cycle B\n2026-09-02 | Cycle B\n2026-09-14 | Cycle A\n2026-09-26 | Cycle A\n2026-10-08 | Cycle A\n2026-10-20 | Cycle A\n2026-11-01 | Cycle A\n2026-11-13 | Cycle A\n2026-11-25 | Cycle A\n2026-12-07 | Cycle A\n2026-12-19 | Cycle A","mixed_mode":"no","l_band":"yes","ls_band":"yes","s_band":"no","SH":1,"SV":0,"DH":0,"DV":0,"QP":0,"CP":0,"QD":0,"QQ":0,"bw_40":"no","bw_20":"no","bw_77":"yes","bw_max_5":"no","visualization":"S0","Shape__Area":829540429678.42188,"Shape__Length":3644445.4351005377,"tracks":120,"frames":141}},{"type":"Feature","id":6689,"geometry":{"type":"Polygon","coordinates":[[[-116.589730836,-74.536470965],[-116.932362706,-75.090065126],[-121.253543155,-74.8620610729999],[-122.886173779,-74.752390201],[-125.537801646,-74.545175084],[-124.913137483,-74.0050736529999],[-124.324452941,-73.463546062],[-123.768401597,-72.920722368],[-123.242029607,-72.376716728],[-120.894771143,-72.56442958],[-119.45568137,-72.6641892849999],[-115.664759174,-72.873656303],[-115.957648094,-73.4282389529999],[-116.265438143,-73.982519038],[-116.589730836,-74.536470965]]]},"properties":{"fid":6689,"track":84,"frame":125,"dates":"2025-09-29, 2025-10-11, 2025-10-23, 2025-11-04, 2025-11-16, 2025-11-28, 2025-12-10, 2025-12-22, 2026-01-03, 2026-01-15, 2026-01-27, 2026-02-08, 2026-02-20, 2026-03-04, 2026-03-16, 2026-03-28, 2026-04-09, 2026-04-21, 2026-05-03, 2026-05-15, 2026-05-27, 2026-06-08, 2026-06-20, 2026-07-02, 2026-07-14, 2026-07-26, 2026-08-07, 2026-08-19, 2026-08-31, 2026-09-12, 2026-09-24, 2026-10-06, 2026-10-18, 2026-10-30, 2026-11-11, 2026-11-23, 2026-12-05, 2026-12-17, 2026-12-29","acquisition_time":"01:20:28, 01:20:24, 01:21:08, 01:20:40","date_mode_popup":"2025-09-29 | 153,150\n2025-10-11 | 153,150\n2025-10-23 | 153,150\n2025-11-04 | 153,150\n2025-11-16 | 153,150\n2025-11-28 | 153,150\n2025-12-10 | 153,150\n2025-12-22 | 153,150\n2026-01-03 | 153,150\n2026-01-15 | 153,150\n2026-01-27 | 153,150\n2026-02-08 | 153,150\n2026-02-20 | 153,150\n2026-03-04 | 153,150\n2026-03-16 | 153,150\n2026-03-28 | 153,150\n2026-04-09 | 153,150\n2026-04-21 | 153,150\n2026-05-03 | 153,150\n2026-05-15 | 153,150\n2026-05-27 | 153,150\n2026-06-08 | 153,150\n2026-06-20 | 153,150\n2026-07-02 | 153,150\n2026-07-14 | 153,150\n2026-07-26 | 153,150\n2026-08-07 | 153,150\n2026-08-19 | 153,150\n2026-08-31 | 153,150\n2026-09-12 | 153,150\n2026-09-24 | 153,150\n2026-10-06 | 153,150\n2026-10-18 | 153,150\n2026-10-30 | 153,150\n2026-11-11 | 153,150\n2026-11-23 | 153,150\n2026-12-05 | 153,150\n2026-12-17 | 153,150\n2026-12-29 | 153,150","producerifg":1,"producerunw":1,"produceroff":1,"producegunw":1,"producegoff":1,"producerslc":1,"producegslc":1,"producegcov":1,"producesmst":0,"passdirection":"Descending","unique_radar_mode_list":"150, 153","unique_radar_mode_mnemonic_list":"L:SCI:SH:77M+---:HS:B4:D02, L:SCI:SV:05W+---:FS:B4:D09","number_combos":1,"mode_change":"no","radar_mode_combination_1":"153,150","radar_mode_combination_2":null,"radar_mode_combination_3":null,"radar_mode_combination_4":null,"radar_mode_combination_5":null,"radar_mode_combination_6":null,"radar_mode_combination_7":null,"radar_mode_combination_8":null,"radar_mode_combination_9":null,"radar_mode_mnemonic_combination_1":"L:SCI:SV:05W+---:FS:B4:D09,L:SCI:SH:77M+---:HS:B4:D02","radar_mode_mnemonic_combination_2":null,"radar_mode_mnemonic_combination_3":null,"radar_mode_mnemonic_combination_4":null,"radar_mode_mnemonic_combination_5":null,"radar_mode_mnemonic_combination_6":null,"radar_mode_mnemonic_combination_7":null,"radar_mode_mnemonic_combination_8":null,"radar_mode_mnemonic_combination_9":null,"date_cycle_popup":"2025-09-29 | Cycle A\n2025-10-11 | Cycle A\n2025-10-23 | Cycle A\n2025-11-04 | Cycle A\n2025-11-16 | Cycle A\n2025-11-28 | Cycle A\n2025-12-10 | Cycle A\n2025-12-22 | Cycle A\n2026-01-03 | Cycle A\n2026-01-15 | Cycle A\n2026-01-27 | Cycle A\n2026-02-08 | Cycle A\n2026-02-20 | Cycle A\n2026-03-04 | Cycle A\n2026-03-16 | Cycle A\n2026-03-28 | Cycle A\n2026-04-09 | Cycle A\n2026-04-21 | Cycle A\n2026-05-03 | Cycle A\n2026-05-15 | Cycle A\n2026-05-27 | Cycle A\n2026-06-08 | Cycle A\n2026-06-20 | Cycle A\n2026-07-02 | Cycle A\n2026-07-14 | Cycle A\n2026-07-26 | Cycle A\n2026-08-07 | Cycle A\n2026-08-19 | Cycle A\n2026-08-31 | Cycle A\n2026-09-12 | Cycle A\n2026-09-24 | Cycle A\n2026-10-06 | Cycle A\n2026-10-18 | Cycle A\n2026-10-30 | Cycle A\n2026-11-11 | Cycle A\n2026-11-23 | Cycle A\n2026-12-05 | Cycle A\n2026-12-17 | Cycle A\n2026-12-29 | Cycle A","mixed_mode":"yes","l_band":"yes","ls_band":"no","s_band":"no","SH":1,"SV":1,"DH":0,"DV":0,"QP":0,"CP":0,"QD":0,"QQ":0,"bw_40":"no","bw_20":"no","bw_77":"yes","bw_max_5":"yes","visualization":"F1","Shape__Area":829250883796.54688,"Shape__Length":3643803.4744305452,"tracks":84,"frames":125}},{"type":"Feature","id":6595,"geometry":{"type":"Polygon","coordinates":[[[-94.82117054,-78.680666579],[-95.401034948,-79.230480988],[-101.251364036,-78.9419561839999],[-103.423535925,-78.801442976],[-106.897881437,-78.535246211],[-105.832602874,-78.012088284],[-104.850468471,-77.4856060239999],[-103.941841082,-76.956196376],[-103.098455348,-76.4241962099999],[-100.111631175,-76.654325576],[-98.2624815789999,-76.775837339],[-93.337853176,-77.02664748],[-93.7952193529999,-77.578654854],[-94.287949772,-78.130023246],[-94.82117054,-78.680666579]]]},"properties":{"fid":6595,"track":83,"frame":127,"dates":"2025-09-28, 2025-10-10, 2025-10-22, 2025-11-03, 2025-11-15, 2025-11-27, 2025-12-09, 2025-12-21, 2026-01-02, 2026-01-14, 2026-01-26, 2026-02-07, 2026-02-19, 2026-03-03, 2026-03-15, 2026-03-27, 2026-04-08, 2026-04-20, 2026-05-02, 2026-05-14, 2026-05-26, 2026-06-07, 2026-06-19, 2026-07-01, 2026-07-13, 2026-07-25, 2026-08-06, 2026-08-18, 2026-08-30, 2026-09-11, 2026-09-23, 2026-10-05, 2026-10-17, 2026-10-29, 2026-11-10, 2026-11-22, 2026-12-04, 2026-12-16, 2026-12-28","acquisition_time":"23:42:40","date_mode_popup":"2025-09-28 | 246,247\n2025-10-10 | 246,247\n2025-10-22 | 246,247\n2025-11-03 | 246,247\n2025-11-15 | 246,247\n2025-11-27 | 246,247\n2025-12-09 | 246,247\n2025-12-21 | 246,247\n2026-01-02 | 246,247\n2026-01-14 | 246,247\n2026-01-26 | 246,247\n2026-02-07 | 220,223\n2026-02-19 | 220,223\n2026-03-03 | 246,247\n2026-03-15 | 246,247\n2026-03-27 | 246,247\n2026-04-08 | 246,247\n2026-04-20 | 246,247\n2026-05-02 | 246,247\n2026-05-14 | 246,247\n2026-05-26 | 246,247\n2026-06-07 | 246,247\n2026-06-19 | 246,247\n2026-07-01 | 246,247\n2026-07-13 | 246,247\n2026-07-25 | 246,247\n2026-08-06 | 220,223\n2026-08-18 | 220,223\n2026-08-30 | 246,247\n2026-09-11 | 246,247\n2026-09-23 | 246,247\n2026-10-05 | 246,247\n2026-10-17 | 246,247\n2026-10-29 | 246,247\n2026-11-10 | 246,247\n2026-11-22 | 246,247\n2026-12-04 | 246,247\n2026-12-16 | 246,247\n2026-12-28 | 246,247","producerifg":1,"producerunw":1,"produceroff":1,"producegunw":1,"producegoff":1,"producerslc":1,"producegslc":1,"producegcov":1,"producesmst":0,"passdirection":"Descending","unique_radar_mode_list":"220, 223, 246, 247","unique_radar_mode_mnemonic_list":"L:SCI:SH:40M+05N:FS:B4:D02  S:--:SH:37W:B4, L:SCI:SH:40M+05N:FS:B4:D02  S:DB:CP:25W:B4, L:SCI:SH:77M+---:HS:B4:D02  S:--:SH:37W:B4, L:SCI:SH:77M+---:HS:B4:D02  S:DB:CP:25W:B4","number_combos":2,"mode_change":"yes","radar_mode_combination_1":"246,247","radar_mode_combination_2":"220,223","radar_mode_combination_3":null,"radar_mode_combination_4":null,"radar_mode_combination_5":null,"radar_mode_combination_6":null,"radar_mode_combination_7":null,"radar_mode_combination_8":null,"radar_mode_combination_9":null,"radar_mode_mnemonic_combination_1":"L:SCI:SH:77M+---:HS:B4:D02  S:--:SH:37W:B4,L:SCI:SH:40M+05N:FS:B4:D02  S:--:SH:37W:B4","radar_mode_mnemonic_combination_2":"L:SCI:SH:77M+---:HS:B4:D02  S:DB:CP:25W:B4,L:SCI:SH:40M+05N:FS:B4:D02  S:DB:CP:25W:B4","radar_mode_mnemonic_combination_3":null,"radar_mode_mnemonic_combination_4":null,"radar_mode_mnemonic_combination_5":null,"radar_mode_mnemonic_combination_6":null,"radar_mode_mnemonic_combination_7":null,"radar_mode_mnemonic_combination_8":null,"radar_mode_mnemonic_combination_9":null,"date_cycle_popup":"2025-09-28 | Cycle A\n2025-10-10 | Cycle A\n2025-10-22 | Cycle A\n2025-11-03 | Cycle A\n2025-11-15 | Cycle A\n2025-11-27 | Cycle A\n2025-12-09 | Cycle A\n2025-12-21 | Cycle A\n2026-01-02 | Cycle A\n2026-01-14 | Cycle A\n2026-01-26 | Cycle A\n2026-02-07 | Cycle B\n2026-02-19 | Cycle B\n2026-03-03 | Cycle A\n2026-03-15 | Cycle A\n2026-03-27 | Cycle A\n2026-04-08 | Cycle A\n2026-04-20 | Cycle A\n2026-05-02 | Cycle A\n2026-05-14 | Cycle A\n2026-05-26 | Cycle A\n2026-06-07 | Cycle A\n2026-06-19 | Cycle A\n2026-07-01 | Cycle A\n2026-07-13 | Cycle A\n2026-07-25 | Cycle A\n2026-08-06 | Cycle B\n2026-08-18 | Cycle B\n2026-08-30 | Cycle A\n2026-09-11 | Cycle A\n2026-09-23 | Cycle A\n2026-10-05 | Cycle A\n2026-10-17 | Cycle A\n2026-10-29 | Cycle A\n2026-11-10 | Cycle A\n2026-11-22 | Cycle A\n2026-12-04 | Cycle A\n2026-12-16 | Cycle A\n2026-12-28 | Cycle A","mixed_mode":"yes","l_band":"yes","ls_band":"yes","s_band":"no","SH":1,"SV":0,"DH":0,"DV":0,"QP":0,"CP":0,"QD":0,"QQ":0,"bw_40":"yes","bw_20":"no","bw_77":"yes","bw_max_5":"no","visualization":"S1","Shape__Area":1470539578175.5156,"Shape__Length":4853366.2108335737,"tracks":83,"frames":127}},{"type":"Feature","id":11813,"geometry":{"type":"Polygon","coordinates":[[[-78.179797591,-78.681301528],[-78.7600599949999,-79.231141284],[-84.6105315949999,-78.942486567],[-86.782716583,-78.801923593],[-90.257037839,-78.535645764],[-89.19135385,-78.012476741],[-88.208851855,-77.485980859],[-87.299890104,-76.956555393],[-86.456199267,-76.424537485],[-83.4693839559999,-76.654732897],[-81.6202239309999,-76.776284968],[-76.695508831,-77.027199931],[-77.153167079,-77.579235728],[-77.646219683,-78.130631664],[-78.179797591,-78.681301528]]]},"properties":{"fid":11813,"track":140,"frame":127,"dates":"2025-10-02, 2025-10-14, 2025-10-26, 2025-11-07, 2025-11-19, 2025-12-01, 2025-12-13, 2025-12-25, 2026-01-06, 2026-01-18, 2026-01-30, 2026-02-11, 2026-02-23, 2026-03-07, 2026-03-19, 2026-03-31, 2026-04-12, 2026-04-24, 2026-05-06, 2026-05-18, 2026-05-30, 2026-06-11, 2026-06-23, 2026-07-05, 2026-07-17, 2026-07-29, 2026-08-10, 2026-08-22, 2026-09-03, 2026-09-15, 2026-09-27, 2026-10-09, 2026-10-21, 2026-11-02, 2026-11-14, 2026-11-26, 2026-12-08, 2026-12-20","acquisition_time":"22:36:12","date_mode_popup":"2025-10-02 | 150\n2025-10-14 | 150\n2025-10-26 | 150\n2025-11-07 | 150\n2025-11-19 | 150\n2025-12-01 | 150\n2025-12-13 | 150\n2025-12-25 | 150\n2026-01-06 | 150\n2026-01-18 | 150\n2026-01-30 | 150\n2026-02-11 | 150\n2026-02-23 | 150\n2026-03-07 | 150\n2026-03-19 | 150\n2026-03-31 | 150\n2026-04-12 | 150\n2026-04-24 | 150\n2026-05-06 | 150\n2026-05-18 | 150\n2026-05-30 | 150\n2026-06-11 | 150\n2026-06-23 | 150\n2026-07-05 | 150\n2026-07-17 | 150\n2026-07-29 | 150\n2026-08-10 | 150\n2026-08-22 | 150\n2026-09-03 | 150\n2026-09-15 | 150\n2026-09-27 | 150\n2026-10-09 | 150\n2026-10-21 | 150\n2026-11-02 | 150\n2026-11-14 | 150\n2026-11-26 | 150\n2026-12-08 | 150\n2026-12-20 | 150","producerifg":1,"producerunw":1,"produceroff":1,"producegunw":1,"producegoff":1,"producerslc":1,"producegslc":1,"producegcov":1,"producesmst":0,"passdirection":"Descending","unique_radar_mode_list":"150","unique_radar_mode_mnemonic_list":"L:SCI:SH:77M+---:HS:B4:D02","number_combos":1,"mode_change":"no","radar_mode_combination_1":"150","radar_mode_combination_2":null,"radar_mode_combination_3":null,"radar_mode_combination_4":null,"radar_mode_combination_5":null,"radar_mode_combination_6":null,"radar_mode_combination_7":null,"radar_mode_combination_8":null,"radar_mode_combination_9":null,"radar_mode_mnemonic_combination_1":"L:SCI:SH:77M+---:HS:B4:D02","radar_mode_mnemonic_combination_2":null,"radar_mode_mnemonic_combination_3":null,"radar_mode_mnemonic_combination_4":null,"radar_mode_mnemonic_combination_5":null,"radar_mode_mnemonic_combination_6":null,"radar_mode_mnemonic_combination_7":null,"radar_mode_mnemonic_combination_8":null,"radar_mode_mnemonic_combination_9":null,"date_cycle_popup":"2025-10-02 | Cycle A\n2025-10-14 | Cycle A\n2025-10-26 | Cycle A\n2025-11-07 | Cycle A\n2025-11-19 | Cycle A\n2025-12-01 | Cycle A\n2025-12-13 | Cycle A\n2025-12-25 | Cycle A\n2026-01-06 | Cycle A\n2026-01-18 | Cycle A\n2026-01-30 | Cycle A\n2026-02-11 | Cycle A\n2026-02-23 | Cycle A\n2026-03-07 | Cycle A\n2026-03-19 | Cycle A\n2026-03-31 | Cycle A\n2026-04-12 | Cycle A\n2026-04-24 | Cycle A\n2026-05-06 | Cycle A\n2026-05-18 | Cycle A\n2026-05-30 | Cycle A\n2026-06-11 | Cycle A\n2026-06-23 | Cycle A\n2026-07-05 | Cycle A\n2026-07-17 | Cycle A\n2026-07-29 | Cycle A\n2026-08-10 | Cycle A\n2026-08-22 | Cycle A\n2026-09-03 | Cycle A\n2026-09-15 | Cycle A\n2026-09-27 | Cycle A\n2026-10-09 | Cycle A\n2026-10-21 | Cycle A\n2026-11-02 | Cycle A\n2026-11-14 | Cycle A\n2026-11-26 | Cycle A\n2026-12-08 | Cycle A\n2026-12-20 | Cycle A","mixed_mode":"no","l_band":"yes","ls_band":"no","s_band":"no","SH":1,"SV":0,"DH":0,"DV":0,"QP":0,"CP":0,"QD":0,"QQ":0,"bw_40":"no","bw_20":"no","bw_77":"yes","bw_max_5":"no","visualization":"F0","Shape__Area":1470761688024.7813,"Shape__Length":4853730.7201247849,"tracks":140,"frames":127}},{"type":"Feature","id":5284,"geometry":{"type":"Polygon","coordinates":[[[-100.87985526,-72.4480306259999],[-101.155650502,-72.990275076],[-104.971490475,-72.7800142579999],[-106.419740118,-72.6798154799999],[-108.781498793,-72.491224947],[-108.287899458,-71.958700488],[-107.818422417,-71.4252094],[-107.371080019,-70.890827455],[-106.94409264,-70.355622169],[-104.82296217,-70.529717488],[-103.526094082,-70.6226740509999],[-100.120225188,-70.8198413379999],[-100.363131707,-71.362798418],[-100.616031588,-71.905532961],[-100.87985526,-72.4480306259999]]]},"properties":{"fid":5284,"track":69,"frame":124,"dates":"2025-09-28, 2025-10-10, 2025-10-22, 2025-11-03, 2025-11-15, 2025-11-27, 2025-12-09, 2025-12-21, 2026-01-02, 2026-01-14, 2026-01-26, 2026-02-07, 2026-02-19, 2026-03-03, 2026-03-15, 2026-03-27, 2026-04-08, 2026-04-20, 2026-05-02, 2026-05-14, 2026-05-26, 2026-06-07, 2026-06-19, 2026-07-01, 2026-07-13, 2026-07-25, 2026-08-06, 2026-08-18, 2026-08-30, 2026-09-11, 2026-09-23, 2026-10-05, 2026-10-17, 2026-10-29, 2026-11-10, 2026-11-22, 2026-12-04, 2026-12-16, 2026-12-28","acquisition_time":"00:22:16, 00:23:12, 00:22:24","date_mode_popup":"2025-09-28 | 153,76,246\n2025-10-10 | 153,76,246\n2025-10-22 | 153,76,246\n2025-11-03 | 153,76,246\n2025-11-15 | 153,76,246\n2025-11-27 | 153,76,246\n2025-12-09 | 153,76,246\n2025-12-21 | 153,76,246\n2026-01-02 | 153,76,246\n2026-01-14 | 153,76,246\n2026-01-26 | 153,76,246\n2026-02-07 | 153,67,220\n2026-02-19 | 153,67,220\n2026-03-03 | 153,76,246\n2026-03-15 | 153,76,246\n2026-03-27 | 153,76,246\n2026-04-08 | 153,76,246\n2026-04-20 | 153,76,246\n2026-05-02 | 153,76,246\n2026-05-14 | 153,76,246\n2026-05-26 | 153,76,246\n2026-06-07 | 153,76,246\n2026-06-19 | 153,76,246\n2026-07-01 | 153,76,246\n2026-07-13 | 153,76,246\n2026-07-25 | 153,76,246\n2026-08-06 | 153,67,220\n2026-08-18 | 153,67,220\n2026-08-30 | 153,76,246\n2026-09-11 | 153,76,246\n2026-09-23 | 153,76,246\n2026-10-05 | 153,76,246\n2026-10-17 | 153,76,246\n2026-10-29 | 153,76,246\n2026-11-10 | 153,76,246\n2026-11-22 | 153,76,246\n2026-12-04 | 153,76,246\n2026-12-16 | 153,76,246\n2026-12-28 | 153,76,246","producerifg":1,"producerunw":1,"produceroff":1,"producegunw":1,"producegoff":1,"producerslc":1,"producegslc":1,"producegcov":1,"producesmst":0,"passdirection":"Descending","unique_radar_mode_list":"153, 220, 246, 67, 76","unique_radar_mode_mnemonic_list":"L:SCI:SH:77M+---:HS:B4:D02  S:--:SH:37W:B4, L:SCI:SH:77M+---:HS:B4:D02  S:DB:CP:25W:B4, L:SCI:SV:05W+---:FS:B4:D09, S:DB:CP:25W:B4:D10, S:DB:SH:37W:B4:D10","number_combos":2,"mode_change":"yes","radar_mode_combination_1":"153,76,246","radar_mode_combination_2":"153,67,220","radar_mode_combination_3":null,"radar_mode_combination_4":null,"radar_mode_combination_5":null,"radar_mode_combination_6":null,"radar_mode_combination_7":null,"radar_mode_combination_8":null,"radar_mode_combination_9":null,"radar_mode_mnemonic_combination_1":"L:SCI:SV:05W+---:FS:B4:D09,S:DB:SH:37W:B4:D10,L:SCI:SH:77M+---:HS:B4:D02  S:--:SH:37W:B4","radar_mode_mnemonic_combination_2":"L:SCI:SV:05W+---:FS:B4:D09,S:DB:CP:25W:B4:D10,L:SCI:SH:77M+---:HS:B4:D02  S:DB:CP:25W:B4","radar_mode_mnemonic_combination_3":null,"radar_mode_mnemonic_combination_4":null,"radar_mode_mnemonic_combination_5":null,"radar_mode_mnemonic_combination_6":null,"radar_mode_mnemonic_combination_7":null,"radar_mode_mnemonic_combination_8":null,"radar_mode_mnemonic_combination_9":null,"date_cycle_popup":"2025-09-28 | Cycle A\n2025-10-10 | Cycle A\n2025-10-22 | Cycle A\n2025-11-03 | Cycle A\n2025-11-15 | Cycle A\n2025-11-27 | Cycle A\n2025-12-09 | Cycle A\n2025-12-21 | Cycle A\n2026-01-02 | Cycle A\n2026-01-14 | Cycle A\n2026-01-26 | Cycle A\n2026-02-07 | Cycle B\n2026-02-19 | Cycle B\n2026-03-03 | Cycle A\n2026-03-15 | Cycle A\n2026-03-27 | Cycle A\n2026-04-08 | Cycle A\n2026-04-20 | Cycle A\n2026-05-02 | Cycle A\n2026-05-14 | Cycle A\n2026-05-26 | Cycle A\n2026-06-07 | Cycle A\n2026-06-19 | Cycle A\n2026-07-01 | Cycle A\n2026-07-13 | Cycle A\n2026-07-25 | Cycle A\n2026-08-06 | Cycle B\n2026-08-18 | Cycle B\n2026-08-30 | Cycle A\n2026-09-11 | Cycle A\n2026-09-23 | Cycle A\n2026-10-05 | Cycle A\n2026-10-17 | Cycle A\n2026-10-29 | Cycle A\n2026-11-10 | Cycle A\n2026-11-22 | Cycle A\n2026-12-04 | Cycle A\n2026-12-16 | Cycle A\n2026-12-28 | Cycle A","mixed_mode":"yes","l_band":"yes","ls_band":"yes","s_band":"no","SH":1,"SV":1,"DH":0,"DV":0,"QP":0,"CP":0,"QD":0,"QQ":0,"bw_40":"no","bw_20":"no","bw_77":"yes","bw_max_5":"yes","visualization":"S1","Shape__Area":642331317461.35938,"Shape__Length":3207407.8794131605,"tracks":69,"frames":124}},{"type":"Feature","id":15371,"geometry":{"type":"Polygon","coordinates":[[[-138.470091665,-74.9747202189999],[-134.179735883,-74.747711119],[-132.558297995,-74.638580577],[-129.924181788,-74.4324337429999],[-129.280932717,-74.961150918],[-128.596197426,-75.488225892],[-127.865431191,-76.013478956],[-127.0834287,-76.536702836],[-130.092829971,-76.768534901],[-131.956735738,-76.8909433119999],[-136.923032006,-77.143545536],[-137.347559504,-76.6020413749999],[-137.744963026,-76.060036905],[-138.118273884,-75.517582272],[-138.470091665,-74.9747202189999]]]},"properties":{"fid":15371,"track":6,"frame":140,"dates":"2025-10-05, 2025-10-17, 2025-10-29, 2025-11-10, 2025-11-22, 2025-12-04, 2025-12-16, 2025-12-28, 2026-01-09, 2026-01-21, 2026-02-02, 2026-02-14, 2026-02-26, 2026-03-10, 2026-03-22, 2026-04-03, 2026-04-15, 2026-04-27, 2026-05-09, 2026-05-21, 2026-06-02, 2026-06-14, 2026-06-26, 2026-07-08, 2026-07-20, 2026-08-01, 2026-08-13, 2026-08-25, 2026-09-06, 2026-09-18, 2026-09-30, 2026-10-12, 2026-10-24, 2026-11-05, 2026-11-17, 2026-11-29, 2026-12-11, 2026-12-23","acquisition_time":"15:38:36, 15:38:40","date_mode_popup":"2025-10-05 | 150\n2025-10-17 | 150\n2025-10-29 | 150\n2025-11-10 | 150\n2025-11-22 | 150\n2025-12-04 | 150\n2025-12-16 | 150\n2025-12-28 | 150\n2026-01-09 | 150\n2026-01-21 | 150\n2026-02-02 | 150\n2026-02-14 | 150\n2026-02-26 | 246\n2026-03-10 | 246\n2026-03-22 | 150\n2026-04-03 | 150\n2026-04-15 | 150\n2026-04-27 | 150\n2026-05-09 | 150\n2026-05-21 | 150\n2026-06-02 | 150\n2026-06-14 | 150\n2026-06-26 | 150\n2026-07-08 | 150\n2026-07-20 | 150\n2026-08-01 | 150\n2026-08-13 | 150\n2026-08-25 | 246\n2026-09-06 | 246\n2026-09-18 | 150\n2026-09-30 | 150\n2026-10-12 | 150\n2026-10-24 | 150\n2026-11-05 | 150\n2026-11-17 | 150\n2026-11-29 | 150\n2026-12-11 | 150\n2026-12-23 | 150","producerifg":1,"producerunw":1,"produceroff":1,"producegunw":1,"producegoff":1,"producerslc":1,"producegslc":1,"producegcov":1,"producesmst":0,"passdirection":"Ascending","unique_radar_mode_list":"150, 246","unique_radar_mode_mnemonic_list":"L:SCI:SH:77M+---:HS:B4:D02, L:SCI:SH:77M+---:HS:B4:D02  S:--:SH:37W:B4","number_combos":2,"mode_change":"yes","radar_mode_combination_1":"150","radar_mode_combination_2":"246","radar_mode_combination_3":null,"radar_mode_combination_4":null,"radar_mode_combination_5":null,"radar_mode_combination_6":null,"radar_mode_combination_7":null,"radar_mode_combination_8":null,"radar_mode_combination_9":null,"radar_mode_mnemonic_combination_1":"L:SCI:SH:77M+---:HS:B4:D02","radar_mode_mnemonic_combination_2":"L:SCI:SH:77M+---:HS:B4:D02  S:--:SH:37W:B4","radar_mode_mnemonic_combination_3":null,"radar_mode_mnemonic_combination_4":null,"radar_mode_mnemonic_combination_5":null,"radar_mode_mnemonic_combination_6":null,"radar_mode_mnemonic_combination_7":null,"radar_mode_mnemonic_combination_8":null,"radar_mode_mnemonic_combination_9":null,"date_cycle_popup":"2025-10-05 | Cycle A\n2025-10-17 | Cycle A\n2025-10-29 | Cycle A\n2025-11-10 | Cycle A\n2025-11-22 | Cycle A\n2025-12-04 | Cycle A\n2025-12-16 | Cycle A\n2025-12-28 | Cycle A\n2026-01-09 | Cycle A\n2026-01-21 | Cycle A\n2026-02-02 | Cycle A\n2026-02-14 | Cycle A\n2026-02-26 | Cycle B\n2026-03-10 | Cycle B\n2026-03-22 | Cycle A\n2026-04-03 | Cycle A\n2026-04-15 | Cycle A\n2026-04-27 | Cycle A\n2026-05-09 | Cycle A\n2026-05-21 | Cycle A\n2026-06-02 | Cycle A\n2026-06-14 | Cycle A\n2026-06-26 | Cycle A\n2026-07-08 | Cycle A\n2026-07-20 | Cycle A\n2026-08-01 | Cycle A\n2026-08-13 | Cycle A\n2026-08-25 | Cycle B\n2026-09-06 | Cycle B\n2026-09-18 | Cycle A\n2026-09-30 | Cycle A\n2026-10-12 | Cycle A\n2026-10-24 | Cycle A\n2026-11-05 | Cycle A\n2026-11-17 | Cycle A\n2026-11-29 | Cycle A\n2026-12-11 | Cycle A\n2026-12-23 | Cycle A","mixed_mode":"no","l_band":"yes","ls_band":"yes","s_band":"no","SH":1,"SV":0,"DH":0,"DV":0,"QP":0,"CP":0,"QD":0,"QQ":0,"bw_40":"no","bw_20":"no","bw_77":"yes","bw_max_5":"no","visualization":"S0","Shape__Area":1060723182236.4531,"Shape__Length":4122164.0227681617,"tracks":6,"frames":140}},{"type":"Feature","id":12663,"geometry":{"type":"Polygon","coordinates":[[[-110.244442502,-73.4288370319999],[-110.537275734,-72.874235949],[-106.74537878,-72.664726355],[-105.305937196,-72.5649419539999],[-102.958127137,-72.377178885],[-102.431718592,-72.921199945],[-101.875626444,-73.464038678],[-101.286896281,-74.005580885],[-100.662180995,-74.5456964809999],[-103.314474308,-74.752968992],[-104.947533007,-74.8626677399999],[-109.269909136,-75.090717889],[-109.612478111,-74.537105601],[-109.936710425,-73.983135451],[-110.244442502,-73.4288370319999]]]},"properties":{"fid":12663,"track":149,"frame":141,"dates":"2025-10-03, 2025-10-15, 2025-10-27, 2025-11-08, 2025-11-20, 2025-12-02, 2025-12-14, 2025-12-26, 2026-01-07, 2026-01-19, 2026-01-31, 2026-02-12, 2026-02-24, 2026-03-08, 2026-03-20, 2026-04-01, 2026-04-13, 2026-04-25, 2026-05-07, 2026-05-19, 2026-05-31, 2026-06-12, 2026-06-24, 2026-07-06, 2026-07-18, 2026-07-30, 2026-08-11, 2026-08-23, 2026-09-04, 2026-09-16, 2026-09-28, 2026-10-10, 2026-10-22, 2026-11-03, 2026-11-15, 2026-11-27, 2026-12-09, 2026-12-21","acquisition_time":"13:44:04","date_mode_popup":"2025-10-03 | 150\n2025-10-15 | 150\n2025-10-27 | 150\n2025-11-08 | 150\n2025-11-20 | 150\n2025-12-02 | 150\n2025-12-14 | 150\n2025-12-26 | 150\n2026-01-07 | 150\n2026-01-19 | 150\n2026-01-31 | 150\n2026-02-12 | 150\n2026-02-24 | 150\n2026-03-08 | 150\n2026-03-20 | 150\n2026-04-01 | 150\n2026-04-13 | 150\n2026-04-25 | 150\n2026-05-07 | 150\n2026-05-19 | 150\n2026-05-31 | 150\n2026-06-12 | 150\n2026-06-24 | 150\n2026-07-06 | 150\n2026-07-18 | 150\n2026-07-30 | 150\n2026-08-11 | 150\n2026-08-23 | 150\n2026-09-04 | 150\n2026-09-16 | 150\n2026-09-28 | 150\n2026-10-10 | 150\n2026-10-22 | 150\n2026-11-03 | 150\n2026-11-15 | 150\n2026-11-27 | 150\n2026-12-09 | 150\n2026-12-21 | 150","producerifg":1,"producerunw":1,"produceroff":1,"producegunw":1,"producegoff":1,"producerslc":1,"producegslc":1,"producegcov":1,"producesmst":0,"passdirection":"Ascending","unique_radar_mode_list":"150","unique_radar_mode_mnemonic_list":"L:SCI:SH:77M+---:HS:B4:D02","number_combos":1,"mode_change":"no","radar_mode_combination_1":"150","radar_mode_combination_2":null,"radar_mode_combination_3":null,"radar_mode_combination_4":null,"radar_mode_combination_5":null,"radar_mode_combination_6":null,"radar_mode_combination_7":null,"radar_mode_combination_8":null,"radar_mode_combination_9":null,"radar_mode_mnemonic_combination_1":"L:SCI:SH:77M+---:HS:B4:D02","radar_mode_mnemonic_combination_2":null,"radar_mode_mnemonic_combination_3":null,"radar_mode_mnemonic_combination_4":null,"radar_mode_mnemonic_combination_5":null,"radar_mode_mnemonic_combination_6":null,"radar_mode_mnemonic_combination_7":null,"radar_mode_mnemonic_combination_8":null,"radar_mode_mnemonic_combination_9":null,"date_cycle_popup":"2025-10-03 | Cycle A\n2025-10-15 | Cycle A\n2025-10-27 | Cycle A\n2025-11-08 | Cycle A\n2025-11-20 | Cycle A\n2025-12-02 | Cycle A\n2025-12-14 | Cycle A\n2025-12-26 | Cycle A\n2026-01-07 | Cycle A\n2026-01-19 | Cycle A\n2026-01-31 | Cycle A\n2026-02-12 | Cycle A\n2026-02-24 | Cycle A\n2026-03-08 | Cycle A\n2026-03-20 | Cycle A\n2026-04-01 | Cycle A\n2026-04-13 | Cycle A\n2026-04-25 | Cycle A\n2026-05-07 | Cycle A\n2026-05-19 | Cycle A\n2026-05-31 | Cycle A\n2026-06-12 | Cycle A\n2026-06-24 | Cycle A\n2026-07-06 | Cycle A\n2026-07-18 | Cycle A\n2026-07-30 | Cycle A\n2026-08-11 | Cycle A\n2026-08-23 | Cycle A\n2026-09-04 | Cycle A\n2026-09-16 | Cycle A\n2026-09-28 | Cycle A\n2026-10-10 | Cycle A\n2026-10-22 | Cycle A\n2026-11-03 | Cycle A\n2026-11-15 | Cycle A\n2026-11-27 | Cycle A\n2026-12-09 | Cycle A\n2026-12-21 | Cycle A","mixed_mode":"no","l_band":"yes","ls_band":"no","s_band":"no","SH":1,"SV":0,"DH":0,"DV":0,"QP":0,"CP":0,"QD":0,"QQ":0,"bw_40":"no","bw_20":"no","bw_77":"yes","bw_max_5":"no","visualization":"F0","Shape__Area":829516299260.78906,"Shape__Length":3644391.9236569209,"tracks":149,"frames":141}},{"type":"Feature","id":15812,"geometry":{"type":"Polygon","coordinates":[[[-93.373040048,-73.982744918],[-93.6972828729999,-74.5367017259999],[-94.0398617549999,-75.090300836],[-98.361641912,-74.862291375],[-99.994489905,-74.752613243],[-102.646458971,-74.545380273],[-102.021797916,-74.005274346],[-101.43311697,-73.463742242],[-100.877069595,-72.920914016],[-100.350701855,-72.376903823],[-98.003152851,-72.5646328349999],[-96.563879194,-72.664399305],[-92.772452476,-72.873872577],[-93.065297008,-73.428460007],[-93.373040048,-73.982744918]]]},"properties":{"fid":15812,"track":11,"frame":125,"dates":"2025-10-05, 2025-10-17, 2025-10-29, 2025-11-10, 2025-11-22, 2025-12-04, 2025-12-16, 2025-12-28, 2026-01-09, 2026-01-21, 2026-02-02, 2026-02-14, 2026-02-26, 2026-03-10, 2026-03-22, 2026-04-03, 2026-04-15, 2026-04-27, 2026-05-09, 2026-05-21, 2026-06-02, 2026-06-14, 2026-06-26, 2026-07-08, 2026-07-20, 2026-08-01, 2026-08-13, 2026-08-25, 2026-09-06, 2026-09-18, 2026-09-30, 2026-10-12, 2026-10-24, 2026-11-05, 2026-11-17, 2026-11-29, 2026-12-11, 2026-12-23","acquisition_time":"23:51:00","date_mode_popup":"2025-10-05 | 150\n2025-10-17 | 150\n2025-10-29 | 150\n2025-11-10 | 150\n2025-11-22 | 150\n2025-12-04 | 150\n2025-12-16 | 150\n2025-12-28 | 150\n2026-01-09 | 150\n2026-01-21 | 150\n2026-02-02 | 150\n2026-02-14 | 150\n2026-02-26 | 150\n2026-03-10 | 150\n2026-03-22 | 150\n2026-04-03 | 150\n2026-04-15 | 150\n2026-04-27 | 150\n2026-05-09 | 150\n2026-05-21 | 150\n2026-06-02 | 150\n2026-06-14 | 150\n2026-06-26 | 150\n2026-07-08 | 150\n2026-07-20 | 150\n2026-08-01 | 150\n2026-08-13 | 150\n2026-08-25 | 150\n2026-09-06 | 150\n2026-09-18 | 150\n2026-09-30 | 150\n2026-10-12 | 150\n2026-10-24 | 150\n2026-11-05 | 150\n2026-11-17 | 150\n2026-11-29 | 150\n2026-12-11 | 150\n2026-12-23 | 150","producerifg":1,"producerunw":1,"produceroff":1,"producegunw":1,"producegoff":1,"producerslc":1,"producegslc":1,"producegcov":1,"producesmst":0,"passdirection":"Descending","unique_radar_mode_list":"150","unique_radar_mode_mnemonic_list":"L:SCI:SH:77M+---:HS:B4:D02","number_combos":1,"mode_change":"no","radar_mode_combination_1":"150","radar_mode_combination_2":null,"radar_mode_combination_3":null,"radar_mode_combination_4":null,"radar_mode_combination_5":null,"radar_mode_combination_6":null,"radar_mode_combination_7":null,"radar_mode_combination_8":null,"radar_mode_combination_9":null,"radar_mode_mnemonic_combination_1":"L:SCI:SH:77M+---:HS:B4:D02","radar_mode_mnemonic_combination_2":null,"radar_mode_mnemonic_combination_3":null,"radar_mode_mnemonic_combination_4":null,"radar_mode_mnemonic_combination_5":null,"radar_mode_mnemonic_combination_6":null,"radar_mode_mnemonic_combination_7":null,"radar_mode_mnemonic_combination_8":null,"radar_mode_mnemonic_combination_9":null,"date_cycle_popup":"2025-10-05 | Cycle A\n2025-10-17 | Cycle A\n2025-10-29 | Cycle A\n2025-11-10 | Cycle A\n2025-11-22 | Cycle A\n2025-12-04 | Cycle A\n2025-12-16 | Cycle A\n2025-12-28 | Cycle A\n2026-01-09 | Cycle A\n2026-01-21 | Cycle A\n2026-02-02 | Cycle A\n2026-02-14 | Cycle A\n2026-02-26 | Cycle A\n2026-03-10 | Cycle A\n2026-03-22 | Cycle A\n2026-04-03 | Cycle A\n2026-04-15 | Cycle A\n2026-04-27 | Cycle A\n2026-05-09 | Cycle A\n2026-05-21 | Cycle A\n2026-06-02 | Cycle A\n2026-06-14 | Cycle A\n2026-06-26 | Cycle A\n2026-07-08 | Cycle A\n2026-07-20 | Cycle A\n2026-08-01 | Cycle A\n2026-08-13 | Cycle A\n2026-08-25 | Cycle A\n2026-09-06 | Cycle A\n2026-09-18 | Cycle A\n2026-09-30 | Cycle A\n2026-10-12 | Cycle A\n2026-10-24 | Cycle A\n2026-11-05 | Cycle A\n2026-11-17 | Cycle A\n2026-11-29 | Cycle A\n2026-12-11 | Cycle A\n2026-12-23 | Cycle A","mixed_mode":"no","l_band":"yes","ls_band":"no","s_band":"no","SH":1,"SV":0,"DH":0,"DV":0,"QP":0,"CP":0,"QD":0,"QQ":0,"bw_40":"no","bw_20":"no","bw_77":"yes","bw_max_5":"no","visualization":"F0","Shape__Area":829373024938.74219,"Shape__Length":3644074.6567622432,"tracks":11,"frames":125}},{"type":"Feature","id":9320,"geometry":{"type":"Polygon","coordinates":[[[-119.348593918,-71.905603743],[-119.612535686,-72.4481052479999],[-119.888456387,-72.990353318],[-123.703857285,-72.780046687],[-125.151941043,-72.679834257],[-127.513430422,-72.49122586],[-127.01973569,-71.958700957],[-126.550168567,-71.425209042],[-126.102740979,-70.890825922],[-125.675672937,-70.355619163],[-123.554777579,-70.529729547],[-122.258054489,-70.622697673],[-118.852570922,-70.819903886],[-119.095582661,-71.3628651619999],[-119.348593918,-71.905603743]]]},"properties":{"fid":9320,"track":113,"frame":124,"dates":"2025-10-01, 2025-10-13, 2025-10-25, 2025-11-06, 2025-11-18, 2025-11-30, 2025-12-12, 2025-12-24, 2026-01-05, 2026-01-17, 2026-01-29, 2026-02-10, 2026-02-22, 2026-03-06, 2026-03-18, 2026-03-30, 2026-04-11, 2026-04-23, 2026-05-05, 2026-05-17, 2026-05-29, 2026-06-10, 2026-06-22, 2026-07-04, 2026-07-16, 2026-07-28, 2026-08-09, 2026-08-21, 2026-09-02, 2026-09-14, 2026-09-26, 2026-10-08, 2026-10-20, 2026-11-01, 2026-11-13, 2026-11-25, 2026-12-07, 2026-12-19, 2026-12-31","acquisition_time":"01:36:56, 01:37:40, 01:37:16","date_mode_popup":"2025-10-01 | 153\n2025-10-13 | 153\n2025-10-25 | 153\n2025-11-06 | 153\n2025-11-18 | 153\n2025-11-30 | 153\n2025-12-12 | 153\n2025-12-24 | 153\n2026-01-05 | 153\n2026-01-17 | 153\n2026-01-29 | 153\n2026-02-10 | 153\n2026-02-22 | 153\n2026-03-06 | 153\n2026-03-18 | 153\n2026-03-30 | 153\n2026-04-11 | 153\n2026-04-23 | 153\n2026-05-05 | 153\n2026-05-17 | 153\n2026-05-29 | 153\n2026-06-10 | 153\n2026-06-22 | 153\n2026-07-04 | 153\n2026-07-16 | 153\n2026-07-28 | 153\n2026-08-09 | 153\n2026-08-21 | 153\n2026-09-02 | 153\n2026-09-14 | 153\n2026-09-26 | 153\n2026-10-08 | 153\n2026-10-20 | 153\n2026-11-01 | 153\n2026-11-13 | 153\n2026-11-25 | 153\n2026-12-07 | 153\n2026-12-19 | 153\n2026-12-31 | 153","producerifg":0,"producerunw":0,"produceroff":0,"producegunw":0,"producegoff":0,"producerslc":1,"producegslc":1,"producegcov":1,"producesmst":0,"passdirection":"Descending","unique_radar_mode_list":"153","unique_radar_mode_mnemonic_list":"L:SCI:SV:05W+---:FS:B4:D09","number_combos":1,"mode_change":"no","radar_mode_combination_1":"153","radar_mode_combination_2":null,"radar_mode_combination_3":null,"radar_mode_combination_4":null,"radar_mode_combination_5":null,"radar_mode_combination_6":null,"radar_mode_combination_7":null,"radar_mode_combination_8":null,"radar_mode_combination_9":null,"radar_mode_mnemonic_combination_1":"L:SCI:SV:05W+---:FS:B4:D09","radar_mode_mnemonic_combination_2":null,"radar_mode_mnemonic_combination_3":null,"radar_mode_mnemonic_combination_4":null,"radar_mode_mnemonic_combination_5":null,"radar_mode_mnemonic_combination_6":null,"radar_mode_mnemonic_combination_7":null,"radar_mode_mnemonic_combination_8":null,"radar_mode_mnemonic_combination_9":null,"date_cycle_popup":"2025-10-01 | Cycle A\n2025-10-13 | Cycle A\n2025-10-25 | Cycle A\n2025-11-06 | Cycle A\n2025-11-18 | Cycle A\n2025-11-30 | Cycle A\n2025-12-12 | Cycle A\n2025-12-24 | Cycle A\n2026-01-05 | Cycle A\n2026-01-17 | Cycle A\n2026-01-29 | Cycle A\n2026-02-10 | Cycle A\n2026-02-22 | Cycle A\n2026-03-06 | Cycle A\n2026-03-18 | Cycle A\n2026-03-30 | Cycle A\n2026-04-11 | Cycle A\n2026-04-23 | Cycle A\n2026-05-05 | Cycle A\n2026-05-17 | Cycle A\n2026-05-29 | Cycle A\n2026-06-10 | Cycle A\n2026-06-22 | Cycle A\n2026-07-04 | Cycle A\n2026-07-16 | Cycle A\n2026-07-28 | Cycle A\n2026-08-09 | Cycle A\n2026-08-21 | Cycle A\n2026-09-02 | Cycle A\n2026-09-14 | Cycle A\n2026-09-26 | Cycle A\n2026-10-08 | Cycle A\n2026-10-20 | Cycle A\n2026-11-01 | Cycle A\n2026-11-13 | Cycle A\n2026-11-25 | Cycle A\n2026-12-07 | Cycle A\n2026-12-19 | Cycle A\n2026-12-31 | Cycle A","mixed_mode":"no","l_band":"yes","ls_band":"no","s_band":"no","SH":0,"SV":1,"DH":0,"DV":0,"QP":0,"CP":0,"QD":0,"QQ":0,"bw_40":"no","bw_20":"no","bw_77":"no","bw_max_5":"yes","visualization":"F0","Shape__Area":642276971524.0625,"Shape__Length":3207267.4988222271,"tracks":113,"frames":124}},{"type":"Feature","id":15285,"geometry":{"type":"Polygon","coordinates":[[[-112.384934719,-76.601567664],[-112.781973326,-76.059580445],[-113.154947251,-75.517144005],[-113.506452941,-74.97430099],[-109.215555059,-74.747411508],[-107.593902171,-74.6383216799999],[-104.959425787,-74.432235627],[-104.316452733,-74.960943205],[-103.632014073,-75.4880101159999],[-102.901567347,-76.0132568179999],[-102.119909811,-76.536476237],[-105.129736688,-76.768235978],[-106.993893075,-76.890595891],[-111.960803798,-77.143055627],[-112.384934719,-76.601567664]]]},"properties":{"fid":15285,"track":5,"frame":140,"dates":"2025-10-05, 2025-10-17, 2025-10-29, 2025-11-10, 2025-11-22, 2025-12-04, 2025-12-16, 2025-12-28, 2026-01-09, 2026-01-21, 2026-02-02, 2026-02-14, 2026-02-26, 2026-03-10, 2026-03-22, 2026-04-03, 2026-04-15, 2026-04-27, 2026-05-09, 2026-05-21, 2026-06-02, 2026-06-14, 2026-06-26, 2026-07-08, 2026-07-20, 2026-08-01, 2026-08-13, 2026-08-25, 2026-09-06, 2026-09-18, 2026-09-30, 2026-10-12, 2026-10-24, 2026-11-05, 2026-11-17, 2026-11-29, 2026-12-11, 2026-12-23","acquisition_time":"14:00:52","date_mode_popup":"2025-10-05 | 153,150\n2025-10-17 | 153,150\n2025-10-29 | 153,150\n2025-11-10 | 153,150\n2025-11-22 | 153,150\n2025-12-04 | 153,150\n2025-12-16 | 153,150\n2025-12-28 | 153,150\n2026-01-09 | 153,150\n2026-01-21 | 153,150\n2026-02-02 | 153,150\n2026-02-14 | 153,150\n2026-02-26 | 153,150\n2026-03-10 | 153,150\n2026-03-22 | 153,150\n2026-04-03 | 153,150\n2026-04-15 | 153,150\n2026-04-27 | 153,150\n2026-05-09 | 153,150\n2026-05-21 | 153,150\n2026-06-02 | 153,150\n2026-06-14 | 153,150\n2026-06-26 | 153,150\n2026-07-08 | 153,150\n2026-07-20 | 153,150\n2026-08-01 | 153,150\n2026-08-13 | 153,150\n2026-08-25 | 153,150\n2026-09-06 | 153,150\n2026-09-18 | 153,150\n2026-09-30 | 153,150\n2026-10-12 | 153,150\n2026-10-24 | 153,150\n2026-11-05 | 153,150\n2026-11-17 | 153,150\n2026-11-29 | 153,150\n2026-12-11 | 153,150\n2026-12-23 | 153,150","producerifg":1,"producerunw":1,"produceroff":1,"producegunw":1,"producegoff":1,"producerslc":1,"producegslc":1,"producegcov":1,"producesmst":0,"passdirection":"Ascending","unique_radar_mode_list":"150, 153","unique_radar_mode_mnemonic_list":"L:SCI:SH:77M+---:HS:B4:D02, L:SCI:SV:05W+---:FS:B4:D09","number_combos":1,"mode_change":"no","radar_mode_combination_1":"153,150","radar_mode_combination_2":null,"radar_mode_combination_3":null,"radar_mode_combination_4":null,"radar_mode_combination_5":null,"radar_mode_combination_6":null,"radar_mode_combination_7":null,"radar_mode_combination_8":null,"radar_mode_combination_9":null,"radar_mode_mnemonic_combination_1":"L:SCI:SV:05W+---:FS:B4:D09,L:SCI:SH:77M+---:HS:B4:D02","radar_mode_mnemonic_combination_2":null,"radar_mode_mnemonic_combination_3":null,"radar_mode_mnemonic_combination_4":null,"radar_mode_mnemonic_combination_5":null,"radar_mode_mnemonic_combination_6":null,"radar_mode_mnemonic_combination_7":null,"radar_mode_mnemonic_combination_8":null,"radar_mode_mnemonic_combination_9":null,"date_cycle_popup":"2025-10-05 | Cycle A\n2025-10-17 | Cycle A\n2025-10-29 | Cycle A\n2025-11-10 | Cycle A\n2025-11-22 | Cycle A\n2025-12-04 | Cycle A\n2025-12-16 | Cycle A\n2025-12-28 | Cycle A\n2026-01-09 | Cycle A\n2026-01-21 | Cycle A\n2026-02-02 | Cycle A\n2026-02-14 | Cycle A\n2026-02-26 | Cycle A\n2026-03-10 | Cycle A\n2026-03-22 | Cycle A\n2026-04-03 | Cycle A\n2026-04-15 | Cycle A\n2026-04-27 | Cycle A\n2026-05-09 | Cycle A\n2026-05-21 | Cycle A\n2026-06-02 | Cycle A\n2026-06-14 | Cycle A\n2026-06-26 | Cycle A\n2026-07-08 | Cycle A\n2026-07-20 | Cycle A\n2026-08-01 | Cycle A\n2026-08-13 | Cycle A\n2026-08-25 | Cycle A\n2026-09-06 | Cycle A\n2026-09-18 | Cycle A\n2026-09-30 | Cycle A\n2026-10-12 | Cycle A\n2026-10-24 | Cycle A\n2026-11-05 | Cycle A\n2026-11-17 | Cycle A\n2026-11-29 | Cycle A\n2026-12-11 | Cycle A\n2026-12-23 | Cycle A","mixed_mode":"yes","l_band":"yes","ls_band":"no","s_band":"no","SH":1,"SV":1,"DH":0,"DV":0,"QP":0,"CP":0,"QD":0,"QQ":0,"bw_40":"no","bw_20":"no","bw_77":"yes","bw_max_5":"yes","visualization":"F1","Shape__Area":1060740535580.9063,"Shape__Length":4122206.02029442,"tracks":5,"frames":140}},{"type":"Feature","id":3426,"geometry":{"type":"Polygon","coordinates":[[[-133.422493144,-72.874475081],[-129.631037526,-72.66488849],[-128.191766163,-72.5650785599999],[-125.844236609,-72.377278242],[-125.317673691,-72.9213059909999],[-124.761417037,-73.464150579],[-124.172511227,-74.005697732],[-123.547608018,-74.5458172789999],[-126.19958547,-74.753133644],[-127.832453998,-74.8628623559999],[-132.154344627,-75.0910025319999],[-132.497130113,-74.537379699],[-132.821563919,-73.983398417],[-133.129484018,-73.42908833],[-133.422493144,-72.874475081]]]},"properties":{"fid":3426,"track":49,"frame":141,"dates":"2025-09-26, 2025-10-08, 2025-10-20, 2025-11-01, 2025-11-13, 2025-11-25, 2025-12-07, 2025-12-19, 2025-12-31, 2026-01-12, 2026-01-24, 2026-02-05, 2026-02-17, 2026-03-01, 2026-03-13, 2026-03-25, 2026-04-06, 2026-04-18, 2026-04-30, 2026-05-12, 2026-05-24, 2026-06-05, 2026-06-17, 2026-06-29, 2026-07-11, 2026-07-23, 2026-08-04, 2026-08-16, 2026-08-28, 2026-09-09, 2026-09-21, 2026-10-03, 2026-10-15, 2026-10-27, 2026-11-08, 2026-11-20, 2026-12-02, 2026-12-14, 2026-12-26","acquisition_time":"15:15:40","date_mode_popup":"2025-09-26 | 150,153\n2025-10-08 | 150,153\n2025-10-20 | 150,153\n2025-11-01 | 150,153\n2025-11-13 | 150,153\n2025-11-25 | 150,153\n2025-12-07 | 150,153\n2025-12-19 | 150,153\n2025-12-31 | 150,153\n2026-01-12 | 150,153\n2026-01-24 | 150,153\n2026-02-05 | 150,153\n2026-02-17 | 150,153\n2026-03-01 | 150,153\n2026-03-13 | 150,153\n2026-03-25 | 150,153\n2026-04-06 | 150,153\n2026-04-18 | 150,153\n2026-04-30 | 150,153\n2026-05-12 | 150,153\n2026-05-24 | 150,153\n2026-06-05 | 150,153\n2026-06-17 | 150,153\n2026-06-29 | 150,153\n2026-07-11 | 150,153\n2026-07-23 | 150,153\n2026-08-04 | 150,153\n2026-08-16 | 150,153\n2026-08-28 | 150,153\n2026-09-09 | 150,153\n2026-09-21 | 150,153\n2026-10-03 | 150,153\n2026-10-15 | 150,153\n2026-10-27 | 150,153\n2026-11-08 | 150,153\n2026-11-20 | 150,153\n2026-12-02 | 150,153\n2026-12-14 | 150,153\n2026-12-26 | 150,153","producerifg":1,"producerunw":1,"produceroff":1,"producegunw":1,"producegoff":1,"producerslc":1,"producegslc":1,"producegcov":1,"producesmst":0,"passdirection":"Ascending","unique_radar_mode_list":"150, 153","unique_radar_mode_mnemonic_list":"L:SCI:SH:77M+---:HS:B4:D02, L:SCI:SV:05W+---:FS:B4:D09","number_combos":1,"mode_change":"no","radar_mode_combination_1":"150,153","radar_mode_combination_2":null,"radar_mode_combination_3":null,"radar_mode_combination_4":null,"radar_mode_combination_5":null,"radar_mode_combination_6":null,"radar_mode_combination_7":null,"radar_mode_combination_8":null,"radar_mode_combination_9":null,"radar_mode_mnemonic_combination_1":"L:SCI:SH:77M+---:HS:B4:D02,L:SCI:SV:05W+---:FS:B4:D09","radar_mode_mnemonic_combination_2":null,"radar_mode_mnemonic_combination_3":null,"radar_mode_mnemonic_combination_4":null,"radar_mode_mnemonic_combination_5":null,"radar_mode_mnemonic_combination_6":null,"radar_mode_mnemonic_combination_7":null,"radar_mode_mnemonic_combination_8":null,"radar_mode_mnemonic_combination_9":null,"date_cycle_popup":"2025-09-26 | Cycle A\n2025-10-08 | Cycle A\n2025-10-20 | Cycle A\n2025-11-01 | Cycle A\n2025-11-13 | Cycle A\n2025-11-25 | Cycle A\n2025-12-07 | Cycle A\n2025-12-19 | Cycle A\n2025-12-31 | Cycle A\n2026-01-12 | Cycle A\n2026-01-24 | Cycle A\n2026-02-05 | Cycle A\n2026-02-17 | Cycle A\n2026-03-01 | Cycle A\n2026-03-13 | Cycle A\n2026-03-25 | Cycle A\n2026-04-06 | Cycle A\n2026-04-18 | Cycle A\n2026-04-30 | Cycle A\n2026-05-12 | Cycle A\n2026-05-24 | Cycle A\n2026-06-05 | Cycle A\n2026-06-17 | Cycle A\n2026-06-29 | Cycle A\n2026-07-11 | Cycle A\n2026-07-23 | Cycle A\n2026-08-04 | Cycle A\n2026-08-16 | Cycle A\n2026-08-28 | Cycle A\n2026-09-09 | Cycle A\n2026-09-21 | Cycle A\n2026-10-03 | Cycle A\n2026-10-15 | Cycle A\n2026-10-27 | Cycle A\n2026-11-08 | Cycle A\n2026-11-20 | Cycle A\n2026-12-02 | Cycle A\n2026-12-14 | Cycle A\n2026-12-26 | Cycle A","mixed_mode":"yes","l_band":"yes","ls_band":"no","s_band":"no","SH":1,"SV":1,"DH":0,"DV":0,"QP":0,"CP":0,"QD":0,"QQ":0,"bw_40":"no","bw_20":"no","bw_77":"yes","bw_max_5":"yes","visualization":"F1","Shape__Area":829474614828.92188,"Shape__Length":3644297.0783711327,"tracks":49,"frames":141}},{"type":"Feature","id":7837,"geometry":{"type":"Polygon","coordinates":[[[-82.6036546289999,-76.601457735],[-83.027928161,-77.142938485],[-87.9942686269999,-76.890463423],[-89.8582161369999,-76.768102625],[-92.867713532,-76.536347106],[-92.085988287,-76.013135538],[-91.355477241,-75.4878965],[-90.670977421,-74.9608370919999],[-90.027946174,-74.432136891],[-87.393722785,-74.6382198319999],[-85.7722291759999,-74.74731043],[-81.481764094,-74.974211842],[-81.833385602,-75.51704804],[-82.206483334,-76.059477567],[-82.6036546289999,-76.601457735]]]},"properties":{"fid":7837,"track":97,"frame":126,"dates":"2025-09-29, 2025-10-11, 2025-10-23, 2025-11-04, 2025-11-16, 2025-11-28, 2025-12-10, 2025-12-22, 2026-01-03, 2026-01-15, 2026-01-27, 2026-02-08, 2026-02-20, 2026-03-04, 2026-03-16, 2026-03-28, 2026-04-09, 2026-04-21, 2026-05-03, 2026-05-15, 2026-05-27, 2026-06-08, 2026-06-20, 2026-07-02, 2026-07-14, 2026-07-26, 2026-08-07, 2026-08-19, 2026-08-31, 2026-09-12, 2026-09-24, 2026-10-06, 2026-10-18, 2026-10-30, 2026-11-11, 2026-11-23, 2026-12-05, 2026-12-17, 2026-12-29","acquisition_time":"23:01:20","date_mode_popup":"2025-09-29 | 150\n2025-10-11 | 150\n2025-10-23 | 150\n2025-11-04 | 150\n2025-11-16 | 150\n2025-11-28 | 150\n2025-12-10 | 150\n2025-12-22 | 150\n2026-01-03 | 150\n2026-01-15 | 150\n2026-01-27 | 150\n2026-02-08 | 150\n2026-02-20 | 150\n2026-03-04 | 150\n2026-03-16 | 150\n2026-03-28 | 150\n2026-04-09 | 150\n2026-04-21 | 150\n2026-05-03 | 150\n2026-05-15 | 150\n2026-05-27 | 150\n2026-06-08 | 150\n2026-06-20 | 150\n2026-07-02 | 150\n2026-07-14 | 150\n2026-07-26 | 150\n2026-08-07 | 150\n2026-08-19 | 150\n2026-08-31 | 150\n2026-09-12 | 150\n2026-09-24 | 150\n2026-10-06 | 150\n2026-10-18 | 150\n2026-10-30 | 150\n2026-11-11 | 150\n2026-11-23 | 150\n2026-12-05 | 150\n2026-12-17 | 150\n2026-12-29 | 150","producerifg":1,"producerunw":1,"produceroff":1,"producegunw":1,"producegoff":1,"producerslc":1,"producegslc":1,"producegcov":1,"producesmst":0,"passdirection":"Descending","unique_radar_mode_list":"150","unique_radar_mode_mnemonic_list":"L:SCI:SH:77M+---:HS:B4:D02","number_combos":1,"mode_change":"no","radar_mode_combination_1":"150","radar_mode_combination_2":null,"radar_mode_combination_3":null,"radar_mode_combination_4":null,"radar_mode_combination_5":null,"radar_mode_combination_6":null,"radar_mode_combination_7":null,"radar_mode_combination_8":null,"radar_mode_combination_9":null,"radar_mode_mnemonic_combination_1":"L:SCI:SH:77M+---:HS:B4:D02","radar_mode_mnemonic_combination_2":null,"radar_mode_mnemonic_combination_3":null,"radar_mode_mnemonic_combination_4":null,"radar_mode_mnemonic_combination_5":null,"radar_mode_mnemonic_combination_6":null,"radar_mode_mnemonic_combination_7":null,"radar_mode_mnemonic_combination_8":null,"radar_mode_mnemonic_combination_9":null,"date_cycle_popup":"2025-09-29 | Cycle A\n2025-10-11 | Cycle A\n2025-10-23 | Cycle A\n2025-11-04 | Cycle A\n2025-11-16 | Cycle A\n2025-11-28 | Cycle A\n2025-12-10 | Cycle A\n2025-12-22 | Cycle A\n2026-01-03 | Cycle A\n2026-01-15 | Cycle A\n2026-01-27 | Cycle A\n2026-02-08 | Cycle A\n2026-02-20 | Cycle A\n2026-03-04 | Cycle A\n2026-03-16 | Cycle A\n2026-03-28 | Cycle A\n2026-04-09 | Cycle A\n2026-04-21 | Cycle A\n2026-05-03 | Cycle A\n2026-05-15 | Cycle A\n2026-05-27 | Cycle A\n2026-06-08 | Cycle A\n2026-06-20 | Cycle A\n2026-07-02 | Cycle A\n2026-07-14 | Cycle A\n2026-07-26 | Cycle A\n2026-08-07 | Cycle A\n2026-08-19 | Cycle A\n2026-08-31 | Cycle A\n2026-09-12 | Cycle A\n2026-09-24 | Cycle A\n2026-10-06 | Cycle A\n2026-10-18 | Cycle A\n2026-10-30 | Cycle A\n2026-11-11 | Cycle A\n2026-11-23 | Cycle A\n2026-12-05 | Cycle A\n2026-12-17 | Cycle A\n2026-12-29 | Cycle A","mixed_mode":"no","l_band":"yes","ls_band":"no","s_band":"no","SH":1,"SV":0,"DH":0,"DV":0,"QP":0,"CP":0,"QD":0,"QQ":0,"bw_40":"no","bw_20":"no","bw_77":"yes","bw_max_5":"no","visualization":"F0","Shape__Area":1060624239796.3828,"Shape__Length":4121975.2361947917,"tracks":97,"frames":126}},{"type":"Feature","id":798,"geometry":{"type":"Polygon","coordinates":[[[-128.969216329,-73.429018403],[-129.262164171,-72.874408418],[-125.470571311,-72.664843977],[-124.03124722,-72.565041301],[-121.683631016,-72.377251445],[-121.15711861,-72.921277574],[-120.600915818,-73.464120758],[-120.012067554,-74.005666747],[-119.387225927,-74.54578542],[-122.039306283,-74.753089465],[-123.672237126,-74.8628096099999],[-127.9942882,-75.090923542],[-128.336998201,-74.5373035819999],[-128.661361762,-73.983325334],[-128.969216329,-73.429018403]]]},"properties":{"fid":798,"track":20,"frame":141,"dates":"2025-09-24, 2025-10-06, 2025-10-18, 2025-10-30, 2025-11-11, 2025-11-23, 2025-12-05, 2025-12-17, 2025-12-29, 2026-01-10, 2026-01-22, 2026-02-03, 2026-02-15, 2026-02-27, 2026-03-11, 2026-03-23, 2026-04-04, 2026-04-16, 2026-04-28, 2026-05-10, 2026-05-22, 2026-06-03, 2026-06-15, 2026-06-27, 2026-07-09, 2026-07-21, 2026-08-02, 2026-08-14, 2026-08-26, 2026-09-07, 2026-09-19, 2026-10-01, 2026-10-13, 2026-10-25, 2026-11-06, 2026-11-18, 2026-11-30, 2026-12-12, 2026-12-24","acquisition_time":"14:57:56, 14:57:52","date_mode_popup":"2025-09-24 | 150,153\n2025-10-06 | 150,153\n2025-10-18 | 150,153\n2025-10-30 | 150,153\n2025-11-11 | 150,153\n2025-11-23 | 150,153\n2025-12-05 | 150,153\n2025-12-17 | 150,153\n2025-12-29 | 150,153\n2026-01-10 | 150,153\n2026-01-22 | 150,153\n2026-02-03 | 150,153\n2026-02-15 | 150,153\n2026-02-27 | 246,76\n2026-03-11 | 246,76\n2026-03-23 | 150,153\n2026-04-04 | 150,153\n2026-04-16 | 150,153\n2026-04-28 | 150,153\n2026-05-10 | 150,153\n2026-05-22 | 150,153\n2026-06-03 | 150,153\n2026-06-15 | 150,153\n2026-06-27 | 150,153\n2026-07-09 | 150,153\n2026-07-21 | 150,153\n2026-08-02 | 150,153\n2026-08-14 | 150,153\n2026-08-26 | 246,76\n2026-09-07 | 246,76\n2026-09-19 | 150,153\n2026-10-01 | 150,153\n2026-10-13 | 150,153\n2026-10-25 | 150,153\n2026-11-06 | 150,153\n2026-11-18 | 150,153\n2026-11-30 | 150,153\n2026-12-12 | 150,153\n2026-12-24 | 150,153","producerifg":1,"producerunw":1,"produceroff":1,"producegunw":1,"producegoff":1,"producerslc":1,"producegslc":1,"producegcov":1,"producesmst":0,"passdirection":"Ascending","unique_radar_mode_list":"150, 153, 246, 76","unique_radar_mode_mnemonic_list":"L:SCI:SH:77M+---:HS:B4:D02, L:SCI:SH:77M+---:HS:B4:D02  S:--:SH:37W:B4, L:SCI:SV:05W+---:FS:B4:D09, S:DB:SH:37W:B4:D10","number_combos":2,"mode_change":"yes","radar_mode_combination_1":"150,153","radar_mode_combination_2":"246,76","radar_mode_combination_3":null,"radar_mode_combination_4":null,"radar_mode_combination_5":null,"radar_mode_combination_6":null,"radar_mode_combination_7":null,"radar_mode_combination_8":null,"radar_mode_combination_9":null,"radar_mode_mnemonic_combination_1":"L:SCI:SH:77M+---:HS:B4:D02,L:SCI:SV:05W+---:FS:B4:D09","radar_mode_mnemonic_combination_2":"L:SCI:SH:77M+---:HS:B4:D02  S:--:SH:37W:B4,S:DB:SH:37W:B4:D10","radar_mode_mnemonic_combination_3":null,"radar_mode_mnemonic_combination_4":null,"radar_mode_mnemonic_combination_5":null,"radar_mode_mnemonic_combination_6":null,"radar_mode_mnemonic_combination_7":null,"radar_mode_mnemonic_combination_8":null,"radar_mode_mnemonic_combination_9":null,"date_cycle_popup":"2025-09-24 | Cycle A\n2025-10-06 | Cycle A\n2025-10-18 | Cycle A\n2025-10-30 | Cycle A\n2025-11-11 | Cycle A\n2025-11-23 | Cycle A\n2025-12-05 | Cycle A\n2025-12-17 | Cycle A\n2025-12-29 | Cycle A\n2026-01-10 | Cycle A\n2026-01-22 | Cycle A\n2026-02-03 | Cycle A\n2026-02-15 | Cycle A\n2026-02-27 | Cycle B\n2026-03-11 | Cycle B\n2026-03-23 | Cycle A\n2026-04-04 | Cycle A\n2026-04-16 | Cycle A\n2026-04-28 | Cycle A\n2026-05-10 | Cycle A\n2026-05-22 | Cycle A\n2026-06-03 | Cycle A\n2026-06-15 | Cycle A\n2026-06-27 | Cycle A\n2026-07-09 | Cycle A\n2026-07-21 | Cycle A\n2026-08-02 | Cycle A\n2026-08-14 | Cycle A\n2026-08-26 | Cycle B\n2026-09-07 | Cycle B\n2026-09-19 | Cycle A\n2026-10-01 | Cycle A\n2026-10-13 | Cycle A\n2026-10-25 | Cycle A\n2026-11-06 | Cycle A\n2026-11-18 | Cycle A\n2026-11-30 | Cycle A\n2026-12-12 | Cycle A\n2026-12-24 | Cycle A","mixed_mode":"yes","l_band":"yes","ls_band":"yes","s_band":"no","SH":1,"SV":1,"DH":0,"DV":0,"QP":0,"CP":0,"QD":0,"QQ":0,"bw_40":"no","bw_20":"no","bw_77":"yes","bw_max_5":"yes","visualization":"S1","Shape__Area":829489200341.92188,"Shape__Length":3644330.2353450921,"tracks":20,"frames":141}},{"type":"Feature","id":4634,"geometry":{"type":"Polygon","coordinates":[[[-96.136274279,-76.0595516619999],[-96.5091942509999,-75.517120126],[-96.860649869,-74.974282202],[-92.5695296229999,-74.747413111],[-90.947792782,-74.638329103],[-88.313180495,-74.432250285],[-87.6702489099999,-74.960954272],[-86.98585475,-75.488017875],[-86.2554558959999,-76.013261578],[-85.47384999,-76.536478337],[-88.483826114,-76.768229127],[-90.348074434,-76.890582023],[-95.315226395,-77.143017669],[-95.739294009,-76.601534181],[-96.136274279,-76.0595516619999]]]},"properties":{"fid":4634,"track":62,"frame":140,"dates":"2025-09-27, 2025-10-09, 2025-10-21, 2025-11-02, 2025-11-14, 2025-11-26, 2025-12-08, 2025-12-20, 2026-01-01, 2026-01-13, 2026-01-25, 2026-02-06, 2026-02-18, 2026-03-02, 2026-03-14, 2026-03-26, 2026-04-07, 2026-04-19, 2026-05-01, 2026-05-13, 2026-05-25, 2026-06-06, 2026-06-18, 2026-06-30, 2026-07-12, 2026-07-24, 2026-08-05, 2026-08-17, 2026-08-29, 2026-09-10, 2026-09-22, 2026-10-04, 2026-10-16, 2026-10-28, 2026-11-09, 2026-11-21, 2026-12-03, 2026-12-15, 2026-12-27","acquisition_time":"12:50:52","date_mode_popup":"2025-09-27 | 150\n2025-10-09 | 150\n2025-10-21 | 150\n2025-11-02 | 150\n2025-11-14 | 150\n2025-11-26 | 150\n2025-12-08 | 150\n2025-12-20 | 150\n2026-01-01 | 150\n2026-01-13 | 150\n2026-01-25 | 150\n2026-02-06 | 150\n2026-02-18 | 150\n2026-03-02 | 246\n2026-03-14 | 246\n2026-03-26 | 150\n2026-04-07 | 150\n2026-04-19 | 150\n2026-05-01 | 150\n2026-05-13 | 150\n2026-05-25 | 150\n2026-06-06 | 150\n2026-06-18 | 150\n2026-06-30 | 150\n2026-07-12 | 150\n2026-07-24 | 150\n2026-08-05 | 150\n2026-08-17 | 150\n2026-08-29 | 246\n2026-09-10 | 246\n2026-09-22 | 150\n2026-10-04 | 150\n2026-10-16 | 150\n2026-10-28 | 150\n2026-11-09 | 150\n2026-11-21 | 150\n2026-12-03 | 150\n2026-12-15 | 150\n2026-12-27 | 150","producerifg":1,"producerunw":1,"produceroff":1,"producegunw":1,"producegoff":1,"producerslc":1,"producegslc":1,"producegcov":1,"producesmst":0,"passdirection":"Ascending","unique_radar_mode_list":"150, 246","unique_radar_mode_mnemonic_list":"L:SCI:SH:77M+---:HS:B4:D02, L:SCI:SH:77M+---:HS:B4:D02  S:--:SH:37W:B4","number_combos":2,"mode_change":"yes","radar_mode_combination_1":"150","radar_mode_combination_2":"246","radar_mode_combination_3":null,"radar_mode_combination_4":null,"radar_mode_combination_5":null,"radar_mode_combination_6":null,"radar_mode_combination_7":null,"radar_mode_combination_8":null,"radar_mode_combination_9":null,"radar_mode_mnemonic_combination_1":"L:SCI:SH:77M+---:HS:B4:D02","radar_mode_mnemonic_combination_2":"L:SCI:SH:77M+---:HS:B4:D02  S:--:SH:37W:B4","radar_mode_mnemonic_combination_3":null,"radar_mode_mnemonic_combination_4":null,"radar_mode_mnemonic_combination_5":null,"radar_mode_mnemonic_combination_6":null,"radar_mode_mnemonic_combination_7":null,"radar_mode_mnemonic_combination_8":null,"radar_mode_mnemonic_combination_9":null,"date_cycle_popup":"2025-09-27 | Cycle A\n2025-10-09 | Cycle A\n2025-10-21 | Cycle A\n2025-11-02 | Cycle A\n2025-11-14 | Cycle A\n2025-11-26 | Cycle A\n2025-12-08 | Cycle A\n2025-12-20 | Cycle A\n2026-01-01 | Cycle A\n2026-01-13 | Cycle A\n2026-01-25 | Cycle A\n2026-02-06 | Cycle A\n2026-02-18 | Cycle A\n2026-03-02 | Cycle B\n2026-03-14 | Cycle B\n2026-03-26 | Cycle A\n2026-04-07 | Cycle A\n2026-04-19 | Cycle A\n2026-05-01 | Cycle A\n2026-05-13 | Cycle A\n2026-05-25 | Cycle A\n2026-06-06 | Cycle A\n2026-06-18 | Cycle A\n2026-06-30 | Cycle A\n2026-07-12 | Cycle A\n2026-07-24 | Cycle A\n2026-08-05 | Cycle A\n2026-08-17 | Cycle A\n2026-08-29 | Cycle B\n2026-09-10 | Cycle B\n2026-09-22 | Cycle A\n2026-10-04 | Cycle A\n2026-10-16 | Cycle A\n2026-10-28 | Cycle A\n2026-11-09 | Cycle A\n2026-11-21 | Cycle A\n2026-12-03 | Cycle A\n2026-12-15 | Cycle A\n2026-12-27 | Cycle A","mixed_mode":"no","l_band":"yes","ls_band":"yes","s_band":"no","SH":1,"SV":0,"DH":0,"DV":0,"QP":0,"CP":0,"QD":0,"QQ":0,"bw_40":"no","bw_20":"no","bw_77":"yes","bw_max_5":"no","visualization":"S0","Shape__Area":1060772663937.5703,"Shape__Length":4122271.0117200809,"tracks":62,"frames":140}},{"type":"Feature","id":3360,"geometry":{"type":"Polygon","coordinates":[[[-108.93552179,-71.906127506],[-109.188448976,-71.3633760819999],[-109.431380449,-70.820401881],[-106.024950195,-70.6231679159999],[-104.727882012,-70.530181008],[-102.60644053,-70.3560302929999],[-102.179375992,-70.891248741],[-101.731951035,-71.425643344],[-101.262385491,-71.95914655],[-100.7686911,-72.491682543],[-103.130823036,-72.6803355289999],[-104.579314847,-72.780568286],[-108.395840018,-72.990902618],[-108.671668173,-72.448641802],[-108.93552179,-71.906127506]]]},"properties":{"fid":3360,"track":48,"frame":142,"dates":"2025-09-26, 2025-10-08, 2025-10-20, 2025-11-01, 2025-11-13, 2025-11-25, 2025-12-07, 2025-12-19, 2025-12-31, 2026-01-12, 2026-01-24, 2026-02-05, 2026-02-17, 2026-03-01, 2026-03-13, 2026-03-25, 2026-04-06, 2026-04-18, 2026-04-30, 2026-05-12, 2026-05-24, 2026-06-05, 2026-06-17, 2026-06-29, 2026-07-11, 2026-07-23, 2026-08-04, 2026-08-16, 2026-08-28, 2026-09-09, 2026-09-21, 2026-10-03, 2026-10-15, 2026-10-27, 2026-11-08, 2026-11-20, 2026-12-02, 2026-12-14, 2026-12-26","acquisition_time":"13:35:20","date_mode_popup":"2025-09-26 | 150,153\n2025-10-08 | 150,153\n2025-10-20 | 150,153\n2025-11-01 | 150,153\n2025-11-13 | 150,153\n2025-11-25 | 150,153\n2025-12-07 | 150,153\n2025-12-19 | 150,153\n2025-12-31 | 150,153\n2026-01-12 | 150,153\n2026-01-24 | 150,153\n2026-02-05 | 150,153\n2026-02-17 | 150,153\n2026-03-01 | 150,153\n2026-03-13 | 150,153\n2026-03-25 | 150,153\n2026-04-06 | 150,153\n2026-04-18 | 150,153\n2026-04-30 | 150,153\n2026-05-12 | 150,153\n2026-05-24 | 150,153\n2026-06-05 | 150,153\n2026-06-17 | 150,153\n2026-06-29 | 150,153\n2026-07-11 | 150,153\n2026-07-23 | 150,153\n2026-08-04 | 150,153\n2026-08-16 | 150,153\n2026-08-28 | 150,153\n2026-09-09 | 150,153\n2026-09-21 | 150,153\n2026-10-03 | 150,153\n2026-10-15 | 150,153\n2026-10-27 | 150,153\n2026-11-08 | 150,153\n2026-11-20 | 150,153\n2026-12-02 | 150,153\n2026-12-14 | 150,153\n2026-12-26 | 150,153","producerifg":1,"producerunw":1,"produceroff":1,"producegunw":1,"producegoff":1,"producerslc":1,"producegslc":1,"producegcov":1,"producesmst":0,"passdirection":"Ascending","unique_radar_mode_list":"150, 153","unique_radar_mode_mnemonic_list":"L:SCI:SH:77M+---:HS:B4:D02, L:SCI:SV:05W+---:FS:B4:D09","number_combos":1,"mode_change":"no","radar_mode_combination_1":"150,153","radar_mode_combination_2":null,"radar_mode_combination_3":null,"radar_mode_combination_4":null,"radar_mode_combination_5":null,"radar_mode_combination_6":null,"radar_mode_combination_7":null,"radar_mode_combination_8":null,"radar_mode_combination_9":null,"radar_mode_mnemonic_combination_1":"L:SCI:SH:77M+---:HS:B4:D02,L:SCI:SV:05W+---:FS:B4:D09","radar_mode_mnemonic_combination_2":null,"radar_mode_mnemonic_combination_3":null,"radar_mode_mnemonic_combination_4":null,"radar_mode_mnemonic_combination_5":null,"radar_mode_mnemonic_combination_6":null,"radar_mode_mnemonic_combination_7":null,"radar_mode_mnemonic_combination_8":null,"radar_mode_mnemonic_combination_9":null,"date_cycle_popup":"2025-09-26 | Cycle A\n2025-10-08 | Cycle A\n2025-10-20 | Cycle A\n2025-11-01 | Cycle A\n2025-11-13 | Cycle A\n2025-11-25 | Cycle A\n2025-12-07 | Cycle A\n2025-12-19 | Cycle A\n2025-12-31 | Cycle A\n2026-01-12 | Cycle A\n2026-01-24 | Cycle A\n2026-02-05 | Cycle A\n2026-02-17 | Cycle A\n2026-03-01 | Cycle A\n2026-03-13 | Cycle A\n2026-03-25 | Cycle A\n2026-04-06 | Cycle A\n2026-04-18 | Cycle A\n2026-04-30 | Cycle A\n2026-05-12 | Cycle A\n2026-05-24 | Cycle A\n2026-06-05 | Cycle A\n2026-06-17 | Cycle A\n2026-06-29 | Cycle A\n2026-07-11 | Cycle A\n2026-07-23 | Cycle A\n2026-08-04 | Cycle A\n2026-08-16 | Cycle A\n2026-08-28 | Cycle A\n2026-09-09 | Cycle A\n2026-09-21 | Cycle A\n2026-10-03 | Cycle A\n2026-10-15 | Cycle A\n2026-10-27 | Cycle A\n2026-11-08 | Cycle A\n2026-11-20 | Cycle A\n2026-12-02 | Cycle A\n2026-12-14 | Cycle A\n2026-12-26 | Cycle A","mixed_mode":"yes","l_band":"yes","ls_band":"no","s_band":"no","SH":1,"SV":1,"DH":0,"DV":0,"QP":0,"CP":0,"QD":0,"QQ":0,"bw_40":"no","bw_20":"no","bw_77":"yes","bw_max_5":"yes","visualization":"F1","Shape__Area":642480829778.64063,"Shape__Length":3207785.8964314577,"tracks":48,"frames":142}},{"type":"Feature","id":3993,"geometry":{"type":"Polygon","coordinates":[[[-114.240257168,-77.142272766],[-119.205852547,-76.889881364],[-121.069548164,-76.76755853],[-124.078673138,-76.535871775],[-123.297148405,-76.012672777],[-122.566820901,-75.487447382],[-121.882489603,-74.960402582],[-121.239613525,-74.431717845],[-118.605703463,-74.637742122],[-116.984416996,-74.7468003669999],[-112.694550138,-74.973630233],[-113.046072711,-75.516444925],[-113.419062226,-76.0588532399999],[-113.816114689,-76.600812531],[-114.240257168,-77.142272766]]]},"properties":{"fid":3993,"track":55,"frame":126,"dates":"2025-09-27, 2025-10-09, 2025-10-21, 2025-11-02, 2025-11-14, 2025-11-26, 2025-12-08, 2025-12-20, 2026-01-01, 2026-01-13, 2026-01-25, 2026-02-06, 2026-02-18, 2026-03-02, 2026-03-14, 2026-03-26, 2026-04-07, 2026-04-19, 2026-05-01, 2026-05-13, 2026-05-25, 2026-06-06, 2026-06-18, 2026-06-30, 2026-07-12, 2026-07-24, 2026-08-05, 2026-08-17, 2026-08-29, 2026-09-10, 2026-09-22, 2026-10-04, 2026-10-16, 2026-10-28, 2026-11-09, 2026-11-21, 2026-12-03, 2026-12-15, 2026-12-27","acquisition_time":"01:06:28","date_mode_popup":"2025-09-27 | 150\n2025-10-09 | 150\n2025-10-21 | 150\n2025-11-02 | 150\n2025-11-14 | 150\n2025-11-26 | 150\n2025-12-08 | 150\n2025-12-20 | 150\n2026-01-01 | 150\n2026-01-13 | 150\n2026-01-25 | 150\n2026-02-06 | 150\n2026-02-18 | 150\n2026-03-02 | 150\n2026-03-14 | 150\n2026-03-26 | 150\n2026-04-07 | 150\n2026-04-19 | 150\n2026-05-01 | 150\n2026-05-13 | 150\n2026-05-25 | 150\n2026-06-06 | 150\n2026-06-18 | 150\n2026-06-30 | 150\n2026-07-12 | 150\n2026-07-24 | 150\n2026-08-05 | 150\n2026-08-17 | 150\n2026-08-29 | 150\n2026-09-10 | 150\n2026-09-22 | 150\n2026-10-04 | 150\n2026-10-16 | 150\n2026-10-28 | 150\n2026-11-09 | 150\n2026-11-21 | 150\n2026-12-03 | 150\n2026-12-15 | 150\n2026-12-27 | 150","producerifg":1,"producerunw":1,"produceroff":1,"producegunw":1,"producegoff":1,"producerslc":1,"producegslc":1,"producegcov":1,"producesmst":0,"passdirection":"Descending","unique_radar_mode_list":"150","unique_radar_mode_mnemonic_list":"L:SCI:SH:77M+---:HS:B4:D02","number_combos":1,"mode_change":"no","radar_mode_combination_1":"150","radar_mode_combination_2":null,"radar_mode_combination_3":null,"radar_mode_combination_4":null,"radar_mode_combination_5":null,"radar_mode_combination_6":null,"radar_mode_combination_7":null,"radar_mode_combination_8":null,"radar_mode_combination_9":null,"radar_mode_mnemonic_combination_1":"L:SCI:SH:77M+---:HS:B4:D02","radar_mode_mnemonic_combination_2":null,"radar_mode_mnemonic_combination_3":null,"radar_mode_mnemonic_combination_4":null,"radar_mode_mnemonic_combination_5":null,"radar_mode_mnemonic_combination_6":null,"radar_mode_mnemonic_combination_7":null,"radar_mode_mnemonic_combination_8":null,"radar_mode_mnemonic_combination_9":null,"date_cycle_popup":"2025-09-27 | Cycle A\n2025-10-09 | Cycle A\n2025-10-21 | Cycle A\n2025-11-02 | Cycle A\n2025-11-14 | Cycle A\n2025-11-26 | Cycle A\n2025-12-08 | Cycle A\n2025-12-20 | Cycle A\n2026-01-01 | Cycle A\n2026-01-13 | Cycle A\n2026-01-25 | Cycle A\n2026-02-06 | Cycle A\n2026-02-18 | Cycle A\n2026-03-02 | Cycle A\n2026-03-14 | Cycle A\n2026-03-26 | Cycle A\n2026-04-07 | Cycle A\n2026-04-19 | Cycle A\n2026-05-01 | Cycle A\n2026-05-13 | Cycle A\n2026-05-25 | Cycle A\n2026-06-06 | Cycle A\n2026-06-18 | Cycle A\n2026-06-30 | Cycle A\n2026-07-12 | Cycle A\n2026-07-24 | Cycle A\n2026-08-05 | Cycle A\n2026-08-17 | Cycle A\n2026-08-29 | Cycle A\n2026-09-10 | Cycle A\n2026-09-22 | Cycle A\n2026-10-04 | Cycle A\n2026-10-16 | Cycle A\n2026-10-28 | Cycle A\n2026-11-09 | Cycle A\n2026-11-21 | Cycle A\n2026-12-03 | Cycle A\n2026-12-15 | Cycle A\n2026-12-27 | Cycle A","mixed_mode":"no","l_band":"yes","ls_band":"no","s_band":"no","SH":1,"SV":0,"DH":0,"DV":0,"QP":0,"CP":0,"QD":0,"QQ":0,"bw_40":"no","bw_20":"no","bw_77":"yes","bw_max_5":"no","visualization":"F0","Shape__Area":1060378499333.4688,"Shape__Length":4121494.2545924871,"tracks":55,"frames":126}},{"type":"Feature","id":10516,"geometry":{"type":"Polygon","coordinates":[[[-88.578332635,-78.680845969],[-89.15821971,-79.2306677829999],[-95.00887798,-78.942126462],[-97.181162211,-78.801604332],[-100.655674599,-78.535390134],[-99.5903377609999,-78.012227231],[-98.6081516039999,-77.485739674],[-97.699478028,-76.956324438],[-96.8560509069999,-76.424318432],[-93.8690895349999,-76.654462002],[-92.019849979,-76.775980977],[-87.094965096,-77.026804399],[-87.5523455799999,-77.578819307],[-88.0450925649999,-78.130195191],[-88.578332635,-78.680845969]]]},"properties":{"fid":10516,"track":126,"frame":127,"dates":"2025-10-01, 2025-10-13, 2025-10-25, 2025-11-06, 2025-11-18, 2025-11-30, 2025-12-12, 2025-12-24, 2026-01-05, 2026-01-17, 2026-01-29, 2026-02-10, 2026-02-22, 2026-03-06, 2026-03-18, 2026-03-30, 2026-04-11, 2026-04-23, 2026-05-05, 2026-05-17, 2026-05-29, 2026-06-10, 2026-06-22, 2026-07-04, 2026-07-16, 2026-07-28, 2026-08-09, 2026-08-21, 2026-09-02, 2026-09-14, 2026-09-26, 2026-10-08, 2026-10-20, 2026-11-01, 2026-11-13, 2026-11-25, 2026-12-07, 2026-12-19","acquisition_time":"23:17:52","date_mode_popup":"2025-10-01 | 246,247\n2025-10-13 | 246,247\n2025-10-25 | 246,247\n2025-11-06 | 246,247\n2025-11-18 | 246,247\n2025-11-30 | 246,247\n2025-12-12 | 246,247\n2025-12-24 | 246,247\n2026-01-05 | 246,247\n2026-01-17 | 246,247\n2026-01-29 | 220,223\n2026-02-10 | 220,223\n2026-02-22 | 246,247\n2026-03-06 | 246,247\n2026-03-18 | 246,247\n2026-03-30 | 246,247\n2026-04-11 | 246,247\n2026-04-23 | 246,247\n2026-05-05 | 246,247\n2026-05-17 | 246,247\n2026-05-29 | 246,247\n2026-06-10 | 246,247\n2026-06-22 | 246,247\n2026-07-04 | 246,247\n2026-07-16 | 246,247\n2026-07-28 | 220,223\n2026-08-09 | 220,223\n2026-08-21 | 246,247\n2026-09-02 | 246,247\n2026-09-14 | 246,247\n2026-09-26 | 246,247\n2026-10-08 | 246,247\n2026-10-20 | 246,247\n2026-11-01 | 246,247\n2026-11-13 | 246,247\n2026-11-25 | 246,247\n2026-12-07 | 246,247\n2026-12-19 | 246,247","producerifg":1,"producerunw":1,"produceroff":1,"producegunw":1,"producegoff":1,"producerslc":1,"producegslc":1,"producegcov":1,"producesmst":0,"passdirection":"Descending","unique_radar_mode_list":"220, 223, 246, 247","unique_radar_mode_mnemonic_list":"L:SCI:SH:40M+05N:FS:B4:D02  S:--:SH:37W:B4, L:SCI:SH:40M+05N:FS:B4:D02  S:DB:CP:25W:B4, L:SCI:SH:77M+---:HS:B4:D02  S:--:SH:37W:B4, L:SCI:SH:77M+---:HS:B4:D02  S:DB:CP:25W:B4","number_combos":2,"mode_change":"yes","radar_mode_combination_1":"246,247","radar_mode_combination_2":"220,223","radar_mode_combination_3":null,"radar_mode_combination_4":null,"radar_mode_combination_5":null,"radar_mode_combination_6":null,"radar_mode_combination_7":null,"radar_mode_combination_8":null,"radar_mode_combination_9":null,"radar_mode_mnemonic_combination_1":"L:SCI:SH:77M+---:HS:B4:D02  S:--:SH:37W:B4,L:SCI:SH:40M+05N:FS:B4:D02  S:--:SH:37W:B4","radar_mode_mnemonic_combination_2":"L:SCI:SH:77M+---:HS:B4:D02  S:DB:CP:25W:B4,L:SCI:SH:40M+05N:FS:B4:D02  S:DB:CP:25W:B4","radar_mode_mnemonic_combination_3":null,"radar_mode_mnemonic_combination_4":null,"radar_mode_mnemonic_combination_5":null,"radar_mode_mnemonic_combination_6":null,"radar_mode_mnemonic_combination_7":null,"radar_mode_mnemonic_combination_8":null,"radar_mode_mnemonic_combination_9":null,"date_cycle_popup":"2025-10-01 | Cycle A\n2025-10-13 | Cycle A\n2025-10-25 | Cycle A\n2025-11-06 | Cycle A\n2025-11-18 | Cycle A\n2025-11-30 | Cycle A\n2025-12-12 | Cycle A\n2025-12-24 | Cycle A\n2026-01-05 | Cycle A\n2026-01-17 | Cycle A\n2026-01-29 | Cycle B\n2026-02-10 | Cycle B\n2026-02-22 | Cycle A\n2026-03-06 | Cycle A\n2026-03-18 | Cycle A\n2026-03-30 | Cycle A\n2026-04-11 | Cycle A\n2026-04-23 | Cycle A\n2026-05-05 | Cycle A\n2026-05-17 | Cycle A\n2026-05-29 | Cycle A\n2026-06-10 | Cycle A\n2026-06-22 | Cycle A\n2026-07-04 | Cycle A\n2026-07-16 | Cycle A\n2026-07-28 | Cycle B\n2026-08-09 | Cycle B\n2026-08-21 | Cycle A\n2026-09-02 | Cycle A\n2026-09-14 | Cycle A\n2026-09-26 | Cycle A\n2026-10-08 | Cycle A\n2026-10-20 | Cycle A\n2026-11-01 | Cycle A\n2026-11-13 | Cycle A\n2026-11-25 | Cycle A\n2026-12-07 | Cycle A\n2026-12-19 | Cycle A","mixed_mode":"yes","l_band":"yes","ls_band":"yes","s_band":"no","SH":1,"SV":0,"DH":0,"DV":0,"QP":0,"CP":0,"QD":0,"QQ":0,"bw_40":"yes","bw_20":"no","bw_77":"yes","bw_max_5":"no","visualization":"S1","Shape__Area":1470657076909.6094,"Shape__Length":4853561.1207285095,"tracks":126,"frames":127}},{"type":"Feature","id":11916,"geometry":{"type":"Polygon","coordinates":[[[-101.329704343,-76.600899678],[-101.753831021,-77.142363871],[-106.719630312,-76.8899688559999],[-108.58339878,-76.767642914],[-111.592636486,-76.535949121],[-110.811105358,-76.0127466549999],[-110.080772452,-75.487517721],[-109.396436602,-74.960469325],[-108.753556697,-74.4317809459999],[-106.119555481,-74.637811244],[-104.498210742,-74.746872189],[-100.20818239,-74.973705477],[-100.559691507,-75.516524138],[-100.932666842,-76.0589364209999],[-101.329704343,-76.600899678]]]},"properties":{"fid":11916,"track":141,"frame":126,"dates":"2025-10-03, 2025-10-15, 2025-10-27, 2025-11-08, 2025-11-20, 2025-12-02, 2025-12-14, 2025-12-26, 2026-01-07, 2026-01-19, 2026-01-31, 2026-02-12, 2026-02-24, 2026-03-08, 2026-03-20, 2026-04-01, 2026-04-13, 2026-04-25, 2026-05-07, 2026-05-19, 2026-05-31, 2026-06-12, 2026-06-24, 2026-07-06, 2026-07-18, 2026-07-30, 2026-08-11, 2026-08-23, 2026-09-04, 2026-09-16, 2026-09-28, 2026-10-10, 2026-10-22, 2026-11-03, 2026-11-15, 2026-11-27, 2026-12-09, 2026-12-21","acquisition_time":"00:16:40","date_mode_popup":"2025-10-03 | 150\n2025-10-15 | 150\n2025-10-27 | 150\n2025-11-08 | 150\n2025-11-20 | 150\n2025-12-02 | 150\n2025-12-14 | 150\n2025-12-26 | 150\n2026-01-07 | 150\n2026-01-19 | 150\n2026-01-31 | 150\n2026-02-12 | 150\n2026-02-24 | 150\n2026-03-08 | 150\n2026-03-20 | 150\n2026-04-01 | 150\n2026-04-13 | 150\n2026-04-25 | 150\n2026-05-07 | 150\n2026-05-19 | 150\n2026-05-31 | 150\n2026-06-12 | 150\n2026-06-24 | 150\n2026-07-06 | 150\n2026-07-18 | 150\n2026-07-30 | 150\n2026-08-11 | 150\n2026-08-23 | 150\n2026-09-04 | 150\n2026-09-16 | 150\n2026-09-28 | 150\n2026-10-10 | 150\n2026-10-22 | 150\n2026-11-03 | 150\n2026-11-15 | 150\n2026-11-27 | 150\n2026-12-09 | 150\n2026-12-21 | 150","producerifg":1,"producerunw":1,"produceroff":1,"producegunw":1,"producegoff":1,"producerslc":1,"producegslc":1,"producegcov":1,"producesmst":0,"passdirection":"Descending","unique_radar_mode_list":"150","unique_radar_mode_mnemonic_list":"L:SCI:SH:77M+---:HS:B4:D02","number_combos":1,"mode_change":"no","radar_mode_combination_1":"150","radar_mode_combination_2":null,"radar_mode_combination_3":null,"radar_mode_combination_4":null,"radar_mode_combination_5":null,"radar_mode_combination_6":null,"radar_mode_combination_7":null,"radar_mode_combination_8":null,"radar_mode_combination_9":null,"radar_mode_mnemonic_combination_1":"L:SCI:SH:77M+---:HS:B4:D02","radar_mode_mnemonic_combination_2":null,"radar_mode_mnemonic_combination_3":null,"radar_mode_mnemonic_combination_4":null,"radar_mode_mnemonic_combination_5":null,"radar_mode_mnemonic_combination_6":null,"radar_mode_mnemonic_combination_7":null,"radar_mode_mnemonic_combination_8":null,"radar_mode_mnemonic_combination_9":null,"date_cycle_popup":"2025-10-03 | Cycle A\n2025-10-15 | Cycle A\n2025-10-27 | Cycle A\n2025-11-08 | Cycle A\n2025-11-20 | Cycle A\n2025-12-02 | Cycle A\n2025-12-14 | Cycle A\n2025-12-26 | Cycle A\n2026-01-07 | Cycle A\n2026-01-19 | Cycle A\n2026-01-31 | Cycle A\n2026-02-12 | Cycle A\n2026-02-24 | Cycle A\n2026-03-08 | Cycle A\n2026-03-20 | Cycle A\n2026-04-01 | Cycle A\n2026-04-13 | Cycle A\n2026-04-25 | Cycle A\n2026-05-07 | Cycle A\n2026-05-19 | Cycle A\n2026-05-31 | Cycle A\n2026-06-12 | Cycle A\n2026-06-24 | Cycle A\n2026-07-06 | Cycle A\n2026-07-18 | Cycle A\n2026-07-30 | Cycle A\n2026-08-11 | Cycle A\n2026-08-23 | Cycle A\n2026-09-04 | Cycle A\n2026-09-16 | Cycle A\n2026-09-28 | Cycle A\n2026-10-10 | Cycle A\n2026-10-22 | Cycle A\n2026-11-03 | Cycle A\n2026-11-15 | Cycle A\n2026-11-27 | Cycle A\n2026-12-09 | Cycle A\n2026-12-21 | Cycle A","mixed_mode":"no","l_band":"yes","ls_band":"no","s_band":"no","SH":1,"SV":0,"DH":0,"DV":0,"QP":0,"CP":0,"QD":0,"QQ":0,"bw_40":"no","bw_20":"no","bw_77":"yes","bw_max_5":"no","visualization":"F0","Shape__Area":1060430458643.5469,"Shape__Length":4121596.5843902989,"tracks":141,"frames":126}},{"type":"Feature","id":1339,"geometry":{"type":"Polygon","coordinates":[[[-107.93804021,-73.982450417],[-108.262203217,-74.536398369],[-108.604695839,-75.0899888449999],[-112.926310351,-74.8620294369999],[-114.559105606,-74.752371744],[-117.211000816,-74.5451736909999],[-116.586441213,-74.005072578],[-115.997854533,-73.4635457959999],[-115.441894943,-72.920723344],[-114.91560915,-72.37671935],[-112.568122136,-72.564418008],[-111.128891436,-72.6641667119999],[-107.337595656,-72.873596371],[-107.630371244,-73.428174558],[-107.93804021,-73.982450417]]]},"properties":{"fid":1339,"track":26,"frame":125,"dates":"2025-09-25, 2025-10-07, 2025-10-19, 2025-10-31, 2025-11-12, 2025-11-24, 2025-12-06, 2025-12-18, 2025-12-30, 2026-01-11, 2026-01-23, 2026-02-04, 2026-02-16, 2026-02-28, 2026-03-12, 2026-03-24, 2026-04-05, 2026-04-17, 2026-04-29, 2026-05-11, 2026-05-23, 2026-06-04, 2026-06-16, 2026-06-28, 2026-07-10, 2026-07-22, 2026-08-03, 2026-08-15, 2026-08-27, 2026-09-08, 2026-09-20, 2026-10-02, 2026-10-14, 2026-10-26, 2026-11-07, 2026-11-19, 2026-12-01, 2026-12-13, 2026-12-25","acquisition_time":"00:47:12, 00:47:08, 00:47:56, 00:47:28","date_mode_popup":"2025-09-25 | 153,246\n2025-10-07 | 153,246\n2025-10-19 | 153,246\n2025-10-31 | 153,246\n2025-11-12 | 153,246\n2025-11-24 | 153,246\n2025-12-06 | 153,246\n2025-12-18 | 153,246\n2025-12-30 | 153,246\n2026-01-11 | 153,246\n2026-01-23 | 153,246\n2026-02-04 | 153,220\n2026-02-16 | 153,220\n2026-02-28 | 153,246\n2026-03-12 | 153,246\n2026-03-24 | 153,246\n2026-04-05 | 153,246\n2026-04-17 | 153,246\n2026-04-29 | 153,246\n2026-05-11 | 153,246\n2026-05-23 | 153,246\n2026-06-04 | 153,246\n2026-06-16 | 153,246\n2026-06-28 | 153,246\n2026-07-10 | 153,246\n2026-07-22 | 153,246\n2026-08-03 | 153,220\n2026-08-15 | 153,220\n2026-08-27 | 153,246\n2026-09-08 | 153,246\n2026-09-20 | 153,246\n2026-10-02 | 153,246\n2026-10-14 | 153,246\n2026-10-26 | 153,246\n2026-11-07 | 153,246\n2026-11-19 | 153,246\n2026-12-01 | 153,246\n2026-12-13 | 153,246\n2026-12-25 | 153,246","producerifg":1,"producerunw":1,"produceroff":1,"producegunw":1,"producegoff":1,"producerslc":1,"producegslc":1,"producegcov":1,"producesmst":0,"passdirection":"Descending","unique_radar_mode_list":"153, 220, 246","unique_radar_mode_mnemonic_list":"L:SCI:SH:77M+---:HS:B4:D02  S:--:SH:37W:B4, L:SCI:SH:77M+---:HS:B4:D02  S:DB:CP:25W:B4, L:SCI:SV:05W+---:FS:B4:D09","number_combos":2,"mode_change":"yes","radar_mode_combination_1":"153,246","radar_mode_combination_2":"153,220","radar_mode_combination_3":null,"radar_mode_combination_4":null,"radar_mode_combination_5":null,"radar_mode_combination_6":null,"radar_mode_combination_7":null,"radar_mode_combination_8":null,"radar_mode_combination_9":null,"radar_mode_mnemonic_combination_1":"L:SCI:SV:05W+---:FS:B4:D09,L:SCI:SH:77M+---:HS:B4:D02  S:--:SH:37W:B4","radar_mode_mnemonic_combination_2":"L:SCI:SV:05W+---:FS:B4:D09,L:SCI:SH:77M+---:HS:B4:D02  S:DB:CP:25W:B4","radar_mode_mnemonic_combination_3":null,"radar_mode_mnemonic_combination_4":null,"radar_mode_mnemonic_combination_5":null,"radar_mode_mnemonic_combination_6":null,"radar_mode_mnemonic_combination_7":null,"radar_mode_mnemonic_combination_8":null,"radar_mode_mnemonic_combination_9":null,"date_cycle_popup":"2025-09-25 | Cycle A\n2025-10-07 | Cycle A\n2025-10-19 | Cycle A\n2025-10-31 | Cycle A\n2025-11-12 | Cycle A\n2025-11-24 | Cycle A\n2025-12-06 | Cycle A\n2025-12-18 | Cycle A\n2025-12-30 | Cycle A\n2026-01-11 | Cycle A\n2026-01-23 | Cycle A\n2026-02-04 | Cycle B\n2026-02-16 | Cycle B\n2026-02-28 | Cycle A\n2026-03-12 | Cycle A\n2026-03-24 | Cycle A\n2026-04-05 | Cycle A\n2026-04-17 | Cycle A\n2026-04-29 | Cycle A\n2026-05-11 | Cycle A\n2026-05-23 | Cycle A\n2026-06-04 | Cycle A\n2026-06-16 | Cycle A\n2026-06-28 | Cycle A\n2026-07-10 | Cycle A\n2026-07-22 | Cycle A\n2026-08-03 | Cycle B\n2026-08-15 | Cycle B\n2026-08-27 | Cycle A\n2026-09-08 | Cycle A\n2026-09-20 | Cycle A\n2026-10-02 | Cycle A\n2026-10-14 | Cycle A\n2026-10-26 | Cycle A\n2026-11-07 | Cycle A\n2026-11-19 | Cycle A\n2026-12-01 | Cycle A\n2026-12-13 | Cycle A\n2026-12-25 | Cycle A","mixed_mode":"yes","l_band":"yes","ls_band":"yes","s_band":"no","SH":1,"SV":1,"DH":0,"DV":0,"QP":0,"CP":0,"QD":0,"QQ":0,"bw_40":"no","bw_20":"no","bw_77":"yes","bw_max_5":"yes","visualization":"S1","Shape__Area":829308638241.4375,"Shape__Length":3643932.990257124,"tracks":26,"frames":125}},{"type":"Feature","id":13980,"geometry":{"type":"Polygon","coordinates":[[[-125.102098758,-72.87433178],[-121.310347308,-72.66479358],[-119.87096221,-72.564999534],[-117.523245659,-72.3772221789999],[-116.996789502,-72.921246577],[-116.440646656,-73.4640883009999],[-115.851862392,-74.005633136],[-115.227089242,-74.54575098],[-117.879286464,-74.753040319],[-119.512287947,-74.8627503019999],[-123.834520403,-75.090833327],[-124.177147978,-74.537216501],[-124.501434842,-73.983241567],[-124.809217847,-73.428938125],[-125.102098758,-72.87433178]]]},"properties":{"fid":13980,"track":164,"frame":141,"dates":"2025-10-04, 2025-10-16, 2025-10-28, 2025-11-09, 2025-11-21, 2025-12-03, 2025-12-15, 2025-12-27, 2026-01-08, 2026-01-20, 2026-02-01, 2026-02-13, 2026-02-25, 2026-03-09, 2026-03-21, 2026-04-02, 2026-04-14, 2026-04-26, 2026-05-08, 2026-05-20, 2026-06-01, 2026-06-13, 2026-06-25, 2026-07-07, 2026-07-19, 2026-07-31, 2026-08-12, 2026-08-24, 2026-09-05, 2026-09-17, 2026-09-29, 2026-10-11, 2026-10-23, 2026-11-04, 2026-11-16, 2026-11-28, 2026-12-10, 2026-12-22","acquisition_time":"14:42:20","date_mode_popup":"2025-10-04 | 150,153\n2025-10-16 | 150,153\n2025-10-28 | 150,153\n2025-11-09 | 150,153\n2025-11-21 | 150,153\n2025-12-03 | 150,153\n2025-12-15 | 150,153\n2025-12-27 | 150,153\n2026-01-08 | 150,153\n2026-01-20 | 150,153\n2026-02-01 | 150,153\n2026-02-13 | 150,153\n2026-02-25 | 150,153\n2026-03-09 | 150,153\n2026-03-21 | 150,153\n2026-04-02 | 150,153\n2026-04-14 | 150,153\n2026-04-26 | 150,153\n2026-05-08 | 150,153\n2026-05-20 | 150,153\n2026-06-01 | 150,153\n2026-06-13 | 150,153\n2026-06-25 | 150,153\n2026-07-07 | 150,153\n2026-07-19 | 150,153\n2026-07-31 | 150,153\n2026-08-12 | 150,153\n2026-08-24 | 150,153\n2026-09-05 | 150,153\n2026-09-17 | 150,153\n2026-09-29 | 150,153\n2026-10-11 | 150,153\n2026-10-23 | 150,153\n2026-11-04 | 150,153\n2026-11-16 | 150,153\n2026-11-28 | 150,153\n2026-12-10 | 150,153\n2026-12-22 | 150,153","producerifg":1,"producerunw":1,"produceroff":1,"producegunw":1,"producegoff":1,"producerslc":1,"producegslc":1,"producegcov":1,"producesmst":0,"passdirection":"Ascending","unique_radar_mode_list":"150, 153","unique_radar_mode_mnemonic_list":"L:SCI:SH:77M+---:HS:B4:D02, L:SCI:SV:05W+---:FS:B4:D09","number_combos":1,"mode_change":"no","radar_mode_combination_1":"150,153","radar_mode_combination_2":null,"radar_mode_combination_3":null,"radar_mode_combination_4":null,"radar_mode_combination_5":null,"radar_mode_combination_6":null,"radar_mode_combination_7":null,"radar_mode_combination_8":null,"radar_mode_combination_9":null,"radar_mode_mnemonic_combination_1":"L:SCI:SH:77M+---:HS:B4:D02,L:SCI:SV:05W+---:FS:B4:D09","radar_mode_mnemonic_combination_2":null,"radar_mode_mnemonic_combination_3":null,"radar_mode_mnemonic_combination_4":null,"radar_mode_mnemonic_combination_5":null,"radar_mode_mnemonic_combination_6":null,"radar_mode_mnemonic_combination_7":null,"radar_mode_mnemonic_combination_8":null,"radar_mode_mnemonic_combination_9":null,"date_cycle_popup":"2025-10-04 | Cycle A\n2025-10-16 | Cycle A\n2025-10-28 | Cycle A\n2025-11-09 | Cycle A\n2025-11-21 | Cycle A\n2025-12-03 | Cycle A\n2025-12-15 | Cycle A\n2025-12-27 | Cycle A\n2026-01-08 | Cycle A\n2026-01-20 | Cycle A\n2026-02-01 | Cycle A\n2026-02-13 | Cycle A\n2026-02-25 | Cycle A\n2026-03-09 | Cycle A\n2026-03-21 | Cycle A\n2026-04-02 | Cycle A\n2026-04-14 | Cycle A\n2026-04-26 | Cycle A\n2026-05-08 | Cycle A\n2026-05-20 | Cycle A\n2026-06-01 | Cycle A\n2026-06-13 | Cycle A\n2026-06-25 | Cycle A\n2026-07-07 | Cycle A\n2026-07-19 | Cycle A\n2026-07-31 | Cycle A\n2026-08-12 | Cycle A\n2026-08-24 | Cycle A\n2026-09-05 | Cycle A\n2026-09-17 | Cycle A\n2026-09-29 | Cycle A\n2026-10-11 | Cycle A\n2026-10-23 | Cycle A\n2026-11-04 | Cycle A\n2026-11-16 | Cycle A\n2026-11-28 | Cycle A\n2026-12-10 | Cycle A\n2026-12-22 | Cycle A","mixed_mode":"yes","l_band":"yes","ls_band":"no","s_band":"no","SH":1,"SV":1,"DH":0,"DV":0,"QP":0,"CP":0,"QD":0,"QQ":0,"bw_40":"no","bw_20":"no","bw_77":"yes","bw_max_5":"yes","visualization":"F1","Shape__Area":829506207362.73438,"Shape__Length":3644368.8191810846,"tracks":164,"frames":141}},{"type":"Feature","id":12743,"geometry":{"type":"Polygon","coordinates":[[[-135.210019343,-73.429117171],[-135.503045357,-72.874503181],[-131.711610096,-72.664910111],[-130.272346915,-72.565097888],[-127.92483123,-72.377294031],[-127.398253662,-72.921322045],[-126.841981391,-73.464166834],[-126.253058893,-74.0057141199999],[-125.628137807,-74.5458337329999],[-128.280097758,-74.753154206],[-129.912956057,-74.8628856],[-134.234821723,-75.09103341],[-134.577628023,-74.5374099269999],[-134.902081188,-73.983427967],[-135.210019343,-73.429117171]]]},"properties":{"fid":12743,"track":150,"frame":141,"dates":"2025-10-03, 2025-10-15, 2025-10-27, 2025-11-08, 2025-11-20, 2025-12-02, 2025-12-14, 2025-12-26, 2026-01-07, 2026-01-19, 2026-01-31, 2026-02-12, 2026-02-24, 2026-03-08, 2026-03-20, 2026-04-01, 2026-04-13, 2026-04-25, 2026-05-07, 2026-05-19, 2026-05-31, 2026-06-12, 2026-06-24, 2026-07-06, 2026-07-18, 2026-07-30, 2026-08-11, 2026-08-23, 2026-09-04, 2026-09-16, 2026-09-28, 2026-10-10, 2026-10-22, 2026-11-03, 2026-11-15, 2026-11-27, 2026-12-09, 2026-12-21","acquisition_time":"15:22:44","date_mode_popup":"2025-10-03 | 150,153\n2025-10-15 | 150,153\n2025-10-27 | 150,153\n2025-11-08 | 150,153\n2025-11-20 | 150,153\n2025-12-02 | 150,153\n2025-12-14 | 150,153\n2025-12-26 | 150,153\n2026-01-07 | 150,153\n2026-01-19 | 150,153\n2026-01-31 | 150,153\n2026-02-12 | 150,153\n2026-02-24 | 246,153\n2026-03-08 | 246,153\n2026-03-20 | 150,153\n2026-04-01 | 150,153\n2026-04-13 | 150,153\n2026-04-25 | 150,153\n2026-05-07 | 150,153\n2026-05-19 | 150,153\n2026-05-31 | 150,153\n2026-06-12 | 150,153\n2026-06-24 | 150,153\n2026-07-06 | 150,153\n2026-07-18 | 150,153\n2026-07-30 | 150,153\n2026-08-11 | 150,153\n2026-08-23 | 246,153\n2026-09-04 | 246,153\n2026-09-16 | 150,153\n2026-09-28 | 150,153\n2026-10-10 | 150,153\n2026-10-22 | 150,153\n2026-11-03 | 150,153\n2026-11-15 | 150,153\n2026-11-27 | 150,153\n2026-12-09 | 150,153\n2026-12-21 | 150,153","producerifg":1,"producerunw":1,"produceroff":1,"producegunw":1,"producegoff":1,"producerslc":1,"producegslc":1,"producegcov":1,"producesmst":0,"passdirection":"Ascending","unique_radar_mode_list":"150, 153, 246","unique_radar_mode_mnemonic_list":"L:SCI:SH:77M+---:HS:B4:D02, L:SCI:SH:77M+---:HS:B4:D02  S:--:SH:37W:B4, L:SCI:SV:05W+---:FS:B4:D09","number_combos":2,"mode_change":"yes","radar_mode_combination_1":"150,153","radar_mode_combination_2":"246,153","radar_mode_combination_3":null,"radar_mode_combination_4":null,"radar_mode_combination_5":null,"radar_mode_combination_6":null,"radar_mode_combination_7":null,"radar_mode_combination_8":null,"radar_mode_combination_9":null,"radar_mode_mnemonic_combination_1":"L:SCI:SH:77M+---:HS:B4:D02,L:SCI:SV:05W+---:FS:B4:D09","radar_mode_mnemonic_combination_2":"L:SCI:SH:77M+---:HS:B4:D02  S:--:SH:37W:B4,L:SCI:SV:05W+---:FS:B4:D09","radar_mode_mnemonic_combination_3":null,"radar_mode_mnemonic_combination_4":null,"radar_mode_mnemonic_combination_5":null,"radar_mode_mnemonic_combination_6":null,"radar_mode_mnemonic_combination_7":null,"radar_mode_mnemonic_combination_8":null,"radar_mode_mnemonic_combination_9":null,"date_cycle_popup":"2025-10-03 | Cycle A\n2025-10-15 | Cycle A\n2025-10-27 | Cycle A\n2025-11-08 | Cycle A\n2025-11-20 | Cycle A\n2025-12-02 | Cycle A\n2025-12-14 | Cycle A\n2025-12-26 | Cycle A\n2026-01-07 | Cycle A\n2026-01-19 | Cycle A\n2026-01-31 | Cycle A\n2026-02-12 | Cycle A\n2026-02-24 | Cycle B\n2026-03-08 | Cycle B\n2026-03-20 | Cycle A\n2026-04-01 | Cycle A\n2026-04-13 | Cycle A\n2026-04-25 | Cycle A\n2026-05-07 | Cycle A\n2026-05-19 | Cycle A\n2026-05-31 | Cycle A\n2026-06-12 | Cycle A\n2026-06-24 | Cycle A\n2026-07-06 | Cycle A\n2026-07-18 | Cycle A\n2026-07-30 | Cycle A\n2026-08-11 | Cycle A\n2026-08-23 | Cycle B\n2026-09-04 | Cycle B\n2026-09-16 | Cycle A\n2026-09-28 | Cycle A\n2026-10-10 | Cycle A\n2026-10-22 | Cycle A\n2026-11-03 | Cycle A\n2026-11-15 | Cycle A\n2026-11-27 | Cycle A\n2026-12-09 | Cycle A\n2026-12-21 | Cycle A","mixed_mode":"yes","l_band":"yes","ls_band":"yes","s_band":"no","SH":1,"SV":1,"DH":0,"DV":0,"QP":0,"CP":0,"QD":0,"QQ":0,"bw_40":"no","bw_20":"no","bw_77":"yes","bw_max_5":"yes","visualization":"S1","Shape__Area":829474411796.48438,"Shape__Length":3644296.4185152403,"tracks":150,"frames":141}},{"type":"Feature","id":2699,"geometry":{"type":"Polygon","coordinates":[[[-121.693881776,-72.448118412],[-121.969815103,-72.990366259],[-125.785181308,-72.7800541509999],[-127.233251741,-72.679839932],[-129.594719232,-72.4912289599999],[-129.101014499,-71.958704639],[-128.631437927,-71.425213278],[-128.184001382,-70.890830669],[-127.756924837,-70.355624381],[-125.636048316,-70.529736998],[-124.33933673,-70.6227066719999],[-120.933883329,-70.8199176139999],[-121.176905663,-71.3628787279999],[-121.429928129,-71.905617121],[-121.693881776,-72.448118412]]]},"properties":{"fid":2699,"track":41,"frame":124,"dates":"2025-09-26, 2025-10-08, 2025-10-20, 2025-11-01, 2025-11-13, 2025-11-25, 2025-12-07, 2025-12-19, 2025-12-31, 2026-01-12, 2026-01-24, 2026-02-05, 2026-02-17, 2026-03-01, 2026-03-13, 2026-03-25, 2026-04-06, 2026-04-18, 2026-04-30, 2026-05-12, 2026-05-24, 2026-06-05, 2026-06-17, 2026-06-29, 2026-07-11, 2026-07-23, 2026-08-04, 2026-08-16, 2026-08-28, 2026-09-09, 2026-09-21, 2026-10-03, 2026-10-15, 2026-10-27, 2026-11-08, 2026-11-20, 2026-12-02, 2026-12-14, 2026-12-26","acquisition_time":"01:45:12, 01:45:56, 01:45:32","date_mode_popup":"2025-09-26 | 153\n2025-10-08 | 153\n2025-10-20 | 153\n2025-11-01 | 153\n2025-11-13 | 153\n2025-11-25 | 153\n2025-12-07 | 153\n2025-12-19 | 153\n2025-12-31 | 153\n2026-01-12 | 153\n2026-01-24 | 153\n2026-02-05 | 153\n2026-02-17 | 153\n2026-03-01 | 153\n2026-03-13 | 153\n2026-03-25 | 153\n2026-04-06 | 153\n2026-04-18 | 153\n2026-04-30 | 153\n2026-05-12 | 153\n2026-05-24 | 153\n2026-06-05 | 153\n2026-06-17 | 153\n2026-06-29 | 153\n2026-07-11 | 153\n2026-07-23 | 153\n2026-08-04 | 153\n2026-08-16 | 153\n2026-08-28 | 153\n2026-09-09 | 153\n2026-09-21 | 153\n2026-10-03 | 153\n2026-10-15 | 153\n2026-10-27 | 153\n2026-11-08 | 153\n2026-11-20 | 153\n2026-12-02 | 153\n2026-12-14 | 153\n2026-12-26 | 153","producerifg":0,"producerunw":0,"produceroff":0,"producegunw":0,"producegoff":0,"producerslc":1,"producegslc":1,"producegcov":1,"producesmst":0,"passdirection":"Descending","unique_radar_mode_list":"153","unique_radar_mode_mnemonic_list":"L:SCI:SV:05W+---:FS:B4:D09","number_combos":1,"mode_change":"no","radar_mode_combination_1":"153","radar_mode_combination_2":null,"radar_mode_combination_3":null,"radar_mode_combination_4":null,"radar_mode_combination_5":null,"radar_mode_combination_6":null,"radar_mode_combination_7":null,"radar_mode_combination_8":null,"radar_mode_combination_9":null,"radar_mode_mnemonic_combination_1":"L:SCI:SV:05W+---:FS:B4:D09","radar_mode_mnemonic_combination_2":null,"radar_mode_mnemonic_combination_3":null,"radar_mode_mnemonic_combination_4":null,"radar_mode_mnemonic_combination_5":null,"radar_mode_mnemonic_combination_6":null,"radar_mode_mnemonic_combination_7":null,"radar_mode_mnemonic_combination_8":null,"radar_mode_mnemonic_combination_9":null,"date_cycle_popup":"2025-09-26 | Cycle A\n2025-10-08 | Cycle A\n2025-10-20 | Cycle A\n2025-11-01 | Cycle A\n2025-11-13 | Cycle A\n2025-11-25 | Cycle A\n2025-12-07 | Cycle A\n2025-12-19 | Cycle A\n2025-12-31 | Cycle A\n2026-01-12 | Cycle A\n2026-01-24 | Cycle A\n2026-02-05 | Cycle A\n2026-02-17 | Cycle A\n2026-03-01 | Cycle A\n2026-03-13 | Cycle A\n2026-03-25 | Cycle A\n2026-04-06 | Cycle A\n2026-04-18 | Cycle A\n2026-04-30 | Cycle A\n2026-05-12 | Cycle A\n2026-05-24 | Cycle A\n2026-06-05 | Cycle A\n2026-06-17 | Cycle A\n2026-06-29 | Cycle A\n2026-07-11 | Cycle A\n2026-07-23 | Cycle A\n2026-08-04 | Cycle A\n2026-08-16 | Cycle A\n2026-08-28 | Cycle A\n2026-09-09 | Cycle A\n2026-09-21 | Cycle A\n2026-10-03 | Cycle A\n2026-10-15 | Cycle A\n2026-10-27 | Cycle A\n2026-11-08 | Cycle A\n2026-11-20 | Cycle A\n2026-12-02 | Cycle A\n2026-12-14 | Cycle A\n2026-12-26 | Cycle A","mixed_mode":"no","l_band":"yes","ls_band":"no","s_band":"no","SH":0,"SV":1,"DH":0,"DV":0,"QP":0,"CP":0,"QD":0,"QQ":0,"bw_40":"no","bw_20":"no","bw_77":"no","bw_max_5":"yes","visualization":"F0","Shape__Area":642272596142.79688,"Shape__Length":3207256.2312559048,"tracks":41,"frames":124}},{"type":"Feature","id":5367,"geometry":{"type":"Polygon","coordinates":[[[-125.856267605,-72.4481968759999],[-126.1322173,-72.990446887],[-129.947632488,-72.78012295],[-131.395719477,-72.679903796],[-133.757211528,-72.4912842689999],[-133.263486618,-71.958758554],[-132.793891104,-71.425265709],[-132.346436748,-70.890881537],[-131.91934343,-70.355673619],[-129.798445728,-70.529793834],[-128.501720094,-70.622767892],[-125.096225846,-70.8199893789999],[-125.33926174,-71.362952752],[-125.592298615,-71.905693382],[-125.856267605,-72.4481968759999]]]},"properties":{"fid":5367,"track":70,"frame":124,"dates":"2025-09-28, 2025-10-10, 2025-10-22, 2025-11-03, 2025-11-15, 2025-11-27, 2025-12-09, 2025-12-21, 2026-01-02, 2026-01-14, 2026-01-26, 2026-02-07, 2026-02-19, 2026-03-03, 2026-03-15, 2026-03-27, 2026-04-08, 2026-04-20, 2026-05-02, 2026-05-14, 2026-05-26, 2026-06-07, 2026-06-19, 2026-07-01, 2026-07-13, 2026-07-25, 2026-08-06, 2026-08-18, 2026-08-30, 2026-09-11, 2026-09-23, 2026-10-05, 2026-10-17, 2026-10-29, 2026-11-10, 2026-11-22, 2026-12-04, 2026-12-16, 2026-12-28","acquisition_time":"02:01:48, 02:01:40, 02:02:32, 02:02:04","date_mode_popup":"2025-09-28 | 153\n2025-10-10 | 153\n2025-10-22 | 153\n2025-11-03 | 153\n2025-11-15 | 153\n2025-11-27 | 153\n2025-12-09 | 153\n2025-12-21 | 153\n2026-01-02 | 153\n2026-01-14 | 153\n2026-01-26 | 153\n2026-02-07 | 153\n2026-02-19 | 153\n2026-03-03 | 153\n2026-03-15 | 153\n2026-03-27 | 153\n2026-04-08 | 153\n2026-04-20 | 153\n2026-05-02 | 153\n2026-05-14 | 153\n2026-05-26 | 153\n2026-06-07 | 153\n2026-06-19 | 153\n2026-07-01 | 153\n2026-07-13 | 153\n2026-07-25 | 153\n2026-08-06 | 153\n2026-08-18 | 153\n2026-08-30 | 153\n2026-09-11 | 153\n2026-09-23 | 153\n2026-10-05 | 153\n2026-10-17 | 153\n2026-10-29 | 153\n2026-11-10 | 153\n2026-11-22 | 153\n2026-12-04 | 153\n2026-12-16 | 153\n2026-12-28 | 153","producerifg":0,"producerunw":0,"produceroff":0,"producegunw":0,"producegoff":0,"producerslc":1,"producegslc":1,"producegcov":1,"producesmst":0,"passdirection":"Descending","unique_radar_mode_list":"153","unique_radar_mode_mnemonic_list":"L:SCI:SV:05W+---:FS:B4:D09","number_combos":1,"mode_change":"no","radar_mode_combination_1":"153","radar_mode_combination_2":null,"radar_mode_combination_3":null,"radar_mode_combination_4":null,"radar_mode_combination_5":null,"radar_mode_combination_6":null,"radar_mode_combination_7":null,"radar_mode_combination_8":null,"radar_mode_combination_9":null,"radar_mode_mnemonic_combination_1":"L:SCI:SV:05W+---:FS:B4:D09","radar_mode_mnemonic_combination_2":null,"radar_mode_mnemonic_combination_3":null,"radar_mode_mnemonic_combination_4":null,"radar_mode_mnemonic_combination_5":null,"radar_mode_mnemonic_combination_6":null,"radar_mode_mnemonic_combination_7":null,"radar_mode_mnemonic_combination_8":null,"radar_mode_mnemonic_combination_9":null,"date_cycle_popup":"2025-09-28 | Cycle A\n2025-10-10 | Cycle A\n2025-10-22 | Cycle A\n2025-11-03 | Cycle A\n2025-11-15 | Cycle A\n2025-11-27 | Cycle A\n2025-12-09 | Cycle A\n2025-12-21 | Cycle A\n2026-01-02 | Cycle A\n2026-01-14 | Cycle A\n2026-01-26 | Cycle A\n2026-02-07 | Cycle A\n2026-02-19 | Cycle A\n2026-03-03 | Cycle A\n2026-03-15 | Cycle A\n2026-03-27 | Cycle A\n2026-04-08 | Cycle A\n2026-04-20 | Cycle A\n2026-05-02 | Cycle A\n2026-05-14 | Cycle A\n2026-05-26 | Cycle A\n2026-06-07 | Cycle A\n2026-06-19 | Cycle A\n2026-07-01 | Cycle A\n2026-07-13 | Cycle A\n2026-07-25 | Cycle A\n2026-08-06 | Cycle A\n2026-08-18 | Cycle A\n2026-08-30 | Cycle A\n2026-09-11 | Cycle A\n2026-09-23 | Cycle A\n2026-10-05 | Cycle A\n2026-10-17 | Cycle A\n2026-10-29 | Cycle A\n2026-11-10 | Cycle A\n2026-11-22 | Cycle A\n2026-12-04 | Cycle A\n2026-12-16 | Cycle A\n2026-12-28 | Cycle A","mixed_mode":"no","l_band":"yes","ls_band":"no","s_band":"no","SH":0,"SV":1,"DH":0,"DV":0,"QP":0,"CP":0,"QD":0,"QQ":0,"bw_40":"no","bw_20":"no","bw_77":"no","bw_max_5":"yes","visualization":"F0","Shape__Area":642286687635.29688,"Shape__Length":3207291.614170373,"tracks":70,"frames":124}},{"type":"Feature","id":8601,"geometry":{"type":"Polygon","coordinates":[[[-90.266751354,-75.517008642],[-90.61821453,-74.9741763119999],[-86.327223772,-74.747318626],[-84.705532371,-74.6382400699999],[-82.070989592,-74.432171427],[-81.428071635,-74.960870707],[-80.7436925319999,-75.487929767],[-80.013310385,-76.013169094],[-79.231723098,-76.53638165],[-82.241603936,-76.768120381],[-84.1057891679999,-76.8904669299999],[-89.072759166,-77.1428898839999],[-89.496835142,-76.601411757],[-89.893823533,-76.059434669],[-90.266751354,-75.517008642]]]},"properties":{"fid":8601,"track":105,"frame":140,"dates":"2025-09-30, 2025-10-12, 2025-10-24, 2025-11-05, 2025-11-17, 2025-11-29, 2025-12-11, 2025-12-23, 2026-01-04, 2026-01-16, 2026-01-28, 2026-02-09, 2026-02-21, 2026-03-05, 2026-03-17, 2026-03-29, 2026-04-10, 2026-04-22, 2026-05-04, 2026-05-16, 2026-05-28, 2026-06-09, 2026-06-21, 2026-07-03, 2026-07-15, 2026-07-27, 2026-08-08, 2026-08-20, 2026-09-01, 2026-09-13, 2026-09-25, 2026-10-07, 2026-10-19, 2026-10-31, 2026-11-12, 2026-11-24, 2026-12-06, 2026-12-18, 2026-12-30","acquisition_time":"12:29:16","date_mode_popup":"2025-09-30 | 150\n2025-10-12 | 150\n2025-10-24 | 150\n2025-11-05 | 150\n2025-11-17 | 150\n2025-11-29 | 150\n2025-12-11 | 150\n2025-12-23 | 150\n2026-01-04 | 150\n2026-01-16 | 150\n2026-01-28 | 150\n2026-02-09 | 150\n2026-02-21 | 150\n2026-03-05 | 150\n2026-03-17 | 150\n2026-03-29 | 150\n2026-04-10 | 150\n2026-04-22 | 150\n2026-05-04 | 150\n2026-05-16 | 150\n2026-05-28 | 150\n2026-06-09 | 150\n2026-06-21 | 150\n2026-07-03 | 150\n2026-07-15 | 150\n2026-07-27 | 150\n2026-08-08 | 150\n2026-08-20 | 150\n2026-09-01 | 150\n2026-09-13 | 150\n2026-09-25 | 150\n2026-10-07 | 150\n2026-10-19 | 150\n2026-10-31 | 150\n2026-11-12 | 150\n2026-11-24 | 150\n2026-12-06 | 150\n2026-12-18 | 150\n2026-12-30 | 150","producerifg":1,"producerunw":1,"produceroff":1,"producegunw":1,"producegoff":1,"producerslc":1,"producegslc":1,"producegcov":1,"producesmst":0,"passdirection":"Ascending","unique_radar_mode_list":"150","unique_radar_mode_mnemonic_list":"L:SCI:SH:77M+---:HS:B4:D02","number_combos":1,"mode_change":"no","radar_mode_combination_1":"150","radar_mode_combination_2":null,"radar_mode_combination_3":null,"radar_mode_combination_4":null,"radar_mode_combination_5":null,"radar_mode_combination_6":null,"radar_mode_combination_7":null,"radar_mode_combination_8":null,"radar_mode_combination_9":null,"radar_mode_mnemonic_combination_1":"L:SCI:SH:77M+---:HS:B4:D02","radar_mode_mnemonic_combination_2":null,"radar_mode_mnemonic_combination_3":null,"radar_mode_mnemonic_combination_4":null,"radar_mode_mnemonic_combination_5":null,"radar_mode_mnemonic_combination_6":null,"radar_mode_mnemonic_combination_7":null,"radar_mode_mnemonic_combination_8":null,"radar_mode_mnemonic_combination_9":null,"date_cycle_popup":"2025-09-30 | Cycle A\n2025-10-12 | Cycle A\n2025-10-24 | Cycle A\n2025-11-05 | Cycle A\n2025-11-17 | Cycle A\n2025-11-29 | Cycle A\n2025-12-11 | Cycle A\n2025-12-23 | Cycle A\n2026-01-04 | Cycle A\n2026-01-16 | Cycle A\n2026-01-28 | Cycle A\n2026-02-09 | Cycle A\n2026-02-21 | Cycle A\n2026-03-05 | Cycle A\n2026-03-17 | Cycle A\n2026-03-29 | Cycle A\n2026-04-10 | Cycle A\n2026-04-22 | Cycle A\n2026-05-04 | Cycle A\n2026-05-16 | Cycle A\n2026-05-28 | Cycle A\n2026-06-09 | Cycle A\n2026-06-21 | Cycle A\n2026-07-03 | Cycle A\n2026-07-15 | Cycle A\n2026-07-27 | Cycle A\n2026-08-08 | Cycle A\n2026-08-20 | Cycle A\n2026-09-01 | Cycle A\n2026-09-13 | Cycle A\n2026-09-25 | Cycle A\n2026-10-07 | Cycle A\n2026-10-19 | Cycle A\n2026-10-31 | Cycle A\n2026-11-12 | Cycle A\n2026-11-24 | Cycle A\n2026-12-06 | Cycle A\n2026-12-18 | Cycle A\n2026-12-30 | Cycle A","mixed_mode":"no","l_band":"yes","ls_band":"no","s_band":"no","SH":1,"SV":0,"DH":0,"DV":0,"QP":0,"CP":0,"QD":0,"QQ":0,"bw_40":"no","bw_20":"no","bw_77":"yes","bw_max_5":"no","visualization":"F0","Shape__Area":1060719953275.7344,"Shape__Length":4122167.5119797336,"tracks":105,"frames":140}},{"type":"Feature","id":6045,"geometry":{"type":"Polygon","coordinates":[[[-112.018098976,-73.9831130149999],[-112.325814264,-73.428815024],[-112.618631812,-72.874214397],[-108.82671066,-72.664710923],[-107.387259525,-72.5649286459999],[-105.039433475,-72.377168806],[-104.513038197,-72.921189857],[-103.956960192,-73.464028641],[-103.368245134,-74.005570964],[-102.743546011,-74.545686749],[-105.395859159,-74.752955506],[-107.028929616,-74.862651768],[-111.351335075,-75.090694704],[-111.693884674,-74.537082772],[-112.018098976,-73.9831130149999]]]},"properties":{"fid":6045,"track":77,"frame":141,"dates":"2025-09-28, 2025-10-10, 2025-10-22, 2025-11-03, 2025-11-15, 2025-11-27, 2025-12-09, 2025-12-21, 2026-01-02, 2026-01-14, 2026-01-26, 2026-02-07, 2026-02-19, 2026-03-03, 2026-03-15, 2026-03-27, 2026-04-08, 2026-04-20, 2026-05-02, 2026-05-14, 2026-05-26, 2026-06-07, 2026-06-19, 2026-07-01, 2026-07-13, 2026-07-25, 2026-08-06, 2026-08-18, 2026-08-30, 2026-09-11, 2026-09-23, 2026-10-05, 2026-10-17, 2026-10-29, 2026-11-10, 2026-11-22, 2026-12-04, 2026-12-16, 2026-12-28","acquisition_time":"13:51:56","date_mode_popup":"2025-09-28 | 150\n2025-10-10 | 150\n2025-10-22 | 150\n2025-11-03 | 150\n2025-11-15 | 150\n2025-11-27 | 150\n2025-12-09 | 150\n2025-12-21 | 150\n2026-01-02 | 150\n2026-01-14 | 150\n2026-01-26 | 150\n2026-02-07 | 150\n2026-02-19 | 150\n2026-03-03 | 246\n2026-03-15 | 246\n2026-03-27 | 150\n2026-04-08 | 150\n2026-04-20 | 150\n2026-05-02 | 150\n2026-05-14 | 150\n2026-05-26 | 150\n2026-06-07 | 150\n2026-06-19 | 150\n2026-07-01 | 150\n2026-07-13 | 150\n2026-07-25 | 150\n2026-08-06 | 150\n2026-08-18 | 150\n2026-08-30 | 246\n2026-09-11 | 246\n2026-09-23 | 150\n2026-10-05 | 150\n2026-10-17 | 150\n2026-10-29 | 150\n2026-11-10 | 150\n2026-11-22 | 150\n2026-12-04 | 150\n2026-12-16 | 150\n2026-12-28 | 150","producerifg":1,"producerunw":1,"produceroff":1,"producegunw":1,"producegoff":1,"producerslc":1,"producegslc":1,"producegcov":1,"producesmst":0,"passdirection":"Ascending","unique_radar_mode_list":"150, 246","unique_radar_mode_mnemonic_list":"L:SCI:SH:77M+---:HS:B4:D02, L:SCI:SH:77M+---:HS:B4:D02  S:--:SH:37W:B4","number_combos":2,"mode_change":"yes","radar_mode_combination_1":"150","radar_mode_combination_2":"246","radar_mode_combination_3":null,"radar_mode_combination_4":null,"radar_mode_combination_5":null,"radar_mode_combination_6":null,"radar_mode_combination_7":null,"radar_mode_combination_8":null,"radar_mode_combination_9":null,"radar_mode_mnemonic_combination_1":"L:SCI:SH:77M+---:HS:B4:D02","radar_mode_mnemonic_combination_2":"L:SCI:SH:77M+---:HS:B4:D02  S:--:SH:37W:B4","radar_mode_mnemonic_combination_3":null,"radar_mode_mnemonic_combination_4":null,"radar_mode_mnemonic_combination_5":null,"radar_mode_mnemonic_combination_6":null,"radar_mode_mnemonic_combination_7":null,"radar_mode_mnemonic_combination_8":null,"radar_mode_mnemonic_combination_9":null,"date_cycle_popup":"2025-09-28 | Cycle A\n2025-10-10 | Cycle A\n2025-10-22 | Cycle A\n2025-11-03 | Cycle A\n2025-11-15 | Cycle A\n2025-11-27 | Cycle A\n2025-12-09 | Cycle A\n2025-12-21 | Cycle A\n2026-01-02 | Cycle A\n2026-01-14 | Cycle A\n2026-01-26 | Cycle A\n2026-02-07 | Cycle A\n2026-02-19 | Cycle A\n2026-03-03 | Cycle B\n2026-03-15 | Cycle B\n2026-03-27 | Cycle A\n2026-04-08 | Cycle A\n2026-04-20 | Cycle A\n2026-05-02 | Cycle A\n2026-05-14 | Cycle A\n2026-05-26 | Cycle A\n2026-06-07 | Cycle A\n2026-06-19 | Cycle A\n2026-07-01 | Cycle A\n2026-07-13 | Cycle A\n2026-07-25 | Cycle A\n2026-08-06 | Cycle A\n2026-08-18 | Cycle A\n2026-08-30 | Cycle B\n2026-09-11 | Cycle B\n2026-09-23 | Cycle A\n2026-10-05 | Cycle A\n2026-10-17 | Cycle A\n2026-10-29 | Cycle A\n2026-11-10 | Cycle A\n2026-11-22 | Cycle A\n2026-12-04 | Cycle A\n2026-12-16 | Cycle A\n2026-12-28 | Cycle A","mixed_mode":"no","l_band":"yes","ls_band":"yes","s_band":"no","SH":1,"SV":0,"DH":0,"DV":0,"QP":0,"CP":0,"QD":0,"QQ":0,"bw_40":"no","bw_20":"no","bw_77":"yes","bw_max_5":"no","visualization":"S0","Shape__Area":829518189814.08594,"Shape__Length":3644396.2905707024,"tracks":77,"frames":141}},{"type":"Feature","id":1972,"geometry":{"type":"Polygon","coordinates":[[[-90.297630801,-78.130321361],[-90.7901976219999,-77.5789407469999],[-91.2474117579999,-77.026921541],[-86.3217959899999,-76.7761249449999],[-84.4722872079999,-76.6546098169999],[-81.484899272,-76.424465216],[-80.64155684,-76.956476907],[-79.7329728939999,-77.485898301],[-78.750881615,-78.012392569],[-77.685645227,-78.535562802],[-81.160694099,-78.8017788559999],[-83.3333203609999,-78.9422965489999],[-89.1849131979999,-79.2308050519999],[-89.764586566,-78.680977387],[-90.297630801,-78.130321361]]]},"properties":{"fid":1972,"track":33,"frame":139,"dates":"2025-09-25, 2025-10-07, 2025-10-19, 2025-10-31, 2025-11-12, 2025-11-24, 2025-12-06, 2025-12-18, 2025-12-30, 2026-01-11, 2026-01-23, 2026-02-04, 2026-02-16, 2026-02-28, 2026-03-12, 2026-03-24, 2026-04-05, 2026-04-17, 2026-04-29, 2026-05-11, 2026-05-23, 2026-06-04, 2026-06-16, 2026-06-28, 2026-07-10, 2026-07-22, 2026-08-03, 2026-08-15, 2026-08-27, 2026-09-08, 2026-09-20, 2026-10-02, 2026-10-14, 2026-10-26, 2026-11-07, 2026-11-19, 2026-12-01, 2026-12-13, 2026-12-25","acquisition_time":"12:35:36","date_mode_popup":"2025-09-25 | 150\n2025-10-07 | 150\n2025-10-19 | 150\n2025-10-31 | 150\n2025-11-12 | 150\n2025-11-24 | 150\n2025-12-06 | 150\n2025-12-18 | 150\n2025-12-30 | 150\n2026-01-11 | 150\n2026-01-23 | 150\n2026-02-04 | 150\n2026-02-16 | 150\n2026-02-28 | 246\n2026-03-12 | 246\n2026-03-24 | 150\n2026-04-05 | 150\n2026-04-17 | 150\n2026-04-29 | 150\n2026-05-11 | 150\n2026-05-23 | 150\n2026-06-04 | 150\n2026-06-16 | 150\n2026-06-28 | 150\n2026-07-10 | 150\n2026-07-22 | 150\n2026-08-03 | 150\n2026-08-15 | 150\n2026-08-27 | 246\n2026-09-08 | 246\n2026-09-20 | 150\n2026-10-02 | 150\n2026-10-14 | 150\n2026-10-26 | 150\n2026-11-07 | 150\n2026-11-19 | 150\n2026-12-01 | 150\n2026-12-13 | 150\n2026-12-25 | 150","producerifg":1,"producerunw":1,"produceroff":1,"producegunw":1,"producegoff":1,"producerslc":1,"producegslc":1,"producegcov":1,"producesmst":0,"passdirection":"Ascending","unique_radar_mode_list":"150, 246","unique_radar_mode_mnemonic_list":"L:SCI:SH:77M+---:HS:B4:D02, L:SCI:SH:77M+---:HS:B4:D02  S:--:SH:37W:B4","number_combos":2,"mode_change":"yes","radar_mode_combination_1":"150","radar_mode_combination_2":"246","radar_mode_combination_3":null,"radar_mode_combination_4":null,"radar_mode_combination_5":null,"radar_mode_combination_6":null,"radar_mode_combination_7":null,"radar_mode_combination_8":null,"radar_mode_combination_9":null,"radar_mode_mnemonic_combination_1":"L:SCI:SH:77M+---:HS:B4:D02","radar_mode_mnemonic_combination_2":"L:SCI:SH:77M+---:HS:B4:D02  S:--:SH:37W:B4","radar_mode_mnemonic_combination_3":null,"radar_mode_mnemonic_combination_4":null,"radar_mode_mnemonic_combination_5":null,"radar_mode_mnemonic_combination_6":null,"radar_mode_mnemonic_combination_7":null,"radar_mode_mnemonic_combination_8":null,"radar_mode_mnemonic_combination_9":null,"date_cycle_popup":"2025-09-25 | Cycle A\n2025-10-07 | Cycle A\n2025-10-19 | Cycle A\n2025-10-31 | Cycle A\n2025-11-12 | Cycle A\n2025-11-24 | Cycle A\n2025-12-06 | Cycle A\n2025-12-18 | Cycle A\n2025-12-30 | Cycle A\n2026-01-11 | Cycle A\n2026-01-23 | Cycle A\n2026-02-04 | Cycle A\n2026-02-16 | Cycle A\n2026-02-28 | Cycle B\n2026-03-12 | Cycle B\n2026-03-24 | Cycle A\n2026-04-05 | Cycle A\n2026-04-17 | Cycle A\n2026-04-29 | Cycle A\n2026-05-11 | Cycle A\n2026-05-23 | Cycle A\n2026-06-04 | Cycle A\n2026-06-16 | Cycle A\n2026-06-28 | Cycle A\n2026-07-10 | Cycle A\n2026-07-22 | Cycle A\n2026-08-03 | Cycle A\n2026-08-15 | Cycle A\n2026-08-27 | Cycle B\n2026-09-08 | Cycle B\n2026-09-20 | Cycle A\n2026-10-02 | Cycle A\n2026-10-14 | Cycle A\n2026-10-26 | Cycle A\n2026-11-07 | Cycle A\n2026-11-19 | Cycle A\n2026-12-01 | Cycle A\n2026-12-13 | Cycle A\n2026-12-25 | Cycle A","mixed_mode":"no","l_band":"yes","ls_band":"yes","s_band":"no","SH":1,"SV":0,"DH":0,"DV":0,"QP":0,"CP":0,"QD":0,"QQ":0,"bw_40":"no","bw_20":"no","bw_77":"yes","bw_max_5":"no","visualization":"S0","Shape__Area":1470870792174.1719,"Shape__Length":4853918.5667963717,"tracks":33,"frames":139}},{"type":"Feature","id":12002,"geometry":{"type":"Polygon","coordinates":[[[-124.051073066,-72.990397083],[-127.866438757,-72.78007944],[-129.314508367,-72.679863117],[-131.675973775,-72.491248715],[-131.182258126,-71.9587231199999],[-130.712671311,-71.425230435],[-130.265225147,-70.8908464679999],[-129.838139548,-70.355638784],[-127.71726526,-70.5297543949999],[-126.420554738,-70.622725905],[-123.015103041,-70.8199416859999],[-123.258134077,-71.362904512],[-123.511165782,-71.905644602],[-123.775129261,-72.448147577],[-124.051073066,-72.990397083]]]},"properties":{"fid":12002,"track":142,"frame":124,"dates":"2025-10-03, 2025-10-15, 2025-10-27, 2025-11-08, 2025-11-20, 2025-12-02, 2025-12-14, 2025-12-26, 2026-01-07, 2026-01-19, 2026-01-31, 2026-02-12, 2026-02-24, 2026-03-08, 2026-03-20, 2026-04-01, 2026-04-13, 2026-04-25, 2026-05-07, 2026-05-19, 2026-05-31, 2026-06-12, 2026-06-24, 2026-07-06, 2026-07-18, 2026-07-30, 2026-08-11, 2026-08-23, 2026-09-04, 2026-09-16, 2026-09-28, 2026-10-10, 2026-10-22, 2026-11-03, 2026-11-15, 2026-11-27, 2026-12-09, 2026-12-21","acquisition_time":"01:53:28, 01:54:12, 01:53:48","date_mode_popup":"2025-10-03 | 153,76\n2025-10-15 | 153,76\n2025-10-27 | 153,76\n2025-11-08 | 153,76\n2025-11-20 | 153,76\n2025-12-02 | 153,76\n2025-12-14 | 153,76\n2025-12-26 | 153,76\n2026-01-07 | 153,76\n2026-01-19 | 153,76\n2026-01-31 | 153,67\n2026-02-12 | 153,67\n2026-02-24 | 153,76\n2026-03-08 | 153,76\n2026-03-20 | 153,76\n2026-04-01 | 153,76\n2026-04-13 | 153,76\n2026-04-25 | 153,76\n2026-05-07 | 153,76\n2026-05-19 | 153,76\n2026-05-31 | 153,76\n2026-06-12 | 153,76\n2026-06-24 | 153,76\n2026-07-06 | 153,76\n2026-07-18 | 153,76\n2026-07-30 | 153,67\n2026-08-11 | 153,67\n2026-08-23 | 153,76\n2026-09-04 | 153,76\n2026-09-16 | 153,76\n2026-09-28 | 153,76\n2026-10-10 | 153,76\n2026-10-22 | 153,76\n2026-11-03 | 153,76\n2026-11-15 | 153,76\n2026-11-27 | 153,76\n2026-12-09 | 153,76\n2026-12-21 | 153,76","producerifg":0,"producerunw":0,"produceroff":0,"producegunw":0,"producegoff":0,"producerslc":1,"producegslc":1,"producegcov":1,"producesmst":0,"passdirection":"Descending","unique_radar_mode_list":"153, 67, 76","unique_radar_mode_mnemonic_list":"L:SCI:SV:05W+---:FS:B4:D09, S:DB:CP:25W:B4:D10, S:DB:SH:37W:B4:D10","number_combos":2,"mode_change":"yes","radar_mode_combination_1":"153,76","radar_mode_combination_2":"153,67","radar_mode_combination_3":null,"radar_mode_combination_4":null,"radar_mode_combination_5":null,"radar_mode_combination_6":null,"radar_mode_combination_7":null,"radar_mode_combination_8":null,"radar_mode_combination_9":null,"radar_mode_mnemonic_combination_1":"L:SCI:SV:05W+---:FS:B4:D09,S:DB:SH:37W:B4:D10","radar_mode_mnemonic_combination_2":"L:SCI:SV:05W+---:FS:B4:D09,S:DB:CP:25W:B4:D10","radar_mode_mnemonic_combination_3":null,"radar_mode_mnemonic_combination_4":null,"radar_mode_mnemonic_combination_5":null,"radar_mode_mnemonic_combination_6":null,"radar_mode_mnemonic_combination_7":null,"radar_mode_mnemonic_combination_8":null,"radar_mode_mnemonic_combination_9":null,"date_cycle_popup":"2025-10-03 | Cycle A\n2025-10-15 | Cycle A\n2025-10-27 | Cycle A\n2025-11-08 | Cycle A\n2025-11-20 | Cycle A\n2025-12-02 | Cycle A\n2025-12-14 | Cycle A\n2025-12-26 | Cycle A\n2026-01-07 | Cycle A\n2026-01-19 | Cycle A\n2026-01-31 | Cycle B\n2026-02-12 | Cycle B\n2026-02-24 | Cycle A\n2026-03-08 | Cycle A\n2026-03-20 | Cycle A\n2026-04-01 | Cycle A\n2026-04-13 | Cycle A\n2026-04-25 | Cycle A\n2026-05-07 | Cycle A\n2026-05-19 | Cycle A\n2026-05-31 | Cycle A\n2026-06-12 | Cycle A\n2026-06-24 | Cycle A\n2026-07-06 | Cycle A\n2026-07-18 | Cycle A\n2026-07-30 | Cycle B\n2026-08-11 | Cycle B\n2026-08-23 | Cycle A\n2026-09-04 | Cycle A\n2026-09-16 | Cycle A\n2026-09-28 | Cycle A\n2026-10-10 | Cycle A\n2026-10-22 | Cycle A\n2026-11-03 | Cycle A\n2026-11-15 | Cycle A\n2026-11-27 | Cycle A\n2026-12-09 | Cycle A\n2026-12-21 | Cycle A","mixed_mode":"yes","l_band":"yes","ls_band":"yes","s_band":"no","SH":0,"SV":1,"DH":0,"DV":0,"QP":0,"CP":0,"QD":0,"QQ":0,"bw_40":"no","bw_20":"no","bw_77":"no","bw_max_5":"yes","visualization":"S1","Shape__Area":642276067380.0625,"Shape__Length":3207264.72654628,"tracks":142,"frames":124}},{"type":"Feature","id":6592,"geometry":{"type":"Polygon","coordinates":[[[-90.212267922,-71.905799237],[-90.476135112,-72.448303361],[-90.75197688,-72.990554177],[-94.568043984,-72.780255326],[-96.016372328,-72.680040076],[-98.378250309,-72.491420331],[-97.884588283,-71.958891881],[-97.415052432,-71.425396542],[-96.967654741,-70.8910100889999],[-96.540615295,-70.355800076],[-94.4193805849999,-70.5299215429999],[-93.1224445989999,-70.62289287],[-89.716382365,-70.820094399],[-89.9593272319999,-71.363058127],[-90.212267922,-71.905799237]]]},"properties":{"fid":6592,"track":83,"frame":124,"dates":"2025-09-28, 2025-10-10, 2025-10-22, 2025-11-03, 2025-11-15, 2025-11-27, 2025-12-09, 2025-12-21, 2026-01-02, 2026-01-14, 2026-01-26, 2026-02-07, 2026-02-19, 2026-03-03, 2026-03-15, 2026-03-27, 2026-04-08, 2026-04-20, 2026-05-02, 2026-05-14, 2026-05-26, 2026-06-07, 2026-06-19, 2026-07-01, 2026-07-13, 2026-07-25, 2026-08-06, 2026-08-18, 2026-08-30, 2026-09-11, 2026-09-23, 2026-10-05, 2026-10-17, 2026-10-29, 2026-11-10, 2026-11-22, 2026-12-04, 2026-12-16, 2026-12-28","acquisition_time":"23:40:28, 23:40:32, 23:41:24, 23:40:44","date_mode_popup":"2025-09-28 | 153,246\n2025-10-10 | 153,246\n2025-10-22 | 153,246\n2025-11-03 | 153,246\n2025-11-15 | 153,246\n2025-11-27 | 153,246\n2025-12-09 | 153,246\n2025-12-21 | 153,246\n2026-01-02 | 153,246\n2026-01-14 | 153,246\n2026-01-26 | 153,246\n2026-02-07 | 153,220\n2026-02-19 | 153,220\n2026-03-03 | 153,246\n2026-03-15 | 153,246\n2026-03-27 | 153,246\n2026-04-08 | 153,246\n2026-04-20 | 153,246\n2026-05-02 | 153,246\n2026-05-14 | 153,246\n2026-05-26 | 153,246\n2026-06-07 | 153,246\n2026-06-19 | 153,246\n2026-07-01 | 153,246\n2026-07-13 | 153,246\n2026-07-25 | 153,246\n2026-08-06 | 153,220\n2026-08-18 | 153,220\n2026-08-30 | 153,246\n2026-09-11 | 153,246\n2026-09-23 | 153,246\n2026-10-05 | 153,246\n2026-10-17 | 153,246\n2026-10-29 | 153,246\n2026-11-10 | 153,246\n2026-11-22 | 153,246\n2026-12-04 | 153,246\n2026-12-16 | 153,246\n2026-12-28 | 153,246","producerifg":1,"producerunw":1,"produceroff":1,"producegunw":1,"producegoff":1,"producerslc":1,"producegslc":1,"producegcov":1,"producesmst":0,"passdirection":"Descending","unique_radar_mode_list":"153, 220, 246","unique_radar_mode_mnemonic_list":"L:SCI:SH:77M+---:HS:B4:D02  S:--:SH:37W:B4, L:SCI:SH:77M+---:HS:B4:D02  S:DB:CP:25W:B4, L:SCI:SV:05W+---:FS:B4:D09","number_combos":2,"mode_change":"yes","radar_mode_combination_1":"153,246","radar_mode_combination_2":"153,220","radar_mode_combination_3":null,"radar_mode_combination_4":null,"radar_mode_combination_5":null,"radar_mode_combination_6":null,"radar_mode_combination_7":null,"radar_mode_combination_8":null,"radar_mode_combination_9":null,"radar_mode_mnemonic_combination_1":"L:SCI:SV:05W+---:FS:B4:D09,L:SCI:SH:77M+---:HS:B4:D02  S:--:SH:37W:B4","radar_mode_mnemonic_combination_2":"L:SCI:SV:05W+---:FS:B4:D09,L:SCI:SH:77M+---:HS:B4:D02  S:DB:CP:25W:B4","radar_mode_mnemonic_combination_3":null,"radar_mode_mnemonic_combination_4":null,"radar_mode_mnemonic_combination_5":null,"radar_mode_mnemonic_combination_6":null,"radar_mode_mnemonic_combination_7":null,"radar_mode_mnemonic_combination_8":null,"radar_mode_mnemonic_combination_9":null,"date_cycle_popup":"2025-09-28 | Cycle A\n2025-10-10 | Cycle A\n2025-10-22 | Cycle A\n2025-11-03 | Cycle A\n2025-11-15 | Cycle A\n2025-11-27 | Cycle A\n2025-12-09 | Cycle A\n2025-12-21 | Cycle A\n2026-01-02 | Cycle A\n2026-01-14 | Cycle A\n2026-01-26 | Cycle A\n2026-02-07 | Cycle B\n2026-02-19 | Cycle B\n2026-03-03 | Cycle A\n2026-03-15 | Cycle A\n2026-03-27 | Cycle A\n2026-04-08 | Cycle A\n2026-04-20 | Cycle A\n2026-05-02 | Cycle A\n2026-05-14 | Cycle A\n2026-05-26 | Cycle A\n2026-06-07 | Cycle A\n2026-06-19 | Cycle A\n2026-07-01 | Cycle A\n2026-07-13 | Cycle A\n2026-07-25 | Cycle A\n2026-08-06 | Cycle B\n2026-08-18 | Cycle B\n2026-08-30 | Cycle A\n2026-09-11 | Cycle A\n2026-09-23 | Cycle A\n2026-10-05 | Cycle A\n2026-10-17 | Cycle A\n2026-10-29 | Cycle A\n2026-11-10 | Cycle A\n2026-11-22 | Cycle A\n2026-12-04 | Cycle A\n2026-12-16 | Cycle A\n2026-12-28 | Cycle A","mixed_mode":"yes","l_band":"yes","ls_band":"yes","s_band":"no","SH":1,"SV":1,"DH":0,"DV":0,"QP":0,"CP":0,"QD":0,"QQ":0,"bw_40":"no","bw_20":"no","bw_77":"yes","bw_max_5":"yes","visualization":"S1","Shape__Area":642387484273.10156,"Shape__Length":3207549.4281157563,"tracks":83,"frames":124}}]}